id_municipio,ano,sigla_uf,regiao,prob_atingir_meta,prob_risco,atingiu_observado
1712702,2024,TO,Norte,7.015866677582536e-09,0.9999999929841333,0
1707702,2024,TO,Norte,2.3134744336348918e-08,0.9999999768652557,0
1711951,2024,TO,Norte,6.154040397942839e-08,0.999999938459596,0
2203354,2024,PI,Nordeste,2.2794863100791762e-07,0.999999772051369,0
2800209,2024,SE,Nordeste,3.386800592600975e-07,0.9999996613199408,0
1709807,2024,TO,Norte,4.3651496513251205e-07,0.9999995634850348,0
2919900,2024,BA,Nordeste,5.119175937364604e-07,0.9999994880824062,0
1710706,2024,TO,Norte,5.155927685839679e-07,0.9999994844072314,0
1703008,2024,TO,Norte,5.354859073303208e-07,0.9999994645140927,0
2805109,2024,SE,Nordeste,5.954373575930904e-07,0.9999994045626424,0
2802700,2024,SE,Nordeste,6.103154978094337e-07,0.9999993896845022,0
2805604,2024,SE,Nordeste,6.500512763963992e-07,0.9999993499487236,0
2801504,2024,SE,Nordeste,1.0647126160751631e-06,0.9999989352873839,0
2206654,2024,PI,Nordeste,1.0685780480659947e-06,0.999998931421952,0
1712405,2024,TO,Norte,1.1619175231987876e-06,0.9999988380824768,0
2505204,2024,PB,Nordeste,1.26726827810338e-06,0.9999987327317219,0
1704600,2024,TO,Norte,1.3449753414133648e-06,0.9999986550246586,0
2210904,2024,PI,Nordeste,1.4202776729969066e-06,0.999998579722327,0
2806503,2024,SE,Nordeste,1.4593704489281301e-06,0.9999985406295511,0
2514453,2024,PB,Nordeste,1.8022786742481335e-06,0.9999981977213257,0
2507408,2024,PB,Nordeste,1.8224482595234026e-06,0.9999981775517405,0
2925600,2024,BA,Nordeste,2.0539099360278233e-06,0.999997946090064,0
2912608,2024,BA,Nordeste,2.0826180484045396e-06,0.9999979173819517,0
5005202,2024,MS,Centro-Oeste,2.0850666944013346e-06,0.9999979149333056,0
2802502,2024,SE,Nordeste,2.1834545164768797e-06,0.9999978165454835,0
2933158,2024,BA,Nordeste,2.26184838045924e-06,0.9999977381516195,0
2512721,2024,PB,Nordeste,2.340088115371659e-06,0.9999976599118846,0
2703106,2024,AL,Nordeste,2.4184448493146265e-06,0.9999975815551507,0
2505238,2024,PB,Nordeste,2.7999574485080145e-06,0.9999972000425514,0
1200435,2024,AC,Norte,2.967554904663865e-06,0.9999970324450953,0
3515806,2024,SP,Sudeste,3.0185840208278128e-06,0.9999969814159791,0
2112274,2024,MA,Nordeste,3.048687403987409e-06,0.999996951312596,0
2919108,2024,BA,Nordeste,3.063577768299687e-06,0.9999969364222318,0
1712801,2024,TO,Norte,3.1682117037253476e-06,0.9999968317882962,0
1600501,2024,AP,Norte,3.2641528401997978e-06,0.9999967358471598,0
2500734,2024,PB,Nordeste,3.4992002116761702e-06,0.9999965007997883,0
5005608,2024,MS,Centro-Oeste,3.5563133488224494e-06,0.9999964436866512,0
2929800,2024,BA,Nordeste,3.6009084046894244e-06,0.9999963990915953,0
1703073,2024,TO,Norte,3.7271931616853506e-06,0.9999962728068383,0
2102200,2024,MA,Nordeste,3.728199257855433e-06,0.9999962718007421,0
3529708,2024,SP,Sudeste,3.825786148204164e-06,0.9999961742138518,0
2924207,2024,BA,Nordeste,3.947053161674626e-06,0.9999960529468384,0
2802205,2024,SE,Nordeste,4.063481945143936e-06,0.9999959365180549,0
2707107,2024,AL,Nordeste,4.112773900812391e-06,0.9999958872260992,0
2102507,2024,MA,Nordeste,4.41237162742657e-06,0.9999955876283726,0
1718758,2024,TO,Norte,4.486526747328772e-06,0.9999955134732527,0
2500601,2024,PB,Nordeste,4.726798864258663e-06,0.9999952732011358,0
2901908,2024,BA,Nordeste,4.902032830692746e-06,0.9999950979671693,0
1718659,2024,TO,Norte,5.107812223294649e-06,0.9999948921877767,0
3162450,2024,MG,Sudeste,5.261245150277027e-06,0.9999947387548497,0
3505401,2024,SP,Sudeste,5.274616793991117e-06,0.999994725383206,0
2920809,2024,BA,Nordeste,5.278827181700674e-06,0.9999947211728183,0
2406205,2024,RN,Nordeste,5.290816959818925e-06,0.9999947091830402,0
2902252,2024,BA,Nordeste,5.383577074400553e-06,0.9999946164229256,0
1719004,2024,TO,Norte,5.644888619833127e-06,0.9999943551113801,0
2509057,2024,PB,Nordeste,5.77685319650464e-06,0.9999942231468035,0
2802106,2024,SE,Nordeste,5.997217709827527e-06,0.9999940027822902,0
2805406,2024,SE,Nordeste,6.080839973284933e-06,0.9999939191600267,0
1600105,2024,AP,Norte,6.596533315461703e-06,0.9999934034666845,0
2414456,2024,RN,Nordeste,6.608898961786189e-06,0.9999933911010382,0
5003488,2024,MS,Centro-Oeste,6.838351739432692e-06,0.9999931616482606,0
2604205,2024,PE,Nordeste,6.884841047497514e-06,0.9999931151589525,0
2917003,2024,BA,Nordeste,7.070702453623959e-06,0.9999929292975464,0
2929354,2024,BA,Nordeste,7.078923975312408e-06,0.9999929210760247,0
2804607,2024,SE,Nordeste,7.257740572188826e-06,0.9999927422594278,0
2707404,2024,AL,Nordeste,7.286884378439905e-06,0.9999927131156215,0
5003306,2024,MS,Centro-Oeste,7.333112037202685e-06,0.9999926668879628,0
2806305,2024,SE,Nordeste,7.353369950705658e-06,0.9999926466300493,0
2930501,2024,BA,Nordeste,7.4010618814138945e-06,0.9999925989381185,0
2804508,2024,SE,Nordeste,7.478457659227111e-06,0.9999925215423408,0
2900207,2024,BA,Nordeste,7.570327294353083e-06,0.9999924296727056,0
2804300,2024,SE,Nordeste,7.731853245167645e-06,0.9999922681467548,0
2908903,2024,BA,Nordeste,7.804846124704608e-06,0.9999921951538753,0
2110658,2024,MA,Nordeste,7.887007081502149e-06,0.9999921129929185,0
2703601,2024,AL,Nordeste,8.18256957011329e-06,0.9999918174304299,0
2701308,2024,AL,Nordeste,8.2666698699336e-06,0.99999173333013,0
2514602,2024,PB,Nordeste,8.397089909727576e-06,0.9999916029100903,1
2917334,2024,BA,Nordeste,8.546599178023067e-06,0.999991453400822,0
1703891,2024,TO,Norte,8.645063152221353e-06,0.9999913549368478,0
1713601,2024,TO,Norte,8.691598092157226e-06,0.9999913084019079,0
5108352,2024,MT,Centro-Oeste,8.76397749985506e-06,0.9999912360225002,0
5003207,2024,MS,Centro-Oeste,8.805835478880037e-06,0.9999911941645211,0
2927101,2024,BA,Nordeste,8.869381079591583e-06,0.9999911306189204,0
2920908,2024,BA,Nordeste,8.967340354556685e-06,0.9999910326596454,0
2806602,2024,SE,Nordeste,9.06932660294827e-06,0.9999909306733971,0
2803609,2024,SE,Nordeste,9.136564832363475e-06,0.9999908634351676,0
2409704,2024,RN,Nordeste,9.276567315919159e-06,0.999990723432684,0
1717008,2024,TO,Norte,9.346828233687312e-06,0.9999906531717663,0
2407302,2024,RN,Nordeste,9.348925968432338e-06,0.9999906510740316,0
2915403,2024,BA,Nordeste,9.749887121120457e-06,0.9999902501128789,0
2800407,2024,SE,Nordeste,9.87978976346052e-06,0.9999901202102366,0
2503803,2024,PB,Nordeste,9.889067455181472e-06,0.9999901109325449,0
5004908,2024,MS,Centro-Oeste,1.0023275098273932e-05,0.9999899767249018,0
2506400,2024,PB,Nordeste,1.0067145948724867e-05,0.9999899328540512,0
2804409,2024,SE,Nordeste,1.0282492258498606e-05,0.9999897175077415,0
1200138,2024,AC,Norte,1.066128913713244e-05,0.9999893387108628,0
2804805,2024,SE,Nordeste,1.0700008881301772e-05,0.9999892999911187,0
3140852,2024,MG,Sudeste,1.1154073833747164e-05,0.9999888459261662,0
2932457,2024,BA,Nordeste,1.1477743638402852e-05,0.9999885222563616,0
2806404,2024,SE,Nordeste,1.159024316955123e-05,0.9999884097568305,0
2802007,2024,SE,Nordeste,1.168105612896971e-05,0.9999883189438711,0
2803104,2024,SE,Nordeste,1.168915056408064e-05,0.999988310849436,0
2408706,2024,RN,Nordeste,1.209081217340159e-05,0.9999879091878267,0
3553104,2024,SP,Sudeste,1.2268461287177938e-05,0.9999877315387128,0
2923100,2024,BA,Nordeste,1.2320909858627362e-05,0.9999876790901414,0
2902203,2024,BA,Nordeste,1.236351326985964e-05,0.9999876364867302,0
2911808,2024,BA,Nordeste,1.236959292807752e-05,0.999987630407072,0
2907202,2024,BA,Nordeste,1.2515122096011715e-05,0.999987484877904,0
2924108,2024,BA,Nordeste,1.2804785669229099e-05,0.9999871952143308,0
2928059,2024,BA,Nordeste,1.2941372123290978e-05,0.9999870586278767,0
5007901,2024,MS,Centro-Oeste,1.2947197641784129e-05,0.9999870528023582,0
2800670,2024,SE,Nordeste,1.3069170783569029e-05,0.9999869308292164,0
2923704,2024,BA,Nordeste,1.3261017311822612e-05,0.9999867389826882,0
2702405,2024,AL,Nordeste,1.3352697121805786e-05,0.9999866473028782,0
5000708,2024,MS,Centro-Oeste,1.3474804508628254e-05,0.9999865251954914,0
2929206,2024,BA,Nordeste,1.417571750022763e-05,0.9999858242824998,0
2905503,2024,BA,Nordeste,1.4282996083845302e-05,0.9999857170039161,0
2204907,2024,PI,Nordeste,1.4348638895072788e-05,0.999985651361105,0
1304260,2024,AM,Norte,1.442375861368161e-05,0.9999855762413863,0
2933059,2024,BA,Nordeste,1.4533506243377686e-05,0.9999854664937566,0
2800605,2024,SE,Nordeste,1.4800592483483384e-05,0.9999851994075165,0
2211209,2024,PI,Nordeste,1.4967538178332913e-05,0.9999850324618217,0
5107859,2024,MT,Centro-Oeste,1.506851269783433e-05,0.9999849314873022,0
2930105,2024,BA,Nordeste,1.5273535968872478e-05,0.9999847264640311,0
3303500,2024,RJ,Sudeste,1.5918717284895815e-05,0.9999840812827151,0
2500304,2024,PB,Nordeste,1.594828727863966e-05,0.9999840517127213,0
2922250,2024,BA,Nordeste,1.625767566493839e-05,0.9999837423243351,0
2910602,2024,BA,Nordeste,1.692996204419851e-05,0.9999830700379558,0
1711100,2024,TO,Norte,1.7039804844179923e-05,0.9999829601951559,0
2906808,2024,BA,Nordeste,1.7143304729233754e-05,0.9999828566952708,0
3555406,2024,SP,Sudeste,1.7371078313799585e-05,0.9999826289216862,0
1600550,2024,AP,Norte,1.7380932812649006e-05,0.9999826190671873,0
2915106,2024,BA,Nordeste,1.80034252905283e-05,0.9999819965747094,0
2924405,2024,BA,Nordeste,1.8487696969746407e-05,0.9999815123030302,0
2911402,2024,BA,Nordeste,1.8489377235403985e-05,0.9999815106227646,0
2513851,2024,PB,Nordeste,1.8502833831629306e-05,0.9999814971661684,0
1300839,2024,AM,Norte,1.8508627852833295e-05,0.9999814913721472,0
3301157,2024,RJ,Sudeste,1.8597350011378186e-05,0.9999814026499886,0
2901700,2024,BA,Nordeste,1.8875899685875633e-05,0.9999811241003141,0
2801702,2024,SE,Nordeste,1.896380985669189e-05,0.9999810361901433,0
2206357,2024,PI,Nordeste,1.9006128409292094e-05,0.9999809938715907,0
3532157,2024,SP,Sudeste,1.914347579748355e-05,0.9999808565242025,0
2805703,2024,SE,Nordeste,1.9463767592980534e-05,0.999980536232407,0
2803500,2024,SE,Nordeste,1.950576516875899e-05,0.9999804942348313,0
5007109,2024,MS,Centro-Oeste,1.9622170060491276e-05,0.9999803778299395,0
2930204,2024,BA,Nordeste,1.969706396427083e-05,0.9999803029360357,0
2902104,2024,BA,Nordeste,1.977231731141714e-05,0.9999802276826886,0
3126703,2024,MG,Sudeste,2.0058304897771795e-05,0.9999799416951022,0
1718451,2024,TO,Norte,2.013889952564752e-05,0.9999798611004743,1
3304144,2024,RJ,Sudeste,2.0182474379409212e-05,0.9999798175256206,0
1715705,2024,TO,Norte,2.0249039510869473e-05,0.9999797509604891,1
2507606,2024,PB,Nordeste,2.0277613323674487e-05,0.9999797223866763,0
2800100,2024,SE,Nordeste,2.0420300962994538e-05,0.9999795796990371,0
2917300,2024,BA,Nordeste,2.0524417641577658e-05,0.9999794755823584,0
2801207,2024,SE,Nordeste,2.058438074874166e-05,0.9999794156192513,0
2928000,2024,BA,Nordeste,2.086155073842683e-05,0.9999791384492616,0
2609907,2024,PE,Nordeste,2.1084985526539507e-05,0.9999789150144734,0
2501153,2024,PB,Nordeste,2.1719135194255788e-05,0.9999782808648058,0
2919009,2024,BA,Nordeste,2.1741472043249345e-05,0.9999782585279567,0
2110278,2024,MA,Nordeste,2.1877290836708795e-05,0.9999781227091633,0
2204659,2024,PI,Nordeste,2.193822549935573e-05,0.9999780617745007,0
1717909,2024,TO,Norte,2.220520387561345e-05,0.9999777947961244,0
4301750,2024,RS,Sul,2.2492931837426358e-05,0.9999775070681626,0
2905602,2024,BA,Nordeste,2.2877729548173725e-05,0.9999771222704519,0
2928307,2024,BA,Nordeste,2.2925246359329196e-05,0.9999770747536406,0
2912707,2024,BA,Nordeste,2.3090488336319364e-05,0.9999769095116636,0
2109759,2024,MA,Nordeste,2.3174226977173454e-05,0.9999768257730228,0
3554656,2024,SP,Sudeste,2.333533439159316e-05,0.9999766646656084,0
2503001,2024,PB,Nordeste,2.3659970065800862e-05,0.9999763400299342,0
2614709,2024,PE,Nordeste,2.373335025465562e-05,0.9999762666497454,0
3512605,2024,SP,Sudeste,2.3920140869017776e-05,0.999976079859131,0
2925006,2024,BA,Nordeste,2.4004867873911956e-05,0.9999759951321261,0
5005681,2024,MS,Centro-Oeste,2.4164838167971302e-05,0.9999758351618321,0
1703909,2024,TO,Norte,2.4261231419641734e-05,0.9999757387685804,0
3518859,2024,SP,Sudeste,2.4553966168650836e-05,0.9999754460338314,0
2200509,2024,PI,Nordeste,2.4781532934013806e-05,0.9999752184670659,0
2911907,2024,BA,Nordeste,2.5419834463868185e-05,0.9999745801655361,0
2926905,2024,BA,Nordeste,2.5496253562904212e-05,0.9999745037464371,0
3139300,2024,MG,Sudeste,2.580291424065357e-05,0.9999741970857593,1
2922656,2024,BA,Nordeste,2.6341785601742873e-05,0.9999736582143982,0
1703305,2024,TO,Norte,2.6482539115682443e-05,0.9999735174608844,0
2901353,2024,BA,Nordeste,2.6541415731560087e-05,0.9999734585842684,0
2603306,2024,PE,Nordeste,2.699800626136516e-05,0.9999730019937386,0
2919926,2024,BA,Nordeste,2.7159691545680928e-05,0.9999728403084543,0
2913606,2024,BA,Nordeste,2.7633963230641412e-05,0.9999723660367693,0
2703809,2024,AL,Nordeste,2.7839151321800755e-05,0.9999721608486782,0
3522653,2024,SP,Sudeste,2.8037930776245753e-05,0.9999719620692238,0
3118502,2024,MG,Sudeste,2.8224127116246975e-05,0.9999717758728838,0
2903805,2024,BA,Nordeste,2.8524796205539434e-05,0.9999714752037945,0
3305109,2024,RJ,Sudeste,2.8820847627184386e-05,0.9999711791523728,0
2928109,2024,BA,Nordeste,2.9188204851129883e-05,0.9999708117951489,0
2909901,2024,BA,Nordeste,2.9496682961132052e-05,0.9999705033170389,0
2706505,2024,AL,Nordeste,2.9843192191460618e-05,0.9999701568078085,0
2914653,2024,BA,Nordeste,2.9987741730798553e-05,0.9999700122582692,0
2804904,2024,SE,Nordeste,2.9995153079760886e-05,0.9999700048469202,0
2605202,2024,PE,Nordeste,3.0061642131386257e-05,0.9999699383578686,0
2915809,2024,BA,Nordeste,3.0420484736779325e-05,0.9999695795152632,0
2803906,2024,SE,Nordeste,3.0437467731214152e-05,0.9999695625322688,0
3302270,2024,RJ,Sudeste,3.0484077510797854e-05,0.9999695159224892,0
2100550,2024,MA,Nordeste,3.050554151556723e-05,0.9999694944584845,1
2208809,2024,PI,Nordeste,3.057321249939286e-05,0.9999694267875006,0
2705408,2024,AL,Nordeste,3.064548539389391e-05,0.9999693545146061,0
2900603,2024,BA,Nordeste,3.0712428501942845e-05,0.9999692875714981,0
2913903,2024,BA,Nordeste,3.071712587377476e-05,0.9999692828741262,0
2507200,2024,PB,Nordeste,3.0957979734683744e-05,0.9999690420202653,0
2931509,2024,BA,Nordeste,3.151409890589739e-05,0.9999684859010941,0
3300456,2024,RJ,Sudeste,3.1525700975737044e-05,0.9999684742990242,0
2932705,2024,BA,Nordeste,3.157934840369565e-05,0.9999684206515963,0
2919207,2024,BA,Nordeste,3.1913639631919395e-05,0.999968086360368,0
2926103,2024,BA,Nordeste,3.282705895665062e-05,0.9999671729410433,0
2919157,2024,BA,Nordeste,3.317176764414557e-05,0.9999668282323558,0
2801405,2024,SE,Nordeste,3.3341988072245826e-05,0.9999666580119277,0
2901601,2024,BA,Nordeste,3.3361113087147e-05,0.9999666388869128,0
2103174,2024,MA,Nordeste,3.3565804684410984e-05,0.9999664341953156,0
2918407,2024,BA,Nordeste,3.403790735239543e-05,0.9999659620926477,0
3529658,2024,SP,Sudeste,3.427726755841672e-05,0.9999657227324416,1
2904100,2024,BA,Nordeste,3.496418141682171e-05,0.9999650358185832,0
2613800,2024,PE,Nordeste,3.5130971604043515e-05,0.999964869028396,0
2413904,2024,RN,Nordeste,3.523938989622976e-05,0.9999647606101038,0
2510204,2024,PB,Nordeste,3.5342370278412805e-05,0.9999646576297216,0
2908200,2024,BA,Nordeste,3.548389235352646e-05,0.9999645161076465,0
3302858,2024,RJ,Sudeste,3.550187515644517e-05,0.9999644981248436,0
2109270,2024,MA,Nordeste,3.565961594237541e-05,0.9999643403840576,0
2506806,2024,PB,Nordeste,3.620994951145928e-05,0.9999637900504885,0
3115904,2024,MG,Sudeste,3.680209274071644e-05,0.9999631979072593,1
2106904,2024,MA,Nordeste,3.685897934042053e-05,0.9999631410206595,0
3302601,2024,RJ,Sudeste,3.69506100886053e-05,0.9999630493899114,0
1714302,2024,TO,Norte,3.71274262666035e-05,0.9999628725737334,0
2915304,2024,BA,Nordeste,3.7484437365723617e-05,0.9999625155626343,0
2807105,2024,SE,Nordeste,3.766353644754834e-05,0.9999623364635525,0
2930154,2024,BA,Nordeste,3.8151335455106944e-05,0.9999618486645449,0
2203255,2024,PI,Nordeste,3.8173017545282e-05,0.9999618269824547,0
2106359,2024,MA,Nordeste,3.8607003543719624e-05,0.9999613929964563,0
2907400,2024,BA,Nordeste,3.86584520510699e-05,0.9999613415479489,1
3301009,2024,RJ,Sudeste,3.877847082566972e-05,0.9999612215291743,0
2905800,2024,BA,Nordeste,3.88403123522926e-05,0.9999611596876478,0
3503505,2024,SP,Sudeste,3.8936315884569087e-05,0.9999610636841154,0
2100832,2024,MA,Nordeste,3.9070938944971074e-05,0.999960929061055,0
1200179,2024,AC,Norte,3.9118963269194994e-05,0.9999608810367308,0
2911600,2024,BA,Nordeste,3.92566447608388e-05,0.9999607433552392,0
2929305,2024,BA,Nordeste,3.9505760290969134e-05,0.999960494239709,0
5107354,2024,MT,Centro-Oeste,3.960674895989842e-05,0.9999603932510401,0
2211100,2024,PI,Nordeste,3.981681941583752e-05,0.9999601831805842,0
2930600,2024,BA,Nordeste,3.9970354952714646e-05,0.9999600296450473,0
2914802,2024,BA,Nordeste,4.004248253909612e-05,0.9999599575174609,0
2901809,2024,BA,Nordeste,4.0429629060129184e-05,0.9999595703709399,0
2920106,2024,BA,Nordeste,4.0661123391236216e-05,0.9999593388766088,0
3129657,2024,MG,Sudeste,4.083705144660249e-05,0.9999591629485534,0
2501807,2024,PB,Nordeste,4.118373944712992e-05,0.9999588162605528,0
2705804,2024,AL,Nordeste,4.156593433791297e-05,0.9999584340656621,0
2921500,2024,BA,Nordeste,4.243866438608489e-05,0.9999575613356139,0
2905305,2024,BA,Nordeste,4.2591619457182814e-05,0.9999574083805428,0
2907608,2024,BA,Nordeste,4.347846085973987e-05,0.9999565215391403,0
2513703,2024,PB,Nordeste,4.352624488432726e-05,0.9999564737551156,0
2917508,2024,BA,Nordeste,4.35625338311052e-05,0.9999564374661689,0
1708304,2024,TO,Norte,4.403702966686297e-05,0.9999559629703332,0
2906303,2024,BA,Nordeste,4.444102069296788e-05,0.999955558979307,0
2103802,2024,MA,Nordeste,4.466234353464054e-05,0.9999553376564654,0
3160009,2024,MG,Sudeste,4.48813152323772e-05,0.9999551186847676,0
2928505,2024,BA,Nordeste,4.54532325477581e-05,0.9999545467674522,0
2904704,2024,BA,Nordeste,4.5826121852992084e-05,0.999954173878147,0
2903953,2024,BA,Nordeste,4.583306867541873e-05,0.9999541669313246,0
4302600,2024,RS,Sul,4.5869531173157275e-05,0.9999541304688269,0
5005400,2024,MS,Centro-Oeste,4.644558235862111e-05,0.9999535544176413,0
1702000,2024,TO,Norte,4.646063081908642e-05,0.999953539369181,0
3539103,2024,SP,Sudeste,4.667830716933599e-05,0.9999533216928307,0
1715101,2024,TO,Norte,4.675289349420081e-05,0.9999532471065058,0
2929008,2024,BA,Nordeste,4.6804551841738695e-05,0.9999531954481583,0
2902708,2024,BA,Nordeste,4.689209764208294e-05,0.9999531079023579,0
3527603,2024,SP,Sudeste,4.726892915001109e-05,0.99995273107085,0
1200328,2024,AC,Norte,4.729595618801865e-05,0.999952704043812,0
2201929,2024,PI,Nordeste,4.802972656629743e-05,0.9999519702734337,0
2514651,2024,PB,Nordeste,4.828245205113403e-05,0.9999517175479489,0
2931400,2024,BA,Nordeste,4.876622205779388e-05,0.9999512337779423,0
2101400,2024,MA,Nordeste,4.877443526026111e-05,0.9999512255647397,0
2804201,2024,SE,Nordeste,4.919375263196574e-05,0.999950806247368,0
2511509,2024,PB,Nordeste,4.940264542141823e-05,0.9999505973545786,0
4319208,2024,RS,Sul,4.941099599393504e-05,0.999950589004006,0
2701506,2024,AL,Nordeste,4.969696973158053e-05,0.9999503030302684,0
2921708,2024,BA,Nordeste,5.125404723353889e-05,0.9999487459527665,0
2501906,2024,PB,Nordeste,5.1963412250013325e-05,0.99994803658775,0
1300508,2024,AM,Norte,5.224701449395052e-05,0.9999477529855061,0
3103603,2024,MG,Sudeste,5.239028572864371e-05,0.9999476097142713,0
2906105,2024,BA,Nordeste,5.3043164911515454e-05,0.9999469568350885,0
5007406,2024,MS,Centro-Oeste,5.330979219236297e-05,0.9999466902078077,0
2509370,2024,PB,Nordeste,5.3723202153327674e-05,0.9999462767978466,0
2910057,2024,BA,Nordeste,5.385985959197629e-05,0.9999461401404081,0
2804003,2024,SE,Nordeste,5.3869831908074304e-05,0.999946130168092,0
2700508,2024,AL,Nordeste,5.4168326002126926e-05,0.9999458316739979,0
2922052,2024,BA,Nordeste,5.429337956085943e-05,0.9999457066204391,0
2110807,2024,MA,Nordeste,5.515762047989039e-05,0.9999448423795201,0
2206704,2024,PI,Nordeste,5.626805316365571e-05,0.9999437319468364,0
2908606,2024,BA,Nordeste,5.6522482465367725e-05,0.9999434775175347,0
2905909,2024,BA,Nordeste,5.6650858002093e-05,0.9999433491419979,0
2501005,2024,PB,Nordeste,5.67319009772952e-05,0.9999432680990227,0
2110401,2024,MA,Nordeste,5.694453886986832e-05,0.9999430554611302,0
2913101,2024,BA,Nordeste,5.735004332757673e-05,0.9999426499566724,0
2909307,2024,BA,Nordeste,5.764623956534141e-05,0.9999423537604346,0
2201408,2024,PI,Nordeste,5.808800310328046e-05,0.9999419119968967,0
3534104,2024,SP,Sudeste,5.8473609712600795e-05,0.9999415263902874,0
2702553,2024,AL,Nordeste,5.861412219445387e-05,0.9999413858778056,0
2611309,2024,PE,Nordeste,5.935518756651283e-05,0.9999406448124335,0
3515004,2024,SP,Sudeste,5.971973437593459e-05,0.9999402802656241,0
5106505,2024,MT,Centro-Oeste,5.979968313397847e-05,0.999940200316866,0
3554755,2024,SP,Sudeste,6.0358207094860304e-05,0.9999396417929052,0
2606408,2024,PE,Nordeste,6.061698528934282e-05,0.9999393830147106,0
2913705,2024,BA,Nordeste,6.066056791943623e-05,0.9999393394320806,0
1600808,2024,AP,Norte,6.115738832526478e-05,0.9999388426116748,0
2901205,2024,BA,Nordeste,6.135930740960948e-05,0.9999386406925904,0
2109106,2024,MA,Nordeste,6.160302889952452e-05,0.9999383969711004,0
1703057,2024,TO,Norte,6.203592550649781e-05,0.9999379640744935,0
2102325,2024,MA,Nordeste,6.2381702901341e-05,0.9999376182970987,0
2502508,2024,PB,Nordeste,6.277771001606202e-05,0.9999372222899839,0
2706448,2024,AL,Nordeste,6.280701195914252e-05,0.9999371929880408,0
2211357,2024,PI,Nordeste,6.314321696175606e-05,0.9999368567830382,0
2925402,2024,BA,Nordeste,6.330062846928606e-05,0.9999366993715307,0
2906873,2024,BA,Nordeste,6.331355100360892e-05,0.9999366864489964,0
1100338,2024,RO,Norte,6.464273411585674e-05,0.9999353572658841,0
2916609,2024,BA,Nordeste,6.679935733580336e-05,0.9999332006426642,0
2902906,2024,BA,Nordeste,6.689220402341427e-05,0.9999331077959766,0
2803708,2024,SE,Nordeste,6.713311059259575e-05,0.9999328668894074,0
2906402,2024,BA,Nordeste,6.831702476561926e-05,0.9999316829752344,0
3500501,2024,SP,Sudeste,6.866126290467912e-05,0.9999313387370953,0
1703883,2024,TO,Norte,6.91227332460148e-05,0.999930877266754,0
1502806,2024,PA,Norte,6.961013729883435e-05,0.9999303898627012,0
5002159,2024,MS,Centro-Oeste,6.994981846323775e-05,0.9999300501815368,0
2805802,2024,SE,Nordeste,6.998115909924347e-05,0.9999300188409007,0
2805208,2024,SE,Nordeste,7.011953025442117e-05,0.9999298804697456,1
2932200,2024,BA,Nordeste,7.018836314117939e-05,0.9999298116368588,0
2806800,2024,SE,Nordeste,7.061375182824817e-05,0.9999293862481717,0
3520400,2024,SP,Sudeste,7.078446059512352e-05,0.9999292155394048,0
2917102,2024,BA,Nordeste,7.083381262929197e-05,0.9999291661873707,0
2707701,2024,AL,Nordeste,7.113227393450168e-05,0.9999288677260655,0
1301506,2024,AM,Norte,7.155792529962848e-05,0.9999284420747003,0
3157336,2024,MG,Sudeste,7.164067506943273e-05,0.9999283593249305,0
2913507,2024,BA,Nordeste,7.165398392352055e-05,0.9999283460160765,0
3302007,2024,RJ,Sudeste,7.253916722576148e-05,0.9999274608327743,0
2200905,2024,PI,Nordeste,7.264496974882613e-05,0.9999273550302512,0
2928802,2024,BA,Nordeste,7.372659734013235e-05,0.9999262734026598,0
2932903,2024,BA,Nordeste,7.375423076930556e-05,0.9999262457692307,0
5102603,2024,MT,Centro-Oeste,7.433732915701904e-05,0.9999256626708429,0
2602001,2024,PE,Nordeste,7.460281860814626e-05,0.9999253971813918,0
2914901,2024,BA,Nordeste,7.546164815930283e-05,0.9999245383518407,0
2919603,2024,BA,Nordeste,7.556988464213343e-05,0.9999244301153579,0
5106422,2024,MT,Centro-Oeste,7.646507988320475e-05,0.9999235349201168,0
5007505,2024,MS,Centro-Oeste,7.68686200083965e-05,0.9999231313799916,0
3511003,2024,SP,Sudeste,7.740071134744746e-05,0.9999225992886526,0
2919801,2024,BA,Nordeste,7.781855602151069e-05,0.9999221814439785,0
3142254,2024,MG,Sudeste,7.799550119244168e-05,0.9999220044988075,0
2607653,2024,PE,Nordeste,7.86366042943932e-05,0.9999213633957056,0
5002100,2024,MS,Centro-Oeste,7.886307437865339e-05,0.9999211369256213,0
2411502,2024,RN,Nordeste,7.888249353828552e-05,0.9999211175064617,0
1100106,2024,RO,Norte,7.908179495329321e-05,0.9999209182050467,0
2922102,2024,BA,Nordeste,7.930271990513477e-05,0.9999206972800949,0
2609402,2024,PE,Nordeste,7.952917366629084e-05,0.9999204708263337,0
3544905,2024,SP,Sudeste,8.019412043206787e-05,0.999919805879568,0
2912202,2024,BA,Nordeste,8.0371950071e-05,0.999919628049929,0
5002902,2024,MS,Centro-Oeste,8.04260112831843e-05,0.9999195739887168,1
1721208,2024,TO,Norte,8.061740258940485e-05,0.9999193825974106,0
2900900,2024,BA,Nordeste,8.109557219536068e-05,0.9999189044278046,0
2907301,2024,BA,Nordeste,8.135383757000432e-05,0.99991864616243,0
3509502,2024,SP,Sudeste,8.173474473588452e-05,0.9999182652552641,0
3553658,2024,SP,Sudeste,8.183618543701669e-05,0.999918163814563,0
2111672,2024,MA,Nordeste,8.221402440869465e-05,0.9999177859755913,0
5005152,2024,MS,Centro-Oeste,8.230948575047127e-05,0.9999176905142495,1
2802809,2024,SE,Nordeste,8.251898412005425e-05,0.99991748101588,0
3532868,2024,SP,Sudeste,8.315580464850067e-05,0.9999168441953515,0
2700607,2024,AL,Nordeste,8.345473629227967e-05,0.9999165452637078,0
5107776,2024,MT,Centro-Oeste,8.367103254116829e-05,0.9999163289674589,0
3103405,2024,MG,Sudeste,8.397932125080531e-05,0.9999160206787492,0
2204105,2024,PI,Nordeste,8.407993531553949e-05,0.9999159200646844,0
2601706,2024,PE,Nordeste,8.457624377195313e-05,0.999915423756228,0
3111408,2024,MG,Sudeste,8.468807935353158e-05,0.9999153119206464,0
2109304,2024,MA,Nordeste,8.49598606652612e-05,0.9999150401393347,0
1712504,2024,TO,Norte,8.558391748947929e-05,0.9999144160825105,0
2207702,2024,PI,Nordeste,8.588536823959098e-05,0.9999141146317604,0
1302553,2024,AM,Norte,8.600184005629465e-05,0.9999139981599438,0
2928406,2024,BA,Nordeste,8.652024457962706e-05,0.9999134797554203,0
1200385,2024,AC,Norte,8.673881775767459e-05,0.9999132611822423,0
2925956,2024,BA,Nordeste,8.680155596092977e-05,0.999913198444039,0
2903235,2024,BA,Nordeste,8.747516346835605e-05,0.9999125248365316,0
3525409,2024,SP,Sudeste,8.885556821772836e-05,0.9999111444317823,0
2902401,2024,BA,Nordeste,8.898086792047675e-05,0.9999110191320795,0
2922730,2024,BA,Nordeste,9.056193030405618e-05,0.9999094380696959,0
2705200,2024,AL,Nordeste,9.149300191023725e-05,0.9999085069980898,0
2202307,2024,PI,Nordeste,9.15646327706451e-05,0.9999084353672294,1
2900801,2024,BA,Nordeste,9.184329623074014e-05,0.9999081567037693,0
2707909,2024,AL,Nordeste,9.19612356482096e-05,0.9999080387643517,0
3515657,2024,SP,Sudeste,9.220934700414441e-05,0.9999077906529958,0
5001904,2024,MS,Centro-Oeste,9.236795182950053e-05,0.9999076320481705,1
2203800,2024,PI,Nordeste,9.278202082069068e-05,0.9999072179791794,0
2807600,2024,SE,Nordeste,9.305462195403765e-05,0.9999069453780459,0
2206670,2024,PI,Nordeste,9.328974433722077e-05,0.9999067102556628,0
2106326,2024,MA,Nordeste,9.392427664871537e-05,0.9999060757233513,0
2209658,2024,PI,Nordeste,9.42990349347143e-05,0.9999057009650653,0
5100359,2024,MT,Centro-Oeste,9.484293705758151e-05,0.9999051570629425,0
2701704,2024,AL,Nordeste,9.50870021768387e-05,0.9999049129978231,0
2801009,2024,SE,Nordeste,9.529804817430964e-05,0.9999047019518257,0
2916104,2024,BA,Nordeste,9.603410853196298e-05,0.999903965891468,0
3535804,2024,SP,Sudeste,9.605018650176137e-05,0.9999039498134983,0
3138104,2024,MG,Sudeste,9.668903435473311e-05,0.9999033109656452,0
3133303,2024,MG,Sudeste,9.669008962130887e-05,0.9999033099103787,0
2929370,2024,BA,Nordeste,9.790882185003789e-05,0.99990209117815,0
2930808,2024,BA,Nordeste,9.87062584912552e-05,0.9999012937415087,0
2604601,2024,PE,Nordeste,9.997430044043935e-05,0.9999000256995596,0
2608008,2024,PE,Nordeste,0.00010136922855278488,0.9998986307714472,0
2905404,2024,BA,Nordeste,0.00010149044259653037,0.9998985095574034,0
2210979,2024,PI,Nordeste,0.00010153491738288906,0.9998984650826171,0
3531100,2024,SP,Sudeste,0.00010215237969577548,0.9998978476203042,0
2913200,2024,BA,Nordeste,0.00010281681491064246,0.9998971831850894,0
4321303,2024,RS,Sul,0.0001028225024904714,0.9998971774975095,0
2908408,2024,BA,Nordeste,0.00010300326221917358,0.9998969967377809,0
5102702,2024,MT,Centro-Oeste,0.0001033420137350412,0.9998966579862649,0
2932408,2024,BA,Nordeste,0.00010353306856868984,0.9998964669314313,0
2914000,2024,BA,Nordeste,0.00010505235466586175,0.9998949476453342,0
2927606,2024,BA,Nordeste,0.00010571321533683159,0.9998942867846632,0
2906204,2024,BA,Nordeste,0.00010674776086593947,0.9998932522391341,0
2907905,2024,BA,Nordeste,0.00010725588221274835,0.9998927441177873,0
5004403,2024,MS,Centro-Oeste,0.00010783688022496361,0.999892163119775,1
2207900,2024,PI,Nordeste,0.00010811337136087467,0.9998918866286391,1
5001508,2024,MS,Centro-Oeste,0.00010822729081019193,0.9998917727091898,1
2506103,2024,PB,Nordeste,0.0001088860593247368,0.9998911139406753,0
2909109,2024,BA,Nordeste,0.00010890463060495199,0.999891095369395,0
2923357,2024,BA,Nordeste,0.00010950534326172796,0.9998904946567383,0
2103208,2024,MA,Nordeste,0.00011047386328481664,0.9998895261367152,0
2931707,2024,BA,Nordeste,0.00011054508211008409,0.9998894549178899,0
2916401,2024,BA,Nordeste,0.0001106466785979279,0.999889353321402,0
2805307,2024,SE,Nordeste,0.00011075114666012789,0.9998892488533399,0
3121258,2024,MG,Sudeste,0.00011126246928108501,0.9998887375307189,0
2910701,2024,BA,Nordeste,0.00011375836556029107,0.9998862416344397,0
2110856,2024,MA,Nordeste,0.0001140556377192203,0.9998859443622807,0
3511409,2024,SP,Sudeste,0.00011454987894486389,0.9998854501210551,0
2805901,2024,SE,Nordeste,0.00011464423824587893,0.9998853557617541,1
2921401,2024,BA,Nordeste,0.00011473584319992857,0.9998852641568001,0
5004809,2024,MS,Centro-Oeste,0.00011515022740300698,0.999884849772597,1
2931103,2024,BA,Nordeste,0.00011524433628593197,0.999884755663714,0
2906824,2024,BA,Nordeste,0.0001153556622734171,0.9998846443377266,0
2911105,2024,BA,Nordeste,0.00011564110031571507,0.9998843588996843,0
2902005,2024,BA,Nordeste,0.00011654963850200859,0.999883450361498,0
2915353,2024,BA,Nordeste,0.00011655384966787273,0.9998834461503321,0
3551504,2024,SP,Sudeste,0.00011673574434647851,0.9998832642556535,0
2925907,2024,BA,Nordeste,0.00011828846174994552,0.99988171153825,0
2927200,2024,BA,Nordeste,0.00011966780390981134,0.9998803321960902,0
2801306,2024,SE,Nordeste,0.000119843853938137,0.9998801561460618,0
2112605,2024,MA,Nordeste,0.00012002980491509895,0.9998799701950849,0
2409803,2024,RN,Nordeste,0.00012030647273981123,0.9998796935272601,0
2201705,2024,PI,Nordeste,0.0001215176649889633,0.9998784823350111,0
2605509,2024,PE,Nordeste,0.00012375622819569266,0.9998762437718043,0
3508603,2024,SP,Sudeste,0.00012405377057067774,0.9998759462294293,0
2925501,2024,BA,Nordeste,0.0001243084886635252,0.9998756915113365,0
2407609,2024,RN,Nordeste,0.00012449593467833207,0.9998755040653217,0
3304904,2024,RJ,Sudeste,0.00012464577592765782,0.9998753542240724,0
2903508,2024,BA,Nordeste,0.00012583557902160763,0.9998741644209784,0
3140605,2024,MG,Sudeste,0.00012605446268542717,0.9998739455373146,0
2924009,2024,BA,Nordeste,0.00012645533874006628,0.9998735446612599,0
1712009,2024,TO,Norte,0.00012647046482959645,0.9998735295351704,0
5008008,2024,MS,Centro-Oeste,0.0001267754753017826,0.9998732245246982,0
2920007,2024,BA,Nordeste,0.00012726938167066887,0.9998727306183294,0
1720200,2024,TO,Norte,0.0001274087887372668,0.9998725912112627,0
1702158,2024,TO,Norte,0.0001275295982447106,0.9998724704017553,0
2510907,2024,PB,Nordeste,0.00012820470295460458,0.9998717952970454,0
3146305,2024,MG,Sudeste,0.0001284401697089613,0.9998715598302911,0
2106607,2024,MA,Nordeste,0.00012937839456472275,0.9998706216054353,0
2109551,2024,MA,Nordeste,0.00013014814628876852,0.9998698518537112,0
4320354,2024,RS,Sul,0.0001303303593554301,0.9998696696406446,0
2207504,2024,PI,Nordeste,0.00013047054262291157,0.9998695294573771,0
2918100,2024,BA,Nordeste,0.00013122190784293662,0.999868778092157,0
2925709,2024,BA,Nordeste,0.00013199146058402123,0.9998680085394159,0
2930402,2024,BA,Nordeste,0.000132834085259372,0.9998671659147407,0
3144672,2024,MG,Sudeste,0.00013311590295432614,0.9998668840970457,0
2613404,2024,PE,Nordeste,0.00013321770617568627,0.9998667822938243,0
5003256,2024,MS,Centro-Oeste,0.00013330951965622757,0.9998666904803438,1
3126604,2024,MG,Sudeste,0.00013341823781939626,0.9998665817621806,0
2925808,2024,BA,Nordeste,0.00013623180060029846,0.9998637681993997,0
3513306,2024,SP,Sudeste,0.0001367488872958449,0.9998632511127041,0
1718006,2024,TO,Norte,0.00013769706398056755,0.9998623029360194,1
5008404,2024,MS,Centro-Oeste,0.00013890697784671292,0.9998610930221533,0
3518701,2024,SP,Sudeste,0.00013894340713503707,0.999861056592865,0
5007208,2024,MS,Centro-Oeste,0.00013966945890466026,0.9998603305410954,0
3510609,2024,SP,Sudeste,0.0001401339760298553,0.9998598660239701,0
1711902,2024,TO,Norte,0.00014060413018440027,0.9998593958698156,0
2915502,2024,BA,Nordeste,0.0001410407921547435,0.9998589592078453,0
2932804,2024,BA,Nordeste,0.00014196998383783014,0.9998580300161621,0
2909208,2024,BA,Nordeste,0.00014239736430619125,0.9998576026356938,0
2802908,2024,SE,Nordeste,0.0001429818000894055,0.9998570181999106,0
2926509,2024,BA,Nordeste,0.00014354740096202595,0.999856452599038,0
3552007,2024,SP,Sudeste,0.00014438502447893818,0.9998556149755211,0
2100600,2024,MA,Nordeste,0.0001444451962751377,0.9998555548037249,0
2707305,2024,AL,Nordeste,0.00014475302176839778,0.9998552469782316,0
2208502,2024,PI,Nordeste,0.0001447902929015475,0.9998552097070984,0
1718865,2024,TO,Norte,0.00014525269765359197,0.9998547473023464,0
2205508,2024,PI,Nordeste,0.00014527570005004503,0.9998547242999499,0
2902500,2024,BA,Nordeste,0.00014555956589819535,0.9998544404341018,0
2513109,2024,PB,Nordeste,0.00014575918975405578,0.999854240810246,0
2933109,2024,BA,Nordeste,0.0001462232820374672,0.9998537767179625,0
5002704,2024,MS,Centro-Oeste,0.0001465521700292568,0.9998534478299708,0
2901403,2024,BA,Nordeste,0.00014708111146027574,0.9998529188885398,0
1300805,2024,AM,Norte,0.00014793744213015562,0.9998520625578698,0
5005004,2024,MS,Centro-Oeste,0.00014914217979075027,0.9998508578202092,1
3167509,2024,MG,Sudeste,0.00014932910009074965,0.9998506708999092,1
3521002,2024,SP,Sudeste,0.00014975833062686575,0.9998502416693731,0
3545308,2024,SP,Sudeste,0.00015017081026909887,0.9998498291897309,0
2704302,2024,AL,Nordeste,0.00015042339628078995,0.9998495766037192,0
2706307,2024,AL,Nordeste,0.0001504959528405958,0.9998495040471594,0
3518800,2024,SP,Sudeste,0.00015073313066935414,0.9998492668693306,0
2506707,2024,PB,Nordeste,0.0001521474281512362,0.9998478525718487,0
2112100,2024,MA,Nordeste,0.00015237315861716638,0.9998476268413828,0
2100303,2024,MA,Nordeste,0.00015242292091544152,0.9998475770790846,0
2903607,2024,BA,Nordeste,0.00015270355965394414,0.9998472964403461,0
2705606,2024,AL,Nordeste,0.00015469215587531266,0.9998453078441247,0
2606200,2024,PE,Nordeste,0.00015499455082901363,0.999845005449171,0
3513504,2024,SP,Sudeste,0.00015678028063843797,0.9998432197193615,0
2929255,2024,BA,Nordeste,0.0001571891679401422,0.9998428108320598,0
2921203,2024,BA,Nordeste,0.0001580496416661624,0.9998419503583338,0
3108255,2024,MG,Sudeste,0.0001583013075887322,0.9998416986924112,0
3110806,2024,MG,Sudeste,0.000158727489907805,0.9998412725100922,0
2906709,2024,BA,Nordeste,0.00015901620859491112,0.9998409837914051,0
2910800,2024,BA,Nordeste,0.00016085595565190663,0.999839144044348,0
2206407,2024,PI,Nordeste,0.00016292875262910206,0.9998370712473709,0
2705309,2024,AL,Nordeste,0.00016378577758430842,0.9998362142224156,0
3537602,2024,SP,Sudeste,0.00016481338931876354,0.9998351866106813,0
2909802,2024,BA,Nordeste,0.00016497509519879396,0.9998350249048013,0
2910859,2024,BA,Nordeste,0.00016705849269815315,0.9998329415073018,1
2701803,2024,AL,Nordeste,0.0001670940213003671,0.9998329059786997,0
2108801,2024,MA,Nordeste,0.00016724573135145103,0.9998327542686486,0
2211308,2024,PI,Nordeste,0.0001678985553867274,0.9998321014446133,0
2805505,2024,SE,Nordeste,0.00016856447383770733,0.9998314355261623,0
2903904,2024,BA,Nordeste,0.00016927733107408114,0.9998307226689259,0
3551405,2024,SP,Sudeste,0.00017016626400390597,0.9998298337359961,1
2205458,2024,PI,Nordeste,0.0001705530751947309,0.9998294469248052,0
1100205,2024,RO,Norte,0.0001719650886058501,0.9998280349113942,0
2800506,2024,SE,Nordeste,0.00017237668678018,0.9998276233132198,1
5007554,2024,MS,Centro-Oeste,0.00017320999820446596,0.9998267900017955,0
2515302,2024,PB,Nordeste,0.00017474724333399344,0.999825252756666,0
2405108,2024,RN,Nordeste,0.0001752830284372582,0.9998247169715627,0
2101509,2024,MA,Nordeste,0.0001757712157041959,0.9998242287842958,0
2202653,2024,PI,Nordeste,0.00017603314754464095,0.9998239668524553,1
1701101,2024,TO,Norte,0.0001783009685174261,0.9998216990314825,0
2909505,2024,BA,Nordeste,0.00018091748069549163,0.9998190825193045,0
2106508,2024,MA,Nordeste,0.00018145110844231235,0.9998185488915576,0
2803807,2024,SE,Nordeste,0.0001815643344702268,0.9998184356655297,0
2207793,2024,PI,Nordeste,0.00018174623690898005,0.999818253763091,0
2907103,2024,BA,Nordeste,0.00018198329944438493,0.9998180167005556,0
2923902,2024,BA,Nordeste,0.00018261126031366126,0.9998173887396863,0
1718907,2024,TO,Norte,0.00018352655217290616,0.9998164734478271,1
1705607,2024,TO,Norte,0.0001837364426236676,0.9998162635573763,0
2903409,2024,BA,Nordeste,0.00018438671090705865,0.999815613289093,0
2904902,2024,BA,Nordeste,0.0001851928298993094,0.9998148071701007,0
5101605,2024,MT,Centro-Oeste,0.00018536031535001566,0.99981463968465,0
2408607,2024,RN,Nordeste,0.00018611583429227734,0.9998138841657077,0
1100809,2024,RO,Norte,0.0001862561707601794,0.9998137438292398,0
2903300,2024,BA,Nordeste,0.00018682093137350892,0.9998131790686265,0
3158102,2024,MG,Sudeste,0.0001871999811447521,0.9998128000188552,1
2802304,2024,SE,Nordeste,0.000187231164130223,0.9998127688358698,1
2929909,2024,BA,Nordeste,0.00018908857090234739,0.9998109114290976,0
2923803,2024,BA,Nordeste,0.00018929333227974828,0.9998107066677202,0
1703842,2024,TO,Norte,0.00018997257995136233,0.9998100274200487,1
2108603,2024,MA,Nordeste,0.0001903460582827266,0.9998096539417173,0
1301159,2024,AM,Norte,0.00019067272725574756,0.9998093272727443,0
2800704,2024,SE,Nordeste,0.00019116957790567336,0.9998088304220943,0
3104502,2024,MG,Sudeste,0.0001941653633903892,0.9998058346366097,0
3521150,2024,SP,Sudeste,0.00019428697163624992,0.9998057130283637,0
3301702,2024,RJ,Sudeste,0.00019440438153084413,0.9998055956184692,0
1503077,2024,PA,Norte,0.00019478243040774398,0.9998052175695923,0
2109452,2024,MA,Nordeste,0.0001949464443046115,0.9998050535556954,0
1504505,2024,PA,Norte,0.00019558863500073397,0.9998044113649993,0
2708808,2024,AL,Nordeste,0.00019592154671043723,0.9998040784532896,0
5003702,2024,MS,Centro-Oeste,0.00019679443214371022,0.9998032055678563,1
2104800,2024,MA,Nordeste,0.00019731774628031258,0.9998026822537197,0
2202901,2024,PI,Nordeste,0.00019964611722557754,0.9998003538827744,0
3149952,2024,MG,Sudeste,0.00020052847140677698,0.9997994715285933,0
2915700,2024,BA,Nordeste,0.0002010952019129369,0.9997989047980871,0
2919553,2024,BA,Nordeste,0.00020173192476369907,0.9997982680752363,0
2210623,2024,PI,Nordeste,0.00020301001871044766,0.9997969899812895,1
2922904,2024,BA,Nordeste,0.00020374240920463662,0.9997962575907954,0
3546256,2024,SP,Sudeste,0.00020441818948924073,0.9997955818105108,0
2502003,2024,PB,Nordeste,0.00020569867294790216,0.999794301327052,0
2803401,2024,SE,Nordeste,0.00020790626914060599,0.9997920937308594,0
2515609,2024,PB,Nordeste,0.00020950541486384583,0.9997904945851361,1
1720655,2024,TO,Norte,0.0002095836928905529,0.9997904163071094,0
3159357,2024,MG,Sudeste,0.00021042297789382273,0.9997895770221061,0
2920205,2024,BA,Nordeste,0.0002111834109364303,0.9997888165890636,0
2505402,2024,PB,Nordeste,0.0002121248430013113,0.9997878751569987,0
1700301,2024,TO,Norte,0.00021272553548777614,0.9997872744645122,1
3525102,2024,SP,Sudeste,0.0002134920025508541,0.9997865079974492,0
2906899,2024,BA,Nordeste,0.0002136110126766036,0.9997863889873234,0
4306973,2024,RS,Sul,0.00021397277057213753,0.9997860272294279,0
3508504,2024,SP,Sudeste,0.00021545378077108412,0.999784546219229,0
2209005,2024,PI,Nordeste,0.0002199359253378184,0.9997800640746621,0
5006002,2024,MS,Centro-Oeste,0.0002215850782228631,0.9997784149217771,1
5105234,2024,MT,Centro-Oeste,0.00022247380796957042,0.9997775261920304,0
2918555,2024,BA,Nordeste,0.00022360509212909386,0.999776394907871,0
2927002,2024,BA,Nordeste,0.000224592539529679,0.9997754074604703,0
2900702,2024,BA,Nordeste,0.0002251243136855152,0.9997748756863145,0
3136702,2024,MG,Sudeste,0.00022651829510059824,0.9997734817048994,0
2907707,2024,BA,Nordeste,0.0002275201809848852,0.9997724798190151,0
2704401,2024,AL,Nordeste,0.00022774797383907228,0.9997722520261609,0
4320453,2024,RS,Sul,0.00022816427346057818,0.9997718357265394,0
2923407,2024,BA,Nordeste,0.00022890929755856295,0.9997710907024414,0
1716307,2024,TO,Norte,0.0002305796191405558,0.9997694203808595,1
2414209,2024,RN,Nordeste,0.00023078378457461353,0.9997692162154254,0
2101202,2024,MA,Nordeste,0.00023112237666259649,0.9997688776233374,0
2102804,2024,MA,Nordeste,0.0002312715205902057,0.9997687284794098,0
2100808,2024,MA,Nordeste,0.00023221668042452885,0.9997677833195755,0
2933604,2024,BA,Nordeste,0.00023273897992377005,0.9997672610200762,0
2927804,2024,BA,Nordeste,0.0002337754462531309,0.9997662245537469,0
3543402,2024,SP,Sudeste,0.0002346940628562349,0.9997653059371437,0
2207306,2024,PI,Nordeste,0.00023535195447638326,0.9997646480455236,0
2922854,2024,BA,Nordeste,0.00023571053389930872,0.9997642894661007,0
2109056,2024,MA,Nordeste,0.00023653824610209276,0.9997634617538979,0
3119609,2024,MG,Sudeste,0.00023852365048101612,0.999761476349519,0
2707800,2024,AL,Nordeste,0.00023864009214990279,0.9997613599078501,0
3304805,2024,RJ,Sudeste,0.00023943735127860376,0.9997605626487214,0
2408805,2024,RN,Nordeste,0.00023952453896549668,0.9997604754610345,0
3542800,2024,SP,Sudeste,0.00024111830327361582,0.9997588816967263,0
2927507,2024,BA,Nordeste,0.00024124210516358378,0.9997587578948364,0
3549250,2024,SP,Sudeste,0.0002419014245247377,0.9997580985754753,0
3525854,2024,SP,Sudeste,0.00024265097061011378,0.9997573490293898,0
2502102,2024,PB,Nordeste,0.00024341466341257762,0.9997565853365874,1
2921609,2024,BA,Nordeste,0.0002445365334463501,0.9997554634665536,0
2507705,2024,PB,Nordeste,0.00024513284169555577,0.9997548671583044,0
3526605,2024,SP,Sudeste,0.00024860789383650804,0.9997513921061635,0
2927408,2024,BA,Nordeste,0.00025079401034810316,0.9997492059896519,0
3509452,2024,SP,Sudeste,0.0002511198553207918,0.9997488801446792,0
5007703,2024,MS,Centro-Oeste,0.00025190376503404224,0.999748096234966,0
3516408,2024,SP,Sudeste,0.0002522646286480291,0.999747735371352,0
2933257,2024,BA,Nordeste,0.0002537262014500005,0.99974627379855,0
3552502,2024,SP,Sudeste,0.0002548964476593782,0.9997451035523406,0
3550704,2024,SP,Sudeste,0.00025743450666716424,0.9997425654933328,0
2207934,2024,PI,Nordeste,0.0002575600328444778,0.9997424399671555,0
3515103,2024,SP,Sudeste,0.00025822503687109125,0.9997417749631289,0
2916302,2024,BA,Nordeste,0.0002600647532675557,0.9997399352467324,0
3134707,2024,MG,Sudeste,0.0002614791150016541,0.9997385208849984,0
3538907,2024,SP,Sudeste,0.0002633697031077112,0.9997366302968923,0
2929701,2024,BA,Nordeste,0.0002648516919337254,0.9997351483080663,1
2932101,2024,BA,Nordeste,0.00026574970104582303,0.9997342502989541,0
2204402,2024,PI,Nordeste,0.0002667792426292284,0.9997332207573708,0
5003108,2024,MS,Centro-Oeste,0.00026830001114495135,0.999731699988855,1
2802601,2024,SE,Nordeste,0.00026886714990333307,0.9997311328500966,0
1101807,2024,RO,Norte,0.00026971445064740725,0.9997302855493526,0
2930774,2024,BA,Nordeste,0.0002699024557407883,0.9997300975442592,0
2205581,2024,PI,Nordeste,0.00027045893359601544,0.999729541066404,1
2102358,2024,MA,Nordeste,0.00027208726231277357,0.9997279127376872,0
1706506,2024,TO,Norte,0.0002732525669381601,0.9997267474330619,0
5107008,2024,MT,Centro-Oeste,0.0002762446970967353,0.9997237553029032,0
2916906,2024,BA,Nordeste,0.0002766609606459729,0.9997233390393541,0
2910503,2024,BA,Nordeste,0.00027787722100325286,0.9997221227789967,0
3537206,2024,SP,Sudeste,0.0002788724791181433,0.9997211275208818,0
2905701,2024,BA,Nordeste,0.0002812096579362293,0.9997187903420638,0
3545407,2024,SP,Sudeste,0.0002812503159745309,0.9997187496840255,0
2926301,2024,BA,Nordeste,0.00028236933287993285,0.99971763066712,0
2100907,2024,MA,Nordeste,0.000282525708304726,0.9997174742916953,0
2931350,2024,BA,Nordeste,0.00028406936962523794,0.9997159306303748,0
1717800,2024,TO,Norte,0.0002849569459765574,0.9997150430540235,1
2802403,2024,SE,Nordeste,0.00028532481218994913,0.9997146751878101,1
5007950,2024,MS,Centro-Oeste,0.0002867427219797461,0.9997132572780203,0
3531803,2024,SP,Sudeste,0.0002887761705089099,0.9997112238294911,0
1718303,2024,TO,Norte,0.0002894720782591997,0.9997105279217408,1
2107209,2024,MA,Nordeste,0.0002896227087192046,0.9997103772912808,0
2700409,2024,AL,Nordeste,0.0002897626189073659,0.9997102373810927,0
2933505,2024,BA,Nordeste,0.0002902938963216907,0.9997097061036783,0
2912400,2024,BA,Nordeste,0.00029056381357219266,0.9997094361864278,0
2201960,2024,PI,Nordeste,0.00029094014644303,0.999709059853557,0
2512804,2024,PB,Nordeste,0.000291934998629344,0.9997080650013707,0
2903003,2024,BA,Nordeste,0.0002944973548810593,0.9997055026451189,0
2806206,2024,SE,Nordeste,0.000296837309064678,0.9997031626909353,0
3149150,2024,MG,Sudeste,0.00029771297440308025,0.9997022870255969,1
2600054,2024,PE,Nordeste,0.0002987004367875837,0.9997012995632124,0
2407005,2024,RN,Nordeste,0.00030148874650877747,0.9996985112534912,0
1714880,2024,TO,Norte,0.0003024850420706616,0.9996975149579294,0
3304755,2024,RJ,Sudeste,0.0003029625070771547,0.9996970374929228,0
2906501,2024,BA,Nordeste,0.00030321678902718515,0.9996967832109728,0
2931905,2024,BA,Nordeste,0.0003049490627069716,0.999695050937293,0
3525201,2024,SP,Sudeste,0.0003050781592197514,0.9996949218407802,0
2911857,2024,BA,Nordeste,0.0003069719080593457,0.9996930280919406,0
1505304,2024,PA,Norte,0.000308398901657139,0.9996916010983429,0
3109451,2024,MG,Sudeste,0.0003087890316219267,0.9996912109683781,1
4301073,2024,RS,Sul,0.0003095776046970157,0.999690422395303,0
2913002,2024,BA,Nordeste,0.00031014737994626936,0.9996898526200537,0
1505205,2024,PA,Norte,0.00031090177803842756,0.9996890982219616,0
3302502,2024,RJ,Sudeste,0.0003132507148063268,0.9996867492851936,0
2708006,2024,AL,Nordeste,0.00031351967134934727,0.9996864803286507,0
2607406,2024,PE,Nordeste,0.00031432662836237935,0.9996856733716376,0
2929057,2024,BA,Nordeste,0.0003159477250120974,0.9996840522749879,0
2709103,2024,AL,Nordeste,0.0003162081031343819,0.9996837918968656,0
3536703,2024,SP,Sudeste,0.00031688871561795013,0.999683111284382,0
2930303,2024,BA,Nordeste,0.0003171627173291977,0.9996828372826708,0
3505807,2024,SP,Sudeste,0.0003173566970461742,0.9996826433029539,0
2508604,2024,PB,Nordeste,0.00031799674739444556,0.9996820032526056,0
1718204,2024,TO,Norte,0.00031840443848447567,0.9996815955615155,0
2100709,2024,MA,Nordeste,0.0003184197356290134,0.999681580264371,0
2111052,2024,MA,Nordeste,0.0003198139054970755,0.9996801860945029,0
3539400,2024,SP,Sudeste,0.0003245437970008006,0.9996754562029992,0
2700300,2024,AL,Nordeste,0.0003246253215675595,0.9996753746784325,0
2924603,2024,BA,Nordeste,0.0003246615094195691,0.9996753384905804,0
4310850,2024,RS,Sul,0.00032628202506602906,0.999673717974934,0
2203750,2024,PI,Nordeste,0.00032692195627592957,0.9996730780437241,1
5005806,2024,MS,Centro-Oeste,0.0003284404350297248,0.9996715595649702,0
2907509,2024,BA,Nordeste,0.00032900743329889874,0.9996709925667011,0
2103307,2024,MA,Nordeste,0.0003291442767561958,0.9996708557232438,0
1200807,2024,AC,Norte,0.00032951129202041615,0.9996704887079796,0
2109908,2024,MA,Nordeste,0.0003295741825331525,0.9996704258174669,0
2905107,2024,BA,Nordeste,0.00033159810071908916,0.9996684018992809,0
3152808,2024,MG,Sudeste,0.00033266527270395875,0.9996673347272961,0
2914703,2024,BA,Nordeste,0.00033333971585358343,0.9996666602841464,0
2107456,2024,MA,Nordeste,0.00033455582757767956,0.9996654441724223,0
5103403,2024,MT,Centro-Oeste,0.0003358345470432545,0.9996641654529568,0
3142007,2024,MG,Sudeste,0.0003363562960086629,0.9996636437039913,0
2511400,2024,PB,Nordeste,0.00033675647212610455,0.999663243527874,0
1303809,2024,AM,Norte,0.0003372888731320125,0.999662711126868,0
3153004,2024,MG,Sudeste,0.0003378480753904908,0.9996621519246095,0
2504702,2024,PB,Nordeste,0.0003409067992984325,0.9996590932007016,0
3515152,2024,SP,Sudeste,0.00034125603805473966,0.9996587439619452,0
2912905,2024,BA,Nordeste,0.00034141671453554725,0.9996585832854644,0
2803203,2024,SE,Nordeste,0.0003417674678693554,0.9996582325321306,0
3522109,2024,SP,Sudeste,0.0003453038073652571,0.9996546961926347,0
2616407,2024,PE,Nordeste,0.00034671186151400486,0.999653288138486,0
2907004,2024,BA,Nordeste,0.0003473892710174204,0.9996526107289826,0
2101806,2024,MA,Nordeste,0.0003477368465471669,0.9996522631534528,0
2412807,2024,RN,Nordeste,0.00034868331482286973,0.9996513166851771,0
3557303,2024,SP,Sudeste,0.00034897294645736394,0.9996510270535426,0
3510302,2024,SP,Sudeste,0.00034939980843545835,0.9996506001915645,0
2703908,2024,AL,Nordeste,0.00035099305001432983,0.9996490069499857,0
3528403,2024,SP,Sudeste,0.00035215252847368045,0.9996478474715264,0
1304237,2024,AM,Norte,0.00035291791473039186,0.9996470820852696,0
3142809,2024,MG,Sudeste,0.00035563611412250495,0.9996443638858775,0
3530607,2024,SP,Sudeste,0.0003569630604106797,0.9996430369395893,0
3300308,2024,RJ,Sudeste,0.00035748843656116877,0.9996425115634389,0
2933208,2024,BA,Nordeste,0.0003621646999794721,0.9996378353000205,0
2609808,2024,PE,Nordeste,0.00036222935104851474,0.9996377706489515,0
2923001,2024,BA,Nordeste,0.00036226490091182767,0.9996377350990882,0
2919504,2024,BA,Nordeste,0.0003645321731504792,0.9996354678268495,0
2413201,2024,RN,Nordeste,0.0003649277033568651,0.9996350722966432,0
1503754,2024,PA,Norte,0.000365038364366119,0.9996349616356339,0
2933000,2024,BA,Nordeste,0.0003661221102687398,0.9996338778897312,0
3527207,2024,SP,Sudeste,0.0003672634555195617,0.9996327365444805,0
2511806,2024,PB,Nordeste,0.0003688315519765085,0.9996311684480235,0
2917706,2024,BA,Nordeste,0.0003692431958292815,0.9996307568041707,0
3534401,2024,SP,Sudeste,0.0003693351084474783,0.9996306648915525,0
2933174,2024,BA,Nordeste,0.000374585832444453,0.9996254141675556,0
2916708,2024,BA,Nordeste,0.00037498670882550416,0.9996250132911745,0
4203105,2024,SC,Sul,0.0003790596425772798,0.9996209403574228,0
5106257,2024,MT,Centro-Oeste,0.0003793247935338006,0.9996206752064662,0
2401404,2024,RN,Nordeste,0.0003798978542954622,0.9996201021457045,0
4304663,2024,RS,Sul,0.00038102343010923217,0.9996189765698907,0
2516003,2024,PB,Nordeste,0.0003842169892631785,0.9996157830107368,0
3513207,2024,SP,Sudeste,0.0003842752853622027,0.9996157247146378,0
2900405,2024,BA,Nordeste,0.0003847251998753167,0.9996152748001247,0
1303536,2024,AM,Norte,0.0003869667131619629,0.999613033286838,0
2926004,2024,BA,Nordeste,0.00038733034439270974,0.9996126696556072,0
2500536,2024,PB,Nordeste,0.0003880869106548169,0.9996119130893452,0
2806107,2024,SE,Nordeste,0.000392513882399388,0.9996074861176006,0
2903201,2024,BA,Nordeste,0.00039359068889887943,0.9996064093111011,0
2504306,2024,PB,Nordeste,0.0003946862210233593,0.9996053137789767,0
2513356,2024,PB,Nordeste,0.0003950042910926189,0.9996049957089074,0
3529401,2024,SP,Sudeste,0.00039638630879934697,0.9996036136912007,0
2402402,2024,RN,Nordeste,0.0003963893353030981,0.9996036106646969,0
2908002,2024,BA,Nordeste,0.0003965463353921486,0.9996034536646079,0
2702900,2024,AL,Nordeste,0.0003973750780719619,0.9996026249219281,0
2807501,2024,SE,Nordeste,0.0003977717251402776,0.9996022282748597,0
3132701,2024,MG,Sudeste,0.0003984139792810681,0.9996015860207189,0
3130705,2024,MG,Sudeste,0.00039919222280531216,0.9996008077771947,0
2512788,2024,PB,Nordeste,0.00040011611592829165,0.9995998838840717,0
2405405,2024,RN,Nordeste,0.0004033354834047814,0.9995966645165952,1
2806008,2024,SE,Nordeste,0.0004046939675084559,0.9995953060324916,0
2501609,2024,PB,Nordeste,0.00040508904768098,0.999594910952319,0
1718808,2024,TO,Norte,0.00040654318263331097,0.9995934568173667,0
2910107,2024,BA,Nordeste,0.0004078116489830336,0.9995921883510169,0
3531902,2024,SP,Sudeste,0.00040868620082427985,0.9995913137991758,0
2905206,2024,BA,Nordeste,0.00040929358861228264,0.9995907064113877,0
2910727,2024,BA,Nordeste,0.0004100065607752724,0.9995899934392247,0
3305554,2024,RJ,Sudeste,0.0004111812508725504,0.9995888187491274,0
2607505,2024,PE,Nordeste,0.00041124703176498344,0.999588752968235,0
2201770,2024,PI,Nordeste,0.00041191088427844813,0.9995880891157215,0
1722107,2024,TO,Norte,0.0004131291667784985,0.9995868708332215,1
1507805,2024,PA,Norte,0.00041341381837241227,0.9995865861816275,0
2100501,2024,MA,Nordeste,0.00041994337360816127,0.9995800566263918,0
1504703,2024,PA,Norte,0.00042135272122506123,0.999578647278775,0
3502309,2024,SP,Sudeste,0.00042215468580729046,0.9995778453141927,0
1600279,2024,AP,Norte,0.00042269722404698077,0.999577302775953,0
2206803,2024,PI,Nordeste,0.0004231049510260953,0.999576895048974,0
2909406,2024,BA,Nordeste,0.0004235088510967695,0.9995764911489032,0
2112456,2024,MA,Nordeste,0.0004235327078877817,0.9995764672921122,0
3549607,2024,SP,Sudeste,0.00042412491426710924,0.9995758750857329,1
4313334,2024,RS,Sul,0.0004250282482269478,0.999574971751773,0
1720903,2024,TO,Norte,0.0004261305426249547,0.999573869457375,0
2920403,2024,BA,Nordeste,0.00042913674297369986,0.9995708632570263,0
2928604,2024,BA,Nordeste,0.0004298331819947508,0.9995701668180053,0
2404606,2024,RN,Nordeste,0.00043054687915485885,0.9995694531208451,0
1600204,2024,AP,Norte,0.0004315132592281373,0.9995684867407718,0
3503158,2024,SP,Sudeste,0.0004338070219017739,0.9995661929780982,0
5000906,2024,MS,Centro-Oeste,0.00043411538799024974,0.9995658846120098,0
3549409,2024,SP,Sudeste,0.0004358899682929666,0.9995641100317071,0
2107308,2024,MA,Nordeste,0.0004359138800572487,0.9995640861199427,0
2923506,2024,BA,Nordeste,0.0004362326023446996,0.9995637673976553,0
4321493,2024,RS,Sul,0.00043649089907402263,0.999563509100926,0
2927705,2024,BA,Nordeste,0.00043686633165500316,0.999563133668345,0
3506805,2024,SP,Sudeste,0.0004380156189207624,0.9995619843810792,1
2411205,2024,RN,Nordeste,0.00043812832613451336,0.9995618716738655,0
5106653,2024,MT,Centro-Oeste,0.000440564753721259,0.9995594352462788,0
2908804,2024,BA,Nordeste,0.0004424295872886648,0.9995575704127113,1
1722081,2024,TO,Norte,0.00044333583185312636,0.9995566641681469,0
3540705,2024,SP,Sudeste,0.0004469094462076928,0.9995530905537923,0
1710508,2024,TO,Norte,0.00044740748942543294,0.9995525925105746,0
2111532,2024,MA,Nordeste,0.0004495284604054691,0.9995504715395945,1
3166105,2024,MG,Sudeste,0.0004510966216886835,0.9995489033783114,0
4202438,2024,SC,Sul,0.000451958549685683,0.9995480414503143,0
5005103,2024,MS,Centro-Oeste,0.00045737192611662716,0.9995426280738834,0
3513009,2024,SP,Sudeste,0.00045738466351351396,0.9995426153364865,0
2900108,2024,BA,Nordeste,0.00045975093252885604,0.9995402490674712,0
2704708,2024,AL,Nordeste,0.0004621506110877003,0.9995378493889123,0
3509601,2024,SP,Sudeste,0.0004625359849917062,0.9995374640150083,0
2402808,2024,RN,Nordeste,0.0004630610937384398,0.9995369389062616,0
3304102,2024,RJ,Sudeste,0.0004637254649019454,0.9995362745350981,1
2203503,2024,PI,Nordeste,0.00046468152637374276,0.9995353184736263,0
1507300,2024,PA,Norte,0.00046553405680694644,0.9995344659431931,0
2706703,2024,AL,Nordeste,0.0004669637647173509,0.9995330362352827,0
2901957,2024,BA,Nordeste,0.00046876069126197776,0.999531239308738,0
2923209,2024,BA,Nordeste,0.00047201276354005785,0.99952798723646,0
2920452,2024,BA,Nordeste,0.00047253546001062893,0.9995274645399894,0
3528700,2024,SP,Sudeste,0.00047259925075430516,0.9995274007492457,0
5007307,2024,MS,Centro-Oeste,0.0004747539576507449,0.9995252460423493,0
2201309,2024,PI,Nordeste,0.0004757161612040099,0.999524283838796,0
2510501,2024,PB,Nordeste,0.000478656398891257,0.9995213436011088,0
2911659,2024,BA,Nordeste,0.00047876675763046974,0.9995212332423695,0
3540754,2024,SP,Sudeste,0.0004788983160384445,0.9995211016839616,0
2507002,2024,PB,Nordeste,0.00048161529482371364,0.9995183847051763,1
2110708,2024,MA,Nordeste,0.0004817932548073951,0.9995182067451926,0
2511301,2024,PB,Nordeste,0.00048584868543696705,0.999514151314563,0
3532009,2024,SP,Sudeste,0.0004888602137034538,0.9995111397862966,0
5004502,2024,MS,Centro-Oeste,0.0004890890045853891,0.9995109109954146,0
1600253,2024,AP,Norte,0.0004914872703222211,0.9995085127296778,0
1502400,2024,PA,Norte,0.0004916301950938762,0.9995083698049061,0
2508208,2024,PB,Nordeste,0.0004928514791910874,0.9995071485208089,0
5006309,2024,MS,Centro-Oeste,0.0004928705658321889,0.9995071294341679,1
2805000,2024,SE,Nordeste,0.0004933241376944911,0.9995066758623055,0
5003801,2024,MS,Centro-Oeste,0.0004951851903514995,0.9995048148096485,0
3546009,2024,SP,Sudeste,0.0004987371529202962,0.9995012628470797,0
3160207,2024,MG,Sudeste,0.0004998030941127411,0.9995001969058872,0
2514404,2024,PB,Nordeste,0.0005036214673539345,0.9994963785326461,0
2208601,2024,PI,Nordeste,0.0005062686821468531,0.9994937313178531,1
5106828,2024,MT,Centro-Oeste,0.0005067565098906374,0.9994932434901094,0
2902054,2024,BA,Nordeste,0.0005078868100931829,0.9994921131899068,0
3534906,2024,SP,Sudeste,0.0005085268399027363,0.9994914731600972,0
3301850,2024,RJ,Sudeste,0.000509001890232148,0.9994909981097678,0
3104809,2024,MG,Sudeste,0.0005091990242396214,0.9994908009757604,0
3551009,2024,SP,Sudeste,0.000509738995328716,0.9994902610046713,0
5108105,2024,MT,Centro-Oeste,0.0005100564089787387,0.9994899435910213,0
2602605,2024,PE,Nordeste,0.0005156455714814874,0.9994843544285185,0
2929107,2024,BA,Nordeste,0.0005183498874238339,0.9994816501125762,0
2102606,2024,MA,Nordeste,0.000519944913287134,0.9994800550867129,0
2904407,2024,BA,Nordeste,0.0005215730758965083,0.9994784269241035,0
2705002,2024,AL,Nordeste,0.0005233470711908201,0.9994766529288092,0
3522307,2024,SP,Sudeste,0.000527096602672556,0.9994729033973274,0
3513801,2024,SP,Sudeste,0.0005279456172040349,0.999472054382796,0
3544103,2024,SP,Sudeste,0.0005283839705235849,0.9994716160294764,1
3107505,2024,MG,Sudeste,0.0005301119081414971,0.9994698880918585,1
2104602,2024,MA,Nordeste,0.0005307760168209593,0.9994692239831791,0
3519253,2024,SP,Sudeste,0.000532714942915778,0.9994672850570843,0
3145059,2024,MG,Sudeste,0.0005353909370635091,0.9994646090629364,0
2704104,2024,AL,Nordeste,0.0005361436667860351,0.999463856333214,0
2906006,2024,BA,Nordeste,0.000537501129730172,0.9994624988702698,0
2201101,2024,PI,Nordeste,0.00053938276901498,0.999460617230985,0
5215207,2024,GO,Centro-Oeste,0.000542132720294141,0.9994578672797059,0
2926608,2024,BA,Nordeste,0.0005436267284114438,0.9994563732715885,0
3556206,2024,SP,Sudeste,0.0005460128451142075,0.9994539871548858,0
5002209,2024,MS,Centro-Oeste,0.0005488092661320846,0.9994511907338679,0
2700201,2024,AL,Nordeste,0.0005528794362373006,0.9994471205637627,0
3506003,2024,SP,Sudeste,0.000553194726157264,0.9994468052738428,0
5100102,2024,MT,Centro-Oeste,0.0005554993659093276,0.9994445006340906,0
2514701,2024,PB,Nordeste,0.0005555722982778939,0.9994444277017221,0
2600708,2024,PE,Nordeste,0.0005577478871996038,0.9994422521128004,0
3132305,2024,MG,Sudeste,0.0005578258020750934,0.9994421741979249,0
2200459,2024,PI,Nordeste,0.0005580744402374799,0.9994419255597625,0
2925105,2024,BA,Nordeste,0.0005597662419553283,0.9994402337580447,0
2917904,2024,BA,Nordeste,0.0005606274740599923,0.9994393725259401,0
2509008,2024,PB,Nordeste,0.0005631638659383101,0.9994368361340616,0
2204204,2024,PI,Nordeste,0.000566367426013664,0.9994336325739863,0
2924504,2024,BA,Nordeste,0.0005667256589940084,0.999433274341006,0
2704203,2024,AL,Nordeste,0.0005674240179742297,0.9994325759820257,0
2602902,2024,PE,Nordeste,0.0005682420749336908,0.9994317579250663,0
3524006,2024,SP,Sudeste,0.0005735601528886919,0.9994264398471113,0
5006408,2024,MS,Centro-Oeste,0.0005744720274598674,0.9994255279725401,1
3505609,2024,SP,Sudeste,0.0005746370271797695,0.9994253629728203,0
2103505,2024,MA,Nordeste,0.000575377251997179,0.9994246227480028,0
3550308,2024,SP,Sudeste,0.000579855439842618,0.9994201445601574,0
2932002,2024,BA,Nordeste,0.0005827175803270116,0.999417282419673,0
2922201,2024,BA,Nordeste,0.0005830448590895768,0.9994169551409104,0
2705705,2024,AL,Nordeste,0.0005843040141048297,0.9994156959858952,0
2405504,2024,RN,Nordeste,0.0005844564734446221,0.9994155435265554,0
2513901,2024,PB,Nordeste,0.0005849016736969383,0.999415098326303,0
3300803,2024,RJ,Sudeste,0.0005857740834660608,0.999414225916534,0
3301900,2024,RJ,Sudeste,0.0005866400655459357,0.999413359934454,0
2207603,2024,PI,Nordeste,0.0005901401961308117,0.9994098598038692,0
2514305,2024,PB,Nordeste,0.0005913414305407786,0.9994086585694593,0
2915601,2024,BA,Nordeste,0.0005919030571971357,0.9994080969428029,0
3303203,2024,RJ,Sudeste,0.0005922074999467144,0.9994077925000533,0
3303807,2024,RJ,Sudeste,0.0005929177777477405,0.9994070822222523,0
2203271,2024,PI,Nordeste,0.0005949351349510528,0.999405064865049,1
4317004,2024,RS,Sul,0.0006001146655472403,0.9993998853344528,0
3511607,2024,SP,Sudeste,0.0006008440874265991,0.9993991559125734,0
1301209,2024,AM,Norte,0.0006075965925326265,0.9993924034074674,0
5005707,2024,MS,Centro-Oeste,0.0006100390892719841,0.9993899609107281,0
1709005,2024,TO,Norte,0.0006108453275213253,0.9993891546724787,1
2201507,2024,PI,Nordeste,0.0006118309690889201,0.9993881690309111,0
2706604,2024,AL,Nordeste,0.0006141473860330816,0.999385852613967,0
1302306,2024,AM,Norte,0.0006182422210763307,0.9993817577789237,0
2916203,2024,BA,Nordeste,0.0006190034523374805,0.9993809965476625,0
2912806,2024,BA,Nordeste,0.0006204092148769632,0.9993795907851231,0
3519600,2024,SP,Sudeste,0.0006221990158941788,0.9993778009841058,0
2704807,2024,AL,Nordeste,0.0006227866219311505,0.9993772133780688,0
3101706,2024,MG,Sudeste,0.0006249997172265553,0.9993750002827735,1
2902658,2024,BA,Nordeste,0.0006255229021087102,0.9993744770978913,0
3536802,2024,SP,Sudeste,0.0006269147015549639,0.999373085298445,0
5103304,2024,MT,Centro-Oeste,0.0006270210729083408,0.9993729789270916,0
2924801,2024,BA,Nordeste,0.0006372545780224454,0.9993627454219776,0
5003751,2024,MS,Centro-Oeste,0.0006413287888662725,0.9993586712111338,0
1507409,2024,PA,Norte,0.0006507101371990029,0.999349289862801,0
2930907,2024,BA,Nordeste,0.0006525122704996112,0.9993474877295004,0
2108504,2024,MA,Nordeste,0.0006529650187355822,0.9993470349812644,0
2930766,2024,BA,Nordeste,0.0006566093258851784,0.9993433906741148,0
2516102,2024,PB,Nordeste,0.0006568102021466728,0.9993431897978533,0
3552809,2024,SP,Sudeste,0.0006601282449934672,0.9993398717550065,0
2413409,2024,RN,Nordeste,0.0006603777734807474,0.9993396222265193,0
2406502,2024,RN,Nordeste,0.0006623700404703906,0.9993376299595296,0
1301852,2024,AM,Norte,0.0006631662267418211,0.9993368337732582,0
2901155,2024,BA,Nordeste,0.0006638407151536802,0.9993361592848463,0
2910008,2024,BA,Nordeste,0.0006648291923047802,0.9993351708076952,0
3521804,2024,SP,Sudeste,0.0006705445407186502,0.9993294554592813,0
2409308,2024,RN,Nordeste,0.000672054793135403,0.9993279452068646,0
2704500,2024,AL,Nordeste,0.0006732660219816331,0.9993267339780184,0
2910404,2024,BA,Nordeste,0.0006742384870920972,0.9993257615129079,0
1200450,2024,AC,Norte,0.0006748264032162755,0.9993251735967837,0
5106778,2024,MT,Centro-Oeste,0.0006755366218032002,0.9993244633781968,1
1101468,2024,RO,Norte,0.0006779017692254388,0.9993220982307746,0
1303908,2024,AM,Norte,0.0006781530579618052,0.9993218469420382,0
3118403,2024,MG,Sudeste,0.0006799281054652041,0.9993200718945348,0
3135803,2024,MG,Sudeste,0.0006803594475407018,0.9993196405524593,1
2413359,2024,RN,Nordeste,0.000680761048460441,0.9993192389515395,0
2904050,2024,BA,Nordeste,0.0006813655858799844,0.99931863441412,0
2509206,2024,PB,Nordeste,0.0006821342214977363,0.9993178657785022,0
3152006,2024,MG,Sudeste,0.0006846817739101968,0.9993153182260898,0
3302809,2024,RJ,Sudeste,0.0006860683890319314,0.999313931610968,0
2508802,2024,PB,Nordeste,0.0006873088555883017,0.9993126911444117,0
2603454,2024,PE,Nordeste,0.0006911624770968575,0.9993088375229031,0
1700400,2024,TO,Norte,0.0006918626075102555,0.9993081373924897,1
2109502,2024,MA,Nordeste,0.0006927937781887184,0.9993072062218112,0
1702901,2024,TO,Norte,0.0006940897868693083,0.9993059102131306,0
5103106,2024,MT,Centro-Oeste,0.0006943926294049042,0.9993056073705952,0
2613701,2024,PE,Nordeste,0.0007013707182588323,0.9992986292817412,0
2909703,2024,BA,Nordeste,0.0007021761554939793,0.999297823844506,0
2930709,2024,BA,Nordeste,0.0007090496233989224,0.9992909503766011,0
2706802,2024,AL,Nordeste,0.0007094571667271253,0.9992905428332729,0
2918001,2024,BA,Nordeste,0.0007134573434457521,0.9992865426565543,0
2100436,2024,MA,Nordeste,0.0007195376863101273,0.9992804623136898,0
3528908,2024,SP,Sudeste,0.0007216851898752531,0.9992783148101247,0
2807402,2024,SE,Nordeste,0.000721988207456411,0.9992780117925436,0
3306008,2024,RJ,Sudeste,0.0007232262928814255,0.9992767737071185,0
2925253,2024,BA,Nordeste,0.0007292417139296112,0.9992707582860704,0
2509909,2024,PB,Nordeste,0.0007293046986021492,0.9992706953013979,0
4305439,2024,RS,Sul,0.0007316963846090757,0.9992683036153909,0
2107407,2024,MA,Nordeste,0.0007321893266110554,0.999267810673389,0
1500701,2024,PA,Norte,0.0007344066248881388,0.9992655933751119,0
3120151,2024,MG,Sudeste,0.0007348315586658491,0.9992651684413342,0
2703700,2024,AL,Nordeste,0.0007362988354504046,0.9992637011645495,0
3516309,2024,SP,Sudeste,0.0007364588559091771,0.9992635411440908,0
2106755,2024,MA,Nordeste,0.00073748095717261,0.9992625190428274,0
2912103,2024,BA,Nordeste,0.0007386951409378035,0.9992613048590622,0
2206100,2024,PI,Nordeste,0.0007398817168217872,0.9992601182831782,1
2608800,2024,PE,Nordeste,0.0007409143774136472,0.9992590856225864,0
2919306,2024,BA,Nordeste,0.0007421190920301815,0.9992578809079699,0
3501400,2024,SP,Sudeste,0.0007481972341537361,0.9992518027658462,0
2407203,2024,RN,Nordeste,0.0007517964973888382,0.9992482035026111,0
2513604,2024,PB,Nordeste,0.0007541762547793209,0.9992458237452206,1
1502905,2024,PA,Norte,0.000754867112322367,0.9992451328876776,0
3137007,2024,MG,Sudeste,0.0007551838543236345,0.9992448161456764,1
3101508,2024,MG,Sudeste,0.0007558630149059647,0.9992441369850941,0
2107001,2024,MA,Nordeste,0.0007568148891264932,0.9992431851108735,0
2928703,2024,BA,Nordeste,0.0007602014215339936,0.999239798578466,0
1500404,2024,PA,Norte,0.0007616886012582117,0.9992383113987418,0
3530102,2024,SP,Sudeste,0.0007660472760722035,0.9992339527239278,0
4314209,2024,RS,Sul,0.0007661200340616012,0.9992338799659384,0
3506607,2024,SP,Sudeste,0.000766143595953722,0.9992338564040463,0
3526100,2024,SP,Sudeste,0.0007672013856194459,0.9992327986143805,0
3115300,2024,MG,Sudeste,0.0007673090775489277,0.999232690922451,1
2408300,2024,RN,Nordeste,0.000770631613135236,0.9992293683868647,0
1709302,2024,TO,Norte,0.0007807527097933255,0.9992192472902067,0
2501302,2024,PB,Nordeste,0.0007835946294758331,0.9992164053705241,0
3136801,2024,MG,Sudeste,0.0007841247234433866,0.9992158752765566,0
3522901,2024,SP,Sudeste,0.0007848237778750824,0.999215176222125,1
2108256,2024,MA,Nordeste,0.0007862889902920014,0.999213711009708,0
2209872,2024,PI,Nordeste,0.0007897479033873493,0.9992102520966126,1
2918605,2024,BA,Nordeste,0.0007901111607477532,0.9992098888392522,0
2103000,2024,MA,Nordeste,0.0007914014075765086,0.9992085985924235,0
3500550,2024,SP,Sudeste,0.0007922864091701083,0.9992077135908299,0
3504503,2024,SP,Sudeste,0.0007940644087804697,0.9992059355912195,0
3135209,2024,MG,Sudeste,0.0007955422387915795,0.9992044577612085,1
1600154,2024,AP,Norte,0.0007977571959590761,0.9992022428040409,0
2702603,2024,AL,Nordeste,0.0008016152284087264,0.9991983847715913,0
2508000,2024,PB,Nordeste,0.0008021698642444012,0.9991978301357556,0
3509957,2024,SP,Sudeste,0.0008064279623712638,0.9991935720376287,0
3303708,2024,RJ,Sudeste,0.0008071161334938354,0.9991928838665062,0
2106631,2024,MA,Nordeste,0.0008079253845624785,0.9991920746154376,0
2207801,2024,PI,Nordeste,0.0008098109502014946,0.9991901890497985,0
2511905,2024,PB,Nordeste,0.0008100989980163805,0.9991899010019836,0
3301108,2024,RJ,Sudeste,0.0008118929318131858,0.9991881070681868,0
3548906,2024,SP,Sudeste,0.0008143210996479596,0.999185678900352,0
2918308,2024,BA,Nordeste,0.0008226623115992752,0.9991773376884008,1
2915205,2024,BA,Nordeste,0.0008228601499395866,0.9991771398500604,0
5003157,2024,MS,Centro-Oeste,0.0008231498910943742,0.9991768501089057,0
2706901,2024,AL,Nordeste,0.0008311262620747721,0.9991688737379252,0
1502855,2024,PA,Norte,0.0008328778657906447,0.9991671221342093,0
5105309,2024,MT,Centro-Oeste,0.0008345610690764663,0.9991654389309236,0
3552403,2024,SP,Sudeste,0.0008350702890168515,0.9991649297109831,0
3305307,2024,RJ,Sudeste,0.0008400415521979633,0.999159958447802,0
2202505,2024,PI,Nordeste,0.0008409074325309692,0.999159092567469,0
3553856,2024,SP,Sudeste,0.0008415711411642196,0.9991584288588358,0
4320859,2024,RS,Sul,0.000843194758946032,0.999156805241054,0
3302304,2024,RJ,Sudeste,0.0008488957868913284,0.9991511042131087,0
2601102,2024,PE,Nordeste,0.0008581320922981402,0.9991418679077019,0
2205706,2024,PI,Nordeste,0.0008604814505771948,0.9991395185494228,0
2928208,2024,BA,Nordeste,0.0008663561350933701,0.9991336438649067,0
2613107,2024,PE,Nordeste,0.000868007232199073,0.999131992767801,0
2922805,2024,BA,Nordeste,0.0008683644398396261,0.9991316355601604,0
2501401,2024,PB,Nordeste,0.0008721231164760108,0.999127876883524,1
2907806,2024,BA,Nordeste,0.0008741981188943134,0.9991258018811057,0
3135357,2024,MG,Sudeste,0.0008750887558876755,0.9991249112441123,0
3301405,2024,RJ,Sudeste,0.0008771027179932144,0.9991228972820068,0
2103554,2024,MA,Nordeste,0.0008826363921367721,0.9991173636078632,0
2516904,2024,PB,Nordeste,0.0008879644772630408,0.999112035522737,0
1702703,2024,TO,Norte,0.0008894854124941435,0.9991105145875059,0
3516804,2024,SP,Sudeste,0.0008909854380716417,0.9991090145619284,0
1507003,2024,PA,Norte,0.0008929105143519988,0.999107089485648,0
1200393,2024,AC,Norte,0.0008943883013810332,0.999105611698619,0
5001102,2024,MS,Centro-Oeste,0.0009004560695841516,0.9990995439304159,0
3523206,2024,SP,Sudeste,0.0009047400746868813,0.9990952599253131,0
3539806,2024,SP,Sudeste,0.0009052783572603747,0.9990947216427396,0
2904308,2024,BA,Nordeste,0.0009057979748176587,0.9990942020251823,0
3549508,2024,SP,Sudeste,0.0009092700100431258,0.9990907299899568,0
2410900,2024,RN,Nordeste,0.0009147434923284264,0.9990852565076715,0
5007802,2024,MS,Centro-Oeste,0.0009149702795421356,0.9990850297204579,1
2932606,2024,BA,Nordeste,0.000918732326567916,0.9990812676734321,0
5002803,2024,MS,Centro-Oeste,0.0009191636163622672,0.9990808363836378,0
2202117,2024,PI,Nordeste,0.0009236071310668007,0.9990763928689332,1
3524105,2024,SP,Sudeste,0.0009238752257587096,0.9990761247742412,0
2514909,2024,PB,Nordeste,0.0009277578373099191,0.9990722421626901,0
3554607,2024,SP,Sudeste,0.0009293447682705691,0.9990706552317294,1
2509305,2024,PB,Nordeste,0.0009303085782367232,0.9990696914217633,0
2102150,2024,MA,Nordeste,0.0009350062584903342,0.9990649937415097,1
3541000,2024,SP,Sudeste,0.0009373656243336739,0.9990626343756663,0
2106706,2024,MA,Nordeste,0.0009399508646812866,0.9990600491353188,1
2512606,2024,PB,Nordeste,0.000941587123125812,0.9990584128768741,0
1713809,2024,TO,Norte,0.0009444375011019731,0.999055562498898,1
2610806,2024,PE,Nordeste,0.0009485093887622287,0.9990514906112378,0
4206652,2024,SC,Sul,0.0009487282493208787,0.9990512717506791,0
2921906,2024,BA,Nordeste,0.0009516967817827757,0.9990483032182172,0
2207959,2024,PI,Nordeste,0.000961631045195014,0.999038368954805,0
2919702,2024,BA,Nordeste,0.000961925726517124,0.9990380742734829,0
2410504,2024,RN,Nordeste,0.0009623910208887717,0.9990376089791112,0
2908507,2024,BA,Nordeste,0.0009642967336244395,0.9990357032663756,0
1303957,2024,AM,Norte,0.0009647605553750995,0.9990352394446249,0
1101757,2024,RO,Norte,0.0009658310456218915,0.9990341689543781,1
2512754,2024,PB,Nordeste,0.000983083260298079,0.9990169167397019,0
1718899,2024,TO,Norte,0.0009857750363269815,0.999014224963673,0
1507201,2024,PA,Norte,0.000987449921105688,0.9990125500788943,0
2401206,2024,RN,Nordeste,0.0009923310990021805,0.9990076689009978,0
2405207,2024,RN,Nordeste,0.0009939028427652563,0.9990060971572348,0
2932309,2024,BA,Nordeste,0.0009945793671106036,0.9990054206328894,0
1101476,2024,RO,Norte,0.0009970712674843515,0.9990029287325156,0
2807204,2024,SE,Nordeste,0.000997647164847201,0.9990023528351528,0
4306700,2024,RS,Sul,0.0010039845371682696,0.9989960154628317,0
2929404,2024,BA,Nordeste,0.0010097971694370048,0.998990202830563,0
3507456,2024,SP,Sudeste,0.001022615733319024,0.9989773842666809,0
2107506,2024,MA,Nordeste,0.0010229057534063193,0.9989770942465936,0
2607604,2024,PE,Nordeste,0.001023248393405675,0.9989767516065943,0
3169604,2024,MG,Sudeste,0.0010251394426131141,0.9989748605573869,1
2209757,2024,PI,Nordeste,0.001029807757573573,0.9989701922424264,0
1711803,2024,TO,Norte,0.0010312547567216635,0.9989687452432784,0
2611606,2024,PE,Nordeste,0.0010337050212147626,0.9989662949787852,0
2709400,2024,AL,Nordeste,0.00103402025956141,0.9989659797404385,0
2407104,2024,RN,Nordeste,0.0010346766364256314,0.9989653233635744,0
3550605,2024,SP,Sudeste,0.0010361758478580098,0.998963824152142,0
2205854,2024,PI,Nordeste,0.0010362506287357612,0.9989637493712642,0
1703800,2024,TO,Norte,0.0010374345828629426,0.998962565417137,0
2612554,2024,PE,Nordeste,0.0010409939676190019,0.998959006032381,0
2605707,2024,PE,Nordeste,0.0010442470520501037,0.9989557529479499,1
2904605,2024,BA,Nordeste,0.0010449969680800498,0.99895500303192,0
2933307,2024,BA,Nordeste,0.0010453407672493054,0.9989546592327507,0
2505501,2024,PB,Nordeste,0.0010455585619931367,0.9989544414380068,1
2612505,2024,PE,Nordeste,0.0010468765685534666,0.9989531234314465,0
2412559,2024,RN,Nordeste,0.0010470372738221165,0.9989529627261778,0
5004304,2024,MS,Centro-Oeste,0.0010491403049693046,0.9989508596950307,1
2921302,2024,BA,Nordeste,0.0010503524447613647,0.9989496475552386,0
2610400,2024,PE,Nordeste,0.001051712197379035,0.998948287802621,1
2909604,2024,BA,Nordeste,0.001051911090859119,0.9989480889091409,0
4312617,2024,RS,Sul,0.0010592723067430715,0.9989407276932569,0
3522000,2024,SP,Sudeste,0.0010596279692239514,0.998940372030776,0
2207553,2024,PI,Nordeste,0.001062088015371081,0.9989379119846289,0
2105302,2024,MA,Nordeste,0.0010658634468555994,0.9989341365531444,0
3113305,2024,MG,Sudeste,0.0010670705670617789,0.9989329294329382,0
2913408,2024,BA,Nordeste,0.0010680448548222475,0.9989319551451777,0
2515971,2024,PB,Nordeste,0.0010700130176486526,0.9989299869823514,0
3554003,2024,SP,Sudeste,0.0010700953098578036,0.9989299046901422,0
2412203,2024,RN,Nordeste,0.001070352933478652,0.9989296470665213,0
1303601,2024,AM,Norte,0.0010707260772790112,0.998929273922721,0
5002605,2024,MS,Centro-Oeste,0.001070735215296322,0.9989292647847037,1
1507953,2024,PA,Norte,0.0010731618274200043,0.99892683817258,0
2700102,2024,AL,Nordeste,0.0010736106943714883,0.9989263893056285,0
2105500,2024,MA,Nordeste,0.001078417853918949,0.9989215821460811,1
3301801,2024,RJ,Sudeste,0.0010790990665410086,0.998920900933459,0
3525003,2024,SP,Sudeste,0.0010810071548714416,0.9989189928451285,0
5002308,2024,MS,Centro-Oeste,0.0010853901353297145,0.9989146098646703,0
3501152,2024,SP,Sudeste,0.0010856596154293803,0.9989143403845706,0
2913457,2024,BA,Nordeste,0.0010879923541458564,0.9989120076458542,0
2505907,2024,PB,Nordeste,0.001100850293872985,0.998899149706127,0
1703701,2024,TO,Norte,0.0011036084116078095,0.9988963915883922,0
2208874,2024,PI,Nordeste,0.0011038858392647623,0.9988961141607352,0
3303302,2024,RJ,Sudeste,0.0011071460097269253,0.998892853990273,0
1500107,2024,PA,Norte,0.0011175530202981862,0.9988824469797019,0
2506905,2024,PB,Nordeste,0.0011211229222925717,0.9988788770777074,1
5103353,2024,MT,Centro-Oeste,0.0011241656394696106,0.9988758343605304,1
1300680,2024,AM,Norte,0.0011269523993476698,0.9988730476006523,0
2600609,2024,PE,Nordeste,0.0011273669784562488,0.9988726330215437,0
2206720,2024,PI,Nordeste,0.001128556578354473,0.9988714434216456,0
5001003,2024,MS,Centro-Oeste,0.001128824278117652,0.9988711757218823,0
2101251,2024,MA,Nordeste,0.0011323828484482222,0.9988676171515518,0
2608206,2024,PE,Nordeste,0.0011330875435919632,0.998866912456408,0
2502300,2024,PB,Nordeste,0.0011418418797442865,0.9988581581202557,0
2917201,2024,BA,Nordeste,0.001143509385571119,0.9988564906144288,0
1502004,2024,PA,Norte,0.0011497006901557705,0.9988502993098443,0
2408953,2024,RN,Nordeste,0.0011558960580198765,0.9988441039419801,1
1507508,2024,PA,Norte,0.0011618897051081849,0.9988381102948918,0
2504009,2024,PB,Nordeste,0.001163122658413462,0.9988368773415865,0
2211506,2024,PI,Nordeste,0.0011684792707496326,0.9988315207292504,0
2209377,2024,PI,Nordeste,0.0011709425003327445,0.9988290574996672,0
3544608,2024,SP,Sudeste,0.001173538683123554,0.9988264613168765,0
3139805,2024,MG,Sudeste,0.0011746971370088309,0.9988253028629912,0
1708254,2024,TO,Norte,0.0011795259359734117,0.9988204740640266,0
2100477,2024,MA,Nordeste,0.0011805681581132394,0.9988194318418867,1
2902609,2024,BA,Nordeste,0.001184356019958429,0.9988156439800415,0
2504801,2024,PB,Nordeste,0.0011891808916533126,0.9988108191083467,0
2111805,2024,MA,Nordeste,0.0011987318988143647,0.9988012681011856,1
3509007,2024,SP,Sudeste,0.0012047075059947877,0.9987952924940052,0
1506500,2024,PA,Norte,0.0012061995165054576,0.9987938004834945,0
5102504,2024,MT,Centro-Oeste,0.001211841952431202,0.9987881580475688,0
2504504,2024,PB,Nordeste,0.0012203826140156481,0.9987796173859843,0
3306107,2024,RJ,Sudeste,0.001221212100642163,0.9987787878993578,0
2800308,2024,SE,Nordeste,0.001222252590463749,0.9987777474095363,1
2610707,2024,PE,Nordeste,0.0012305466313919918,0.998769453368608,0
1504901,2024,PA,Norte,0.001234994005333659,0.9987650059946663,0
3524402,2024,SP,Sudeste,0.0012414605241231477,0.9987585394758769,0
2112803,2024,MA,Nordeste,0.00124630861078868,0.9987536913892113,0
2931301,2024,BA,Nordeste,0.0012467303480983378,0.9987532696519017,0
3552205,2024,SP,Sudeste,0.001247243467470166,0.9987527565325298,0
1701002,2024,TO,Norte,0.0012605903576175341,0.9987394096423825,0
1502608,2024,PA,Norte,0.0012665849817854228,0.9987334150182146,0
2405900,2024,RN,Nordeste,0.0012857736560893352,0.9987142263439107,0
2923050,2024,BA,Nordeste,0.0012868072904872474,0.9987131927095128,1
3512001,2024,SP,Sudeste,0.0012923980208930585,0.9987076019791069,1
1708205,2024,TO,Norte,0.0012945900910393605,0.9987054099089606,0
3144300,2024,MG,Sudeste,0.0012946726048950533,0.998705327395105,0
3507100,2024,SP,Sudeste,0.0012982580116990762,0.998701741988301,0
3170107,2024,MG,Sudeste,0.0013012935445625867,0.9986987064554375,1
2107803,2024,MA,Nordeste,0.0013014222699962224,0.9986985777300038,0
2411700,2024,RN,Nordeste,0.0013086353997291162,0.9986913646002709,0
1703107,2024,TO,Norte,0.0013124846332709405,0.9986875153667291,0
2511202,2024,PB,Nordeste,0.0013129479742687298,0.9986870520257313,0
2401859,2024,RN,Nordeste,0.0013170083121388852,0.9986829916878611,0
2516755,2024,PB,Nordeste,0.0013189292795811373,0.9986810707204189,0
3556503,2024,SP,Sudeste,0.0013209052759947963,0.9986790947240052,0
3506300,2024,SP,Sudeste,0.0013250817463382717,0.9986749182536617,0
4305124,2024,RS,Sul,0.001327036935579306,0.9986729630644207,0
2402600,2024,RN,Nordeste,0.0013308417241107001,0.9986691582758893,0
3534708,2024,SP,Sudeste,0.0013322809034318546,0.9986677190965682,0
2508307,2024,PB,Nordeste,0.0013334257744873526,0.9986665742255126,0
5100409,2024,MT,Centro-Oeste,0.0013353456555505563,0.9986646543444494,0
1502103,2024,PA,Norte,0.001343465883219901,0.9986565341167801,0
2616001,2024,PE,Nordeste,0.0013484279315923275,0.9986515720684077,0
2111250,2024,MA,Nordeste,0.0013544932381672273,0.9986455067618327,1
3507803,2024,SP,Sudeste,0.0013556532893275247,0.9986443467106725,0
3542701,2024,SP,Sudeste,0.001358635513237779,0.9986413644867622,0
2801900,2024,SE,Nordeste,0.0013651662797862431,0.9986348337202138,0
2111904,2024,MA,Nordeste,0.001366403886885911,0.9986335961131141,1
3128600,2024,MG,Sudeste,0.0013680423877927969,0.9986319576122072,0
2906857,2024,BA,Nordeste,0.001369370997111412,0.9986306290028886,0
4306502,2024,RS,Sul,0.001370778892646991,0.998629221107353,0
2607901,2024,PE,Nordeste,0.0013719560028604889,0.9986280439971396,0
3140100,2024,MG,Sudeste,0.00137356621084723,0.9986264337891527,0
1713700,2024,TO,Norte,0.0013743114729274726,0.9986256885270726,1
2401602,2024,RN,Nordeste,0.001375634118936305,0.9986243658810637,0
2926806,2024,BA,Nordeste,0.0013807126650674608,0.9986192873349325,0
1600402,2024,AP,Norte,0.0013842217890216266,0.9986157782109784,0
1100262,2024,RO,Norte,0.0013857017872046205,0.9986142982127953,0
3504909,2024,SP,Sudeste,0.001386732192536257,0.9986132678074637,1
2402303,2024,RN,Nordeste,0.0013881009743609242,0.9986118990256391,0
2111300,2024,MA,Nordeste,0.0013897548651324652,0.9986102451348675,0
2515401,2024,PB,Nordeste,0.0013899362377912997,0.9986100637622087,0
2112001,2024,MA,Nordeste,0.0013922172538887508,0.9986077827461113,0
1718501,2024,TO,Norte,0.0013952592195394047,0.9986047407804606,1
2507903,2024,PB,Nordeste,0.001395467474046295,0.9986045325259537,0
2900504,2024,BA,Nordeste,0.0013977499458957406,0.9986022500541043,0
3148608,2024,MG,Sudeste,0.0014025445223834617,0.9985974554776166,0
2705101,2024,AL,Nordeste,0.0014060525770801188,0.9985939474229198,0
4311122,2024,RS,Sul,0.0014092460548405545,0.9985907539451594,0
1706001,2024,TO,Norte,0.00141029387311345,0.9985897061268866,0
3113800,2024,MG,Sudeste,0.0014111914822481032,0.9985888085177519,1
2406304,2024,RN,Nordeste,0.0014147582817988678,0.9985852417182012,0
2111102,2024,MA,Nordeste,0.0014190795615394007,0.9985809204384606,0
2917359,2024,BA,Nordeste,0.0014201894853803215,0.9985798105146196,0
3512902,2024,SP,Sudeste,0.0014225842562478157,0.9985774157437521,0
3135050,2024,MG,Sudeste,0.0014277568965233647,0.9985722431034766,1
2901106,2024,BA,Nordeste,0.0014334090758044867,0.9985665909241955,0
1718881,2024,TO,Norte,0.0014364985670050601,0.998563501432995,0
2709004,2024,AL,Nordeste,0.0014454294300425654,0.9985545705699574,0
1200427,2024,AC,Norte,0.0014504094689332349,0.9985495905310667,0
2500809,2024,PB,Nordeste,0.0014550936353503287,0.9985449063646497,0
3534203,2024,SP,Sudeste,0.0014612580041923927,0.9985387419958076,0
3549953,2024,SP,Sudeste,0.001463074527281571,0.9985369254727184,0
3148707,2024,MG,Sudeste,0.0014646885231297244,0.9985353114768702,0
2602100,2024,PE,Nordeste,0.0014667234746337616,0.9985332765253663,0
2110005,2024,MA,Nordeste,0.0014709527010613908,0.9985290472989387,0
3523503,2024,SP,Sudeste,0.0014745929724313685,0.9985254070275686,0
2608404,2024,PE,Nordeste,0.0014886238063398973,0.9985113761936601,0
3303104,2024,RJ,Sudeste,0.001498941820605678,0.9985010581793943,0
2402204,2024,RN,Nordeste,0.001502573423651713,0.9984974265763483,0
2700706,2024,AL,Nordeste,0.0015063187673827673,0.9984936812326173,0
1508209,2024,PA,Norte,0.0015080709631406747,0.9984919290368593,0
2606606,2024,PE,Nordeste,0.0015094640548603622,0.9984905359451396,1
3161106,2024,MG,Sudeste,0.0015141689740338295,0.9984858310259662,1
1303106,2024,AM,Norte,0.0015173428598876865,0.9984826571401123,0
2513158,2024,PB,Nordeste,0.001527490174384635,0.9984725098256154,1
3172004,2024,MG,Sudeste,0.001530382969827522,0.9984696170301725,1
3557006,2024,SP,Sudeste,0.0015308388621658917,0.9984691611378341,0
1714203,2024,TO,Norte,0.0015329243090406821,0.9984670756909593,1
1100403,2024,RO,Norte,0.0015398491199648569,0.9984601508800351,0
4305900,2024,RS,Sul,0.0015469482194013175,0.9984530517805987,0
3141108,2024,MG,Sudeste,0.0015523476803731278,0.9984476523196268,0
1718402,2024,TO,Norte,0.001556920303157668,0.9984430796968423,0
3507605,2024,SP,Sudeste,0.0015593796196102167,0.9984406203803898,0
2913804,2024,BA,Nordeste,0.0015601856475519933,0.998439814352448,0
2702801,2024,AL,Nordeste,0.0015650805294990216,0.998434919470501,1
5007695,2024,MS,Centro-Oeste,0.0015704393611742308,0.9984295606388258,1
2503308,2024,PB,Nordeste,0.0015800161774284578,0.9984199838225716,0
2916807,2024,BA,Nordeste,0.001582278822145299,0.9984177211778547,0
2101301,2024,MA,Nordeste,0.0015834551606767322,0.9984165448393233,0
1717206,2024,TO,Norte,0.0015839819920647222,0.9984160180079352,1
2908309,2024,BA,Nordeste,0.0015918528381913388,0.9984081471618087,0
3100906,2024,MG,Sudeste,0.0015929681093302408,0.9984070318906697,0
1504604,2024,PA,Norte,0.0015980549972473667,0.9984019450027526,0
3525706,2024,SP,Sudeste,0.0015986429725930549,0.998401357027407,0
2609154,2024,PE,Nordeste,0.0015989077392399645,0.99840109226076,0
3509205,2024,SP,Sudeste,0.0016017224264317275,0.9983982775735682,0
1200344,2024,AC,Norte,0.0016022778564444473,0.9983977221435556,0
2406403,2024,RN,Nordeste,0.0016069846119503726,0.9983930153880496,0
3548708,2024,SP,Sudeste,0.0016084651740368376,0.9983915348259632,0
2210409,2024,PI,Nordeste,0.0016093035891247749,0.9983906964108752,1
2906600,2024,BA,Nordeste,0.0016116021111030065,0.998388397888897,0
3517802,2024,SP,Sudeste,0.001622011284082214,0.9983779887159178,0
2927309,2024,BA,Nordeste,0.001623082083178301,0.9983769179168217,0
3557204,2024,SP,Sudeste,0.0016232533474311458,0.9983767466525688,1
2900355,2024,BA,Nordeste,0.0016337333644084481,0.9983662666355916,0
1200203,2024,AC,Norte,0.0016387399045994576,0.9983612600954005,0
3519709,2024,SP,Sudeste,0.0016391405985394594,0.9983608594014606,0
2911006,2024,BA,Nordeste,0.0016517794128618525,0.9983482205871381,1
3502507,2024,SP,Sudeste,0.0016604955976546943,0.9983395044023453,0
2707206,2024,AL,Nordeste,0.0016608197232846956,0.9983391802767153,1
3157104,2024,MG,Sudeste,0.0016789741356724132,0.9983210258643276,1
1100080,2024,RO,Norte,0.001680977676577701,0.9983190223234223,0
2211704,2024,PI,Nordeste,0.0016849021052009455,0.9983150978947991,1
3551801,2024,SP,Sudeste,0.001687213896128013,0.998312786103872,0
1200609,2024,AC,Norte,0.0016933423456625591,0.9983066576543375,0
2903706,2024,BA,Nordeste,0.0016969829329589146,0.998303017067041,0
3140209,2024,MG,Sudeste,0.0017014941576028667,0.9982985058423971,0
3553807,2024,SP,Sudeste,0.0017019471817684296,0.9982980528182316,0
2922706,2024,BA,Nordeste,0.0017075668242751867,0.9982924331757248,1
4207205,2024,SC,Sul,0.0017101411005349578,0.9982898588994651,0
2401909,2024,RN,Nordeste,0.0017111906564888295,0.9982888093435112,0
4209409,2024,SC,Sul,0.0017176019639999912,0.998282398036,0
3540259,2024,SP,Sudeste,0.0017225937705414628,0.9982774062294585,0
3531704,2024,SP,Sudeste,0.0017277731351087817,0.9982722268648913,0
2102101,2024,MA,Nordeste,0.0017302046433220956,0.9982697953566779,0
3526209,2024,SP,Sudeste,0.0017363958528516213,0.9982636041471484,0
2924900,2024,BA,Nordeste,0.0017378390549240876,0.9982621609450759,0
3154606,2024,MG,Sudeste,0.00174275236543438,0.9982572476345656,0
2925303,2024,BA,Nordeste,0.001743010584199098,0.9982569894158009,0
3120300,2024,MG,Sudeste,0.0017448572378942835,0.9982551427621057,1
1501303,2024,PA,Norte,0.0017456217036561615,0.9982543782963439,0
3517406,2024,SP,Sudeste,0.001764029724519632,0.9982359702754804,0
3519907,2024,SP,Sudeste,0.0017732524759810936,0.9982267475240189,0
2902807,2024,BA,Nordeste,0.0017744910801631444,0.9982255089198369,0
2111201,2024,MA,Nordeste,0.0017854786471540498,0.9982145213528459,0
4315503,2024,RS,Sul,0.0017941934524403815,0.9982058065475596,0
3543907,2024,SP,Sudeste,0.001799167486389082,0.9982008325136109,0
2703205,2024,AL,Nordeste,0.0017993549574255403,0.9982006450425744,0
2503555,2024,PB,Nordeste,0.0018005473029808147,0.9981994526970192,1
1300409,2024,AM,Norte,0.0018052897177449833,0.998194710282255,0
2921054,2024,BA,Nordeste,0.0018200608910079836,0.998179939108992,0
2514503,2024,PB,Nordeste,0.0018213991100278098,0.9981786008899722,1
1503309,2024,PA,Norte,0.0018238280562272921,0.9981761719437727,0
3112703,2024,MG,Sudeste,0.001827708447245078,0.9981722915527549,0
2914406,2024,BA,Nordeste,0.0018377120940130448,0.9981622879059869,0
4313953,2024,RS,Sul,0.0018449009612174045,0.9981550990387826,0
3522208,2024,SP,Sudeste,0.0018460519316184463,0.9981539480683815,0
2414308,2024,RN,Nordeste,0.0018530512309174146,0.9981469487690826,1
2905156,2024,BA,Nordeste,0.0018540811042765252,0.9981459188957235,1
2103604,2024,MA,Nordeste,0.0018554805025037579,0.9981445194974963,1
3511904,2024,SP,Sudeste,0.0018603263262270881,0.9981396736737729,0
2910776,2024,BA,Nordeste,0.0018693732054485543,0.9981306267945514,0
3551702,2024,SP,Sudeste,0.0018736823144522602,0.9981263176855477,0
2406700,2024,RN,Nordeste,0.0018759272779833838,0.9981240727220166,0
2202778,2024,PI,Nordeste,0.0018776217316395641,0.9981223782683605,0
4100400,2024,PR,Sul,0.0018843682365933291,0.9981156317634067,0
1503457,2024,PA,Norte,0.001885761648981949,0.9981142383510181,0
3119302,2024,MG,Sudeste,0.0018912370472826605,0.9981087629527173,1
3135704,2024,MG,Sudeste,0.0018988559875576612,0.9981011440124423,1
2708402,2024,AL,Nordeste,0.0018998302281154507,0.9981001697718845,0
3515194,2024,SP,Sudeste,0.0019087135232071014,0.9980912864767929,0
3556602,2024,SP,Sudeste,0.0019089904053884621,0.9980910095946115,0
2604106,2024,PE,Nordeste,0.0019096207223080767,0.998090379277692,0
3532306,2024,SP,Sudeste,0.0019130599981482099,0.9980869400018518,1
1302504,2024,AM,Norte,0.0019138567042546208,0.9980861432957454,0
5002951,2024,MS,Centro-Oeste,0.0019151240953697152,0.9980848759046302,1
2111078,2024,MA,Nordeste,0.001915390725632649,0.9980846092743674,1
3305604,2024,RJ,Sudeste,0.001922175652537398,0.9980778243474626,0
3518107,2024,SP,Sudeste,0.0019241958946344456,0.9980758041053656,0
2709202,2024,AL,Nordeste,0.0019243677455331105,0.9980756322544669,1
2403608,2024,RN,Nordeste,0.0019256677702236306,0.9980743322297764,0
3150570,2024,MG,Sudeste,0.0019271719057557277,0.9980728280942442,1
2911709,2024,BA,Nordeste,0.0019314234610030736,0.9980685765389969,0
3554953,2024,SP,Sudeste,0.0019356297702407574,0.9980643702297592,0
1715507,2024,TO,Norte,0.00193681304366378,0.9980631869563362,0
1501709,2024,PA,Norte,0.0019396175510053898,0.9980603824489946,0
1304203,2024,AM,Norte,0.001942913155665896,0.9980570868443341,0
1301902,2024,AM,Norte,0.0019569106562875023,0.9980430893437126,0
3507209,2024,SP,Sudeste,0.0019592550594717127,0.9980407449405283,0
3154309,2024,MG,Sudeste,0.001961338404614534,0.9980386615953855,0
1508308,2024,PA,Norte,0.0019652575544054523,0.9980347424455945,0
3127057,2024,MG,Sudeste,0.0019654712275730454,0.9980345287724269,1
5105507,2024,MT,Centro-Oeste,0.0019800993871151498,0.9980199006128848,0
1300607,2024,AM,Norte,0.0019810012132060227,0.998018998786794,0
3502754,2024,SP,Sudeste,0.0019816327850511813,0.9980183672149489,0
2204352,2024,PI,Nordeste,0.0019849047971741214,0.9980150952028258,1
3301306,2024,RJ,Sudeste,0.0019872530588659174,0.9980127469411341,0
1304062,2024,AM,Norte,0.0020006460082505747,0.9979993539917494,0
2112506,2024,MA,Nordeste,0.0020048939940310847,0.997995106005969,1
4302501,2024,RS,Sul,0.0020103337891170417,0.9979896662108829,0
3157708,2024,MG,Sudeste,0.0020105539998695,0.9979894460001305,0
3555000,2024,SP,Sudeste,0.0020253478589897884,0.9979746521410102,0
2708709,2024,AL,Nordeste,0.0020312992225896926,0.9979687007774103,1
3514908,2024,SP,Sudeste,0.002032991824160376,0.9979670081758396,0
3554102,2024,SP,Sudeste,0.0020343284096908604,0.9979656715903091,0
2931608,2024,BA,Nordeste,0.0020481466628571037,0.9979518533371429,0
5104906,2024,MT,Centro-Oeste,0.002055363917764178,0.9979446360822358,0
2901304,2024,BA,Nordeste,0.0020617882774971266,0.9979382117225029,0
3150307,2024,MG,Sudeste,0.0020715731818731925,0.9979284268181268,1
2513406,2024,PB,Nordeste,0.002071611909500013,0.9979283880905,0
1701309,2024,TO,Norte,0.002074618084637075,0.997925381915363,1
3110509,2024,MG,Sudeste,0.0020777197214599057,0.9979222802785401,0
3555307,2024,SP,Sudeste,0.00207926755917413,0.9979207324408259,1
3520202,2024,SP,Sudeste,0.00207946822227165,0.9979205317777283,0
2512705,2024,PB,Nordeste,0.00208112135025512,0.9979188786497449,0
2923605,2024,BA,Nordeste,0.0020846073695989153,0.9979153926304011,0
4310413,2024,RS,Sul,0.002085579665764132,0.9979144203342358,0
3530409,2024,SP,Sudeste,0.002088887109779687,0.9979111128902203,0
4302238,2024,RS,Sul,0.0020956657579560825,0.9979043342420439,0
2102374,2024,MA,Nordeste,0.0021028184236865583,0.9978971815763135,1
2615003,2024,PE,Nordeste,0.0021051511224593382,0.9978948488775407,0
3514106,2024,SP,Sudeste,0.0021091052003444372,0.9978908947996555,0
4318309,2024,RS,Sul,0.0021157946097846822,0.9978842053902153,0
4212304,2024,SC,Sul,0.0021265780971830785,0.9978734219028169,0
2405801,2024,RN,Nordeste,0.0021349678393383672,0.9978650321606616,0
2400604,2024,RN,Nordeste,0.002136316849581962,0.9978636831504181,0
3522406,2024,SP,Sudeste,0.002141847372596645,0.9978581526274034,0
3548609,2024,SP,Sudeste,0.002147592540797378,0.9978524074592027,0
2505279,2024,PB,Nordeste,0.002153992973884451,0.9978460070261156,0
1501600,2024,PA,Norte,0.002160975430226706,0.9978390245697732,0
3300209,2024,RJ,Sudeste,0.002166860166877972,0.997833139833122,0
4301875,2024,RS,Sul,0.00216700055791513,0.9978329994420849,0
2614501,2024,PE,Nordeste,0.0021685054537688374,0.9978314945462312,0
1503408,2024,PA,Norte,0.0021701749960195763,0.9978298250039804,1
5218003,2024,GO,Centro-Oeste,0.002171268260147586,0.9978287317398524,0
2603207,2024,PE,Nordeste,0.0021854856280770045,0.997814514371923,1
2203909,2024,PI,Nordeste,0.002192496442057683,0.9978075035579423,0
2601052,2024,PE,Nordeste,0.002193348332093691,0.9978066516679063,0
3548500,2024,SP,Sudeste,0.002197687779557215,0.9978023122204428,0
3141504,2024,MG,Sudeste,0.0022042494859802002,0.9977957505140198,0
2933406,2024,BA,Nordeste,0.0022297255382352312,0.9977702744617648,0
1200336,2024,AC,Norte,0.0022343670364494026,0.9977656329635506,0
4202503,2024,SC,Sul,0.0022397715404956493,0.9977602284595044,0
2903102,2024,BA,Nordeste,0.002242067624541211,0.9977579323754587,0
3538709,2024,SP,Sudeste,0.0022437066349708626,0.9977562933650291,0
3551108,2024,SP,Sudeste,0.0022456855207959427,0.997754314479204,0
2502151,2024,PB,Nordeste,0.002277710249611837,0.9977222897503881,0
2202406,2024,PI,Nordeste,0.0022781117575477396,0.9977218882424522,0
2931004,2024,BA,Nordeste,0.002284747983724395,0.9977152520162756,0
5107909,2024,MT,Centro-Oeste,0.0022887343387829146,0.997711265661217,0
2101905,2024,MA,Nordeste,0.0023003598395431118,0.9976996401604569,1
5108501,2024,MT,Centro-Oeste,0.0023032968091691633,0.9976967031908308,1
2614303,2024,PE,Nordeste,0.002311051257809736,0.9976889487421903,1
3158508,2024,MG,Sudeste,0.0023111790004813767,0.9976888209995186,1
2931202,2024,BA,Nordeste,0.0023273164752190727,0.9976726835247809,0
2929503,2024,BA,Nordeste,0.0023350666452325855,0.9976649333547675,0
3522505,2024,SP,Sudeste,0.0023481073045917593,0.9976518926954082,0
3107000,2024,MG,Sudeste,0.0023697224033101018,0.9976302775966899,0
3117306,2024,MG,Sudeste,0.0023699438598966723,0.9976300561401034,0
3304607,2024,RJ,Sudeste,0.002371128916716013,0.997628871083284,0
3302056,2024,RJ,Sudeste,0.002372702470276544,0.9976272975297235,0
2613206,2024,PE,Nordeste,0.002379109253991526,0.9976208907460085,0
3304300,2024,RJ,Sudeste,0.0023799375893987108,0.9976200624106013,0
3555505,2024,SP,Sudeste,0.0023821165524154676,0.9976178834475845,0
2904001,2024,BA,Nordeste,0.002386889393573965,0.997613110606426,0
4203709,2024,SC,Sul,0.0023898479590500525,0.9976101520409499,0
3300258,2024,RJ,Sudeste,0.0023907262019816416,0.9976092737980183,0
1720499,2024,TO,Norte,0.0024070136556675233,0.9975929863443325,0
3525300,2024,SP,Sudeste,0.0024127244827921147,0.9975872755172079,0
3554805,2024,SP,Sudeste,0.0024183546969328007,0.9975816453030673,0
1503804,2024,PA,Norte,0.002420715604914993,0.997579284395085,0
3516002,2024,SP,Sudeste,0.002422749074405913,0.9975772509255941,0
2500502,2024,PB,Nordeste,0.0024233313655713097,0.9975766686344287,0
3305208,2024,RJ,Sudeste,0.0024278541463255824,0.9975721458536744,0
3137106,2024,MG,Sudeste,0.00243362096932778,0.9975663790306722,0
2903276,2024,BA,Nordeste,0.00243806514459487,0.9975619348554051,0
1713957,2024,TO,Norte,0.0024540135864549333,0.9975459864135451,1
3305752,2024,RJ,Sudeste,0.002458518445103629,0.9975414815548964,0
1701903,2024,TO,Norte,0.002463420179130475,0.9975365798208695,0
2921104,2024,BA,Nordeste,0.00247217049875086,0.9975278295012492,0
1100908,2024,RO,Norte,0.0024914738635469736,0.997508526136453,0
2405009,2024,RN,Nordeste,0.0025001650809492603,0.9974998349190507,0
3537008,2024,SP,Sudeste,0.002500650375520827,0.9974993496244792,0
4321600,2024,RS,Sul,0.002500761383624713,0.9974992386163752,0
2601904,2024,PE,Nordeste,0.002505372041246371,0.9974946279587537,0
2102903,2024,MA,Nordeste,0.0025055387557666622,0.9974944612442334,0
3155900,2024,MG,Sudeste,0.0025163257784696206,0.9974836742215304,0
5104807,2024,MT,Centro-Oeste,0.002520118998606273,0.9974798810013937,0
1500305,2024,PA,Norte,0.0025208076442718185,0.9974791923557281,0
2911204,2024,BA,Nordeste,0.0025232767907306646,0.9974767232092694,0
2406809,2024,RN,Nordeste,0.0025268467519214484,0.9974731532480785,0
3156601,2024,MG,Sudeste,0.0025401627289065435,0.9974598372710934,0
4304853,2024,RS,Sul,0.002553315985136578,0.9974466840148635,0
3513405,2024,SP,Sudeste,0.002561611738313849,0.9974383882616862,1
3539301,2024,SP,Sudeste,0.0025627696405889607,0.997437230359411,0
2208403,2024,PI,Nordeste,0.002567100353569273,0.9974328996464308,1
2600500,2024,PE,Nordeste,0.0025694195238955527,0.9974305804761044,0
3505906,2024,SP,Sudeste,0.0025779295731401743,0.9974220704268598,0
3520103,2024,SP,Sudeste,0.0025877974708234637,0.9974122025291765,0
2109205,2024,MA,Nordeste,0.0025881451214517723,0.9974118548785482,1
2921450,2024,BA,Nordeste,0.002591935390485544,0.9974080646095145,0
4322376,2024,RS,Sul,0.0025925014525904626,0.9974074985474095,0
3113701,2024,MG,Sudeste,0.00259598742730516,0.9974040125726948,0
2411106,2024,RN,Nordeste,0.002611109925231005,0.9973888900747689,0
3503802,2024,SP,Sudeste,0.00261492429506085,0.9973850757049392,0
3170404,2024,MG,Sudeste,0.0026197399308828515,0.9973802600691172,0
5103809,2024,MT,Centro-Oeste,0.0026218775934885295,0.9973781224065115,0
3504008,2024,SP,Sudeste,0.002624724868029432,0.9973752751319706,0
2604502,2024,PE,Nordeste,0.002625651824453022,0.9973743481755469,0
4319752,2024,RS,Sul,0.0026357913093743753,0.9973642086906256,0
1712454,2024,TO,Norte,0.0026366938361621906,0.9973633061638378,1
2507309,2024,PB,Nordeste,0.0026402807115864842,0.9973597192884135,1
2702702,2024,AL,Nordeste,0.0026420675464789985,0.997357932453521,0
2403251,2024,RN,Nordeste,0.0026586280907754715,0.9973413719092246,0
1505494,2024,PA,Norte,0.002665094850045373,0.9973349051499546,0
3140308,2024,MG,Sudeste,0.0026668899480196437,0.9973331100519803,1
1303700,2024,AM,Norte,0.0026757072996054566,0.9973242927003946,0
1100114,2024,RO,Norte,0.0026846605746476716,0.9973153394253523,0
2708907,2024,AL,Nordeste,0.0026852915783014955,0.9973147084216986,1
3156809,2024,MG,Sudeste,0.0026897738581329847,0.997310226141867,1
3300704,2024,RJ,Sudeste,0.002698347691159313,0.9973016523088407,0
2607802,2024,PE,Nordeste,0.002706862217771913,0.9972931377822281,0
2402501,2024,RN,Nordeste,0.002707441856699948,0.9972925581433001,0
3143708,2024,MG,Sudeste,0.0027108873564604427,0.9972891126435396,0
2503704,2024,PB,Nordeste,0.0027206503937852802,0.9972793496062147,0
1707405,2024,TO,Norte,0.0027264782354029485,0.997273521764597,0
2407500,2024,RN,Nordeste,0.0027273549593160766,0.9972726450406839,0
3519071,2024,SP,Sudeste,0.002728064276409994,0.99727193572359,0
4121356,2024,PR,Sul,0.0027394673185235545,0.9972605326814764,0
3161601,2024,MG,Sudeste,0.002745572990247682,0.9972544270097523,0
3142700,2024,MG,Sudeste,0.002746225821335203,0.9972537741786648,1
3151107,2024,MG,Sudeste,0.002749372085694049,0.997250627914306,0
2930006,2024,BA,Nordeste,0.0027499246362448072,0.9972500753637552,0
3515202,2024,SP,Sudeste,0.002752293260000023,0.99724770674,0
3544004,2024,SP,Sudeste,0.002764369480878151,0.9972356305191219,0
1718709,2024,TO,Norte,0.0027815806893081284,0.9972184193106919,1
3141009,2024,MG,Sudeste,0.002785008823561884,0.9972149911764381,0
1720101,2024,TO,Norte,0.002785091443443862,0.9972149085565561,0
1100346,2024,RO,Norte,0.002790241209681293,0.9972097587903187,1
1505809,2024,PA,Norte,0.002801767328828416,0.9971982326711716,0
5106307,2024,MT,Centro-Oeste,0.0028184947290561873,0.9971815052709438,1
2104073,2024,MA,Nordeste,0.002820207915797806,0.9971797920842022,0
4315305,2024,RS,Sul,0.002822778512884025,0.997177221487116,0
2609501,2024,PE,Nordeste,0.0028239457030688115,0.9971760542969312,0
2922607,2024,BA,Nordeste,0.0028339300108824114,0.9971660699891176,1
4122602,2024,PR,Sul,0.002839356696826081,0.9971606433031739,0
2914604,2024,BA,Nordeste,0.0028427265057880116,0.997157273494212,0
1101500,2024,RO,Norte,0.0028540113366815425,0.9971459886633185,0
4320677,2024,RS,Sul,0.002881844867795788,0.9971181551322043,0
5105606,2024,MT,Centro-Oeste,0.0028874968061496373,0.9971125031938504,0
3116001,2024,MG,Sudeste,0.002895063704973867,0.9971049362950262,0
3506102,2024,SP,Sudeste,0.002904102927450507,0.9970958970725495,0
3549805,2024,SP,Sudeste,0.002915588254195117,0.9970844117458049,0
2208007,2024,PI,Nordeste,0.0029265518229897344,0.9970734481770103,0
2801603,2024,SE,Nordeste,0.0029335246133323513,0.9970664753866676,1
2922003,2024,BA,Nordeste,0.0029374602431592204,0.9970625397568408,0
2927903,2024,BA,Nordeste,0.0029415351168459243,0.9970584648831541,0
2202208,2024,PI,Nordeste,0.0029482609038855062,0.9970517390961144,0
2706208,2024,AL,Nordeste,0.0029504888956676887,0.9970495111043323,1
2919959,2024,BA,Nordeste,0.002954132021168751,0.9970458679788312,0
2109601,2024,MA,Nordeste,0.0029574960678481216,0.9970425039321519,0
2910750,2024,BA,Nordeste,0.0029652769437628363,0.9970347230562372,0
2600203,2024,PE,Nordeste,0.0029663259340634964,0.9970336740659365,0
5107198,2024,MT,Centro-Oeste,0.0029689520201086075,0.9970310479798914,0
4316972,2024,RS,Sul,0.0029766110004088315,0.9970233889995912,0
2920502,2024,BA,Nordeste,0.002984234003965837,0.9970157659960341,0
2515104,2024,PB,Nordeste,0.002991830487828118,0.9970081695121719,0
3124302,2024,MG,Sudeste,0.002997753998136257,0.9970022460018637,0
3527702,2024,SP,Sudeste,0.00301526863658513,0.9969847313634149,0
1717503,2024,TO,Norte,0.003016491711082858,0.9969835082889171,1
2616209,2024,PE,Nordeste,0.0030171355120339953,0.996982864487966,0
2918902,2024,BA,Nordeste,0.0030226084364501494,0.9969773915635498,0
2104677,2024,MA,Nordeste,0.0030391589751455864,0.9969608410248544,0
2918506,2024,BA,Nordeste,0.003048059361029066,0.996951940638971,1
5108600,2024,MT,Centro-Oeste,0.0030602693527969427,0.9969397306472031,0
3157278,2024,MG,Sudeste,0.003070018626320657,0.9969299813736794,1
3166709,2024,MG,Sudeste,0.0030744549877907558,0.9969255450122092,1
3127339,2024,MG,Sudeste,0.0030745561068226527,0.9969254438931774,0
2400109,2024,RN,Nordeste,0.0030859258953740785,0.996914074104626,0
2917805,2024,BA,Nordeste,0.0030882519237839775,0.9969117480762161,1
2307304,2024,CE,Nordeste,0.0030971305135099824,0.99690286948649,0
2107902,2024,MA,Nordeste,0.003111830406854039,0.996888169593146,0
2504900,2024,PB,Nordeste,0.0031230373172706025,0.9968769626827294,0
3167202,2024,MG,Sudeste,0.0031232223133762457,0.9968767776866237,0
1506609,2024,PA,Norte,0.0031337543544175217,0.9968662456455825,0
2105427,2024,MA,Nordeste,0.003134457041415508,0.9968655429585845,0
1720804,2024,TO,Norte,0.0031479777029466737,0.9968520222970533,0
4309308,2024,RS,Sul,0.0031626320407335427,0.9968373679592665,0
4218954,2024,SC,Sul,0.0031697950361689667,0.996830204963831,0
2918803,2024,BA,Nordeste,0.0031748256650435407,0.9968251743349564,0
4113254,2024,PR,Sul,0.0031895776453856432,0.9968104223546144,0
3109402,2024,MG,Sudeste,0.003195410653463104,0.9968045893465369,1
2924306,2024,BA,Nordeste,0.0032395326388167545,0.9967604673611833,0
2201804,2024,PI,Nordeste,0.0032413333810512174,0.9967586666189487,0
1508035,2024,PA,Norte,0.00325053153872425,0.9967494684612758,0
3305000,2024,RJ,Sudeste,0.0032531200487325865,0.9967468799512674,0
1702109,2024,TO,Norte,0.003268396783310025,0.99673160321669,1
2613008,2024,PE,Nordeste,0.0032695559957107603,0.9967304440042892,1
1500503,2024,PA,Norte,0.0032713457353174746,0.9967286542646825,0
5106315,2024,MT,Centro-Oeste,0.0032757756161352746,0.9967242243838648,0
3302700,2024,RJ,Sudeste,0.0032899985368812223,0.9967100014631187,0
5104104,2024,MT,Centro-Oeste,0.003331412928346564,0.9966685870716534,0
2513802,2024,PB,Nordeste,0.003344325348703975,0.996655674651296,0
1507474,2024,PA,Norte,0.003345569515712399,0.9966544304842876,0
3153707,2024,MG,Sudeste,0.003347526153458016,0.996652473846542,1
3143203,2024,MG,Sudeste,0.00334776032058598,0.996652239679414,1
2516805,2024,PB,Nordeste,0.0033497694472087577,0.9966502305527912,1
2500577,2024,PB,Nordeste,0.003371576353245453,0.9966284236467545,0
3553500,2024,SP,Sudeste,0.0033819653713105307,0.9966180346286895,0
3301504,2024,RJ,Sudeste,0.003393763254871462,0.9966062367451285,0
2512002,2024,PB,Nordeste,0.003394990248366873,0.9966050097516331,0
3157906,2024,MG,Sudeste,0.003401505027232792,0.9965984949727672,0
2210391,2024,PI,Nordeste,0.003409445628896876,0.9965905543711031,1
3114550,2024,MG,Sudeste,0.0034234529577911294,0.9965765470422089,1
3556909,2024,SP,Sudeste,0.003430972407191357,0.9965690275928086,0
5006358,2024,MS,Centro-Oeste,0.0034321409956543465,0.9965678590043456,1
3542909,2024,SP,Sudeste,0.0034380672080627237,0.9965619327919373,0
3512209,2024,SP,Sudeste,0.003439700697789076,0.9965602993022109,0
3552304,2024,SP,Sudeste,0.003442886548037036,0.996557113451963,0
3546603,2024,SP,Sudeste,0.003447269258488447,0.9965527307415115,0
2110203,2024,MA,Nordeste,0.003455529230615246,0.9965444707693848,0
1507151,2024,PA,Norte,0.003464894610409292,0.9965351053895907,0
3117405,2024,MG,Sudeste,0.0034743451445496077,0.9965256548554504,0
2412005,2024,RN,Nordeste,0.003484206276924935,0.9965157937230751,0
2706109,2024,AL,Nordeste,0.0034890879350987407,0.9965109120649013,1
3509254,2024,SP,Sudeste,0.0034957376571315515,0.9965042623428685,0
3134004,2024,MG,Sudeste,0.0035061995097734064,0.9964938004902266,1
1101401,2024,RO,Norte,0.0035316401457096214,0.9964683598542904,0
1501204,2024,PA,Norte,0.0035324174746198594,0.9964675825253801,0
3165552,2024,MG,Sudeste,0.0035363863634085098,0.9964636136365915,1
3518404,2024,SP,Sudeste,0.0035372590754513137,0.9964627409245487,0
1503200,2024,PA,Norte,0.0035510582822079165,0.9964489417177921,0
4216503,2024,SC,Sul,0.0035605771012274146,0.9964394228987726,0
3524907,2024,SP,Sudeste,0.003568691687194336,0.9964313083128057,0
2410405,2024,RN,Nordeste,0.0035922578974460963,0.9964077421025539,0
3163003,2024,MG,Sudeste,0.0036088738325633445,0.9963911261674366,0
2614105,2024,PE,Nordeste,0.0036115275322427887,0.9963884724677572,0
2601409,2024,PE,Nordeste,0.0036182836034546004,0.9963817163965454,0
5106240,2024,MT,Centro-Oeste,0.0036249078701623737,0.9963750921298377,0
3162302,2024,MG,Sudeste,0.0036250186516361806,0.9963749813483638,0
3534302,2024,SP,Sudeste,0.003629203344310673,0.9963707966556893,1
1304005,2024,AM,Norte,0.003634413163389282,0.9963655868366107,0
3503109,2024,SP,Sudeste,0.003636580535445415,0.9963634194645545,0
2616308,2024,PE,Nordeste,0.0036439773562038287,0.9963560226437962,1
3139250,2024,MG,Sudeste,0.003653174054223159,0.9963468259457768,1
2911253,2024,BA,Nordeste,0.0036610460835133636,0.9963389539164866,0
3507506,2024,SP,Sudeste,0.003665865117104743,0.9963341348828952,0
2702207,2024,AL,Nordeste,0.003672621012686785,0.9963273789873132,1
2912301,2024,BA,Nordeste,0.003673105848543097,0.9963268941514569,0
2919058,2024,BA,Nordeste,0.0036872826567806638,0.9963127173432194,0
2503407,2024,PB,Nordeste,0.003693747213228108,0.9963062527867719,0
2207777,2024,PI,Nordeste,0.003701847407245295,0.9962981525927547,0
2931806,2024,BA,Nordeste,0.0037084304655128964,0.996291569534487,0
4106001,2024,PR,Sul,0.0037093150243238623,0.9962906849756762,0
1504307,2024,PA,Norte,0.0037205644954301127,0.9962794355045699,0
2922409,2024,BA,Nordeste,0.003747571478616924,0.9962524285213831,0
2409902,2024,RN,Nordeste,0.0037552370571820727,0.9962447629428179,0
5006200,2024,MS,Centro-Oeste,0.0037603042822420872,0.996239695717758,1
2505352,2024,PB,Nordeste,0.003760425141332173,0.9962395748586679,0
3520905,2024,SP,Sudeste,0.0037623333544634383,0.9962376666455366,0
3507159,2024,SP,Sudeste,0.003770594990606502,0.9962294050093935,0
3502903,2024,SP,Sudeste,0.003774977524940359,0.9962250224750596,0
2708501,2024,AL,Nordeste,0.003802180595628938,0.996197819404371,1
3144201,2024,MG,Sudeste,0.0038082940795583237,0.9961917059204417,0
3113008,2024,MG,Sudeste,0.0038157962660714468,0.9961842037339286,1
2910305,2024,BA,Nordeste,0.003850366261800346,0.9961496337381996,0
5200258,2024,GO,Centro-Oeste,0.003853945966669141,0.9961460540333309,0
3142908,2024,MG,Sudeste,0.003861203302133465,0.9961387966978665,0
3105400,2024,MG,Sudeste,0.003864987955156656,0.9961350120448433,0
3505351,2024,SP,Sudeste,0.0038734393799479236,0.9961265606200521,0
1100049,2024,RO,Norte,0.0038789936308084175,0.9961210063691915,0
4105201,2024,PR,Sul,0.0038881607840325232,0.9961118392159675,0
2510006,2024,PB,Nordeste,0.0038888784063613596,0.9961111215936387,1
3153202,2024,MG,Sudeste,0.0038985505855838195,0.9961014494144161,0
3500303,2024,SP,Sudeste,0.0039135891949757815,0.9960864108050242,1
3302403,2024,RJ,Sudeste,0.003919477508451575,0.9960805224915484,0
2517407,2024,PB,Nordeste,0.003944399155271544,0.9960556008447284,0
2209401,2024,PI,Nordeste,0.003947272684559425,0.9960527273154406,0
1707652,2024,TO,Norte,0.003949928681664837,0.9960500713183351,0
3526407,2024,SP,Sudeste,0.0039762242619270265,0.996023775738073,0
2205805,2024,PI,Nordeste,0.004003872090335786,0.9959961279096642,0
2102408,2024,MA,Nordeste,0.004007753341971796,0.9959922466580282,0
3125002,2024,MG,Sudeste,0.004039571237649821,0.9959604287623501,1
2414001,2024,RN,Nordeste,0.004047318011782107,0.9959526819882178,0
3535507,2024,SP,Sudeste,0.004086652902763413,0.9959133470972366,0
2602803,2024,PE,Nordeste,0.004094398121464979,0.995905601878535,0
2906907,2024,BA,Nordeste,0.004100549960982799,0.9958994500390173,0
3556701,2024,SP,Sudeste,0.004120003490350004,0.99587999650965,0
1600303,2024,AP,Norte,0.004138587221029359,0.9958614127789707,0
2915007,2024,BA,Nordeste,0.004147092326934619,0.9958529076730653,0
2411601,2024,RN,Nordeste,0.0041523421447511345,0.9958476578552489,0
3300100,2024,RJ,Sudeste,0.004169830235377641,0.9958301697646224,0
3547809,2024,SP,Sudeste,0.004172107941960731,0.9958278920580392,0
5105150,2024,MT,Centro-Oeste,0.004185568875478091,0.995814431124522,0
3127305,2024,MG,Sudeste,0.004216847302120705,0.9957831526978793,1
3531506,2024,SP,Sudeste,0.004221676220865362,0.9957783237791347,0
2611705,2024,PE,Nordeste,0.004222327481950987,0.995777672518049,0
2908101,2024,BA,Nordeste,0.004225030214690448,0.9957749697853095,0
2515500,2024,PB,Nordeste,0.004228573460676646,0.9957714265393234,0
3525508,2024,SP,Sudeste,0.004232225646381858,0.9957677743536182,0
5002407,2024,MS,Centro-Oeste,0.004233780294538556,0.9957662197054614,1
5107040,2024,MT,Centro-Oeste,0.004240189999736673,0.9957598100002634,0
1301308,2024,AM,Norte,0.004268241760854784,0.9957317582391452,0
3306206,2024,RJ,Sudeste,0.004276095316081595,0.9957239046839184,0
2807303,2024,SE,Nordeste,0.004290645183830073,0.99570935481617,1
3540002,2024,SP,Sudeste,0.0042921640564752336,0.9957078359435247,0
2904209,2024,BA,Nordeste,0.004295470807272771,0.9957045291927272,0
5103700,2024,MT,Centro-Oeste,0.00431322723433334,0.9956867727656666,0
2105005,2024,MA,Nordeste,0.004320880489256656,0.9956791195107434,0
3502408,2024,SP,Sudeste,0.004324622918422461,0.9956753770815775,0
1600212,2024,AP,Norte,0.004325481637407159,0.9956745183625928,0
3550407,2024,SP,Sudeste,0.004329129195250967,0.995670870804749,0
3125309,2024,MG,Sudeste,0.004339264827827313,0.9956607351721727,1
3509700,2024,SP,Sudeste,0.004344027820128859,0.9956559721798711,0
3156205,2024,MG,Sudeste,0.004384559471940174,0.9956154405280598,0
3116100,2024,MG,Sudeste,0.004389840353953112,0.9956101596460469,1
4320651,2024,RS,Sul,0.004396294716907863,0.9956037052830922,0
3304003,2024,RJ,Sudeste,0.0043993525154471125,0.9956006474845529,0
2502805,2024,PB,Nordeste,0.0044031703225084085,0.9955968296774916,0
2923308,2024,BA,Nordeste,0.004427781356285341,0.9955722186437147,1
1100023,2024,RO,Norte,0.004437372302335515,0.9955626276976645,0
1506559,2024,PA,Norte,0.004473326201112627,0.9955266737988874,0
3170206,2024,MG,Sudeste,0.004479061289784409,0.9955209387102156,1
3125804,2024,MG,Sudeste,0.004501100467495551,0.9954988995325045,0
1705102,2024,TO,Norte,0.004511277625149458,0.9954887223748505,0
2513927,2024,PB,Nordeste,0.004532872257866893,0.9954671277421331,0
3106101,2024,MG,Sudeste,0.004533092933110653,0.9954669070668893,0
5102850,2024,MT,Centro-Oeste,0.004535973999236618,0.9954640260007633,0
1200252,2024,AC,Norte,0.004551569197868021,0.995448430802132,0
2911501,2024,BA,Nordeste,0.00455924140868442,0.9954407585913155,1
2704005,2024,AL,Nordeste,0.004563519116621554,0.9954364808833784,0
3527306,2024,SP,Sudeste,0.004565868380961817,0.9954341316190382,0
3161056,2024,MG,Sudeste,0.0045706014216302295,0.9954293985783698,0
2104057,2024,MA,Nordeste,0.0045721745764972475,0.9954278254235027,0
3101102,2024,MG,Sudeste,0.004589791309417321,0.9954102086905827,0
3169802,2024,MG,Sudeste,0.004601860977199058,0.9953981390228009,0
1200104,2024,AC,Norte,0.00461474767316224,0.9953852523268377,0
1503093,2024,PA,Norte,0.004623651470977906,0.9953763485290221,0
2106805,2024,MA,Nordeste,0.004658660817954324,0.9953413391820457,0
2912509,2024,BA,Nordeste,0.004674336480088612,0.9953256635199114,0
3111507,2024,MG,Sudeste,0.004686867011272344,0.9953131329887277,0
3556800,2024,SP,Sudeste,0.00469696567028869,0.9953030343297113,0
4313409,2024,RS,Sul,0.004702971093742363,0.9952970289062576,0
3143609,2024,MG,Sudeste,0.004712225865091713,0.9952877741349083,0
5004106,2024,MS,Centro-Oeste,0.004716860074714185,0.9952831399252858,1
3523107,2024,SP,Sudeste,0.004729130361837287,0.9952708696381627,1
5106000,2024,MT,Centro-Oeste,0.004732082425588397,0.9952679175744116,1
2406155,2024,RN,Nordeste,0.004774079657850978,0.9952259203421491,0
2202059,2024,PI,Nordeste,0.004779819295055634,0.9952201807049443,1
2206050,2024,PI,Nordeste,0.004794432277104794,0.9952055677228953,1
4210704,2024,SC,Sul,0.004808034842689773,0.9951919651573102,0
2112902,2024,MA,Nordeste,0.004830360213821971,0.995169639786178,1
2706406,2024,AL,Nordeste,0.004837595688711673,0.9951624043112883,0
2501500,2024,PB,Nordeste,0.0048706874050992565,0.9951293125949008,0
2105401,2024,MA,Nordeste,0.004870721132229604,0.9951292788677704,0
3128808,2024,MG,Sudeste,0.004875704498364581,0.9951242955016354,0
1705557,2024,TO,Norte,0.004887857878223378,0.9951121421217766,0
3300936,2024,RJ,Sudeste,0.004893060814900853,0.9951069391850992,0
3512803,2024,SP,Sudeste,0.004902271572114708,0.9950977284278852,0
3151602,2024,MG,Sudeste,0.004906750434368543,0.9950932495656315,1
1100130,2024,RO,Norte,0.00491203623346996,0.9950879637665301,1
2108405,2024,MA,Nordeste,0.0049284627695118715,0.9950715372304881,1
1710904,2024,TO,Norte,0.004934730128481322,0.9950652698715187,1
2614006,2024,PE,Nordeste,0.004944975804454086,0.9950550241955459,0
3510500,2024,SP,Sudeste,0.004945279390081126,0.9950547206099188,0
5101308,2024,MT,Centro-Oeste,0.004946198071073044,0.995053801928927,0
3500758,2024,SP,Sudeste,0.004952445931422935,0.995047554068577,0
2926400,2024,BA,Nordeste,0.004953237251726208,0.9950467627482737,0
2901502,2024,BA,Nordeste,0.004953364893384794,0.9950466351066152,1
3160306,2024,MG,Sudeste,0.004955144152326651,0.9950448558476733,0
1716604,2024,TO,Norte,0.004965082869485685,0.9950349171305143,0
3507902,2024,SP,Sudeste,0.0049809360339383435,0.9950190639660617,0
3516705,2024,SP,Sudeste,0.004988189077651172,0.9950118109223488,0
3524600,2024,SP,Sudeste,0.004992500514582433,0.9950074994854176,0
2611507,2024,PE,Nordeste,0.004997747379956278,0.9950022526200437,0
3550001,2024,SP,Sudeste,0.005011059552733468,0.9949889404472665,0
3129806,2024,MG,Sudeste,0.005023168332554353,0.9949768316674457,1
1302900,2024,AM,Norte,0.0050284751580326635,0.9949715248419674,0
3509403,2024,SP,Sudeste,0.005074646971970811,0.9949253530280292,0
2500106,2024,PB,Nordeste,0.005084615606267525,0.9949153843937325,0
5219753,2024,GO,Centro-Oeste,0.005090784220157695,0.9949092157798423,0
2603702,2024,PE,Nordeste,0.005096134785795186,0.9949038652142048,1
3146255,2024,MG,Sudeste,0.005100285715600058,0.9948997142843999,1
3530805,2024,SP,Sudeste,0.0051121800754680615,0.9948878199245319,0
3553203,2024,SP,Sudeste,0.005114947846672213,0.9948850521533278,0
1709500,2024,TO,Norte,0.005148169734632421,0.9948518302653676,0
1720309,2024,TO,Norte,0.0051569388528078935,0.9948430611471921,1
1506351,2024,PA,Norte,0.0051572132430673335,0.9948427867569327,0
5100508,2024,MT,Centro-Oeste,0.005168161097211503,0.9948318389027885,0
1713205,2024,TO,Norte,0.0051684040514619525,0.9948315959485381,0
3546306,2024,SP,Sudeste,0.005169251273093807,0.9948307487269062,1
5104500,2024,MT,Centro-Oeste,0.005172551366732544,0.9948274486332674,1
1200054,2024,AC,Norte,0.005173463955918045,0.994826536044082,0
3144359,2024,MG,Sudeste,0.005179979942472334,0.9948200200575277,0
1702208,2024,TO,Norte,0.00518161620756905,0.9948183837924309,1
3303955,2024,RJ,Sudeste,0.005206250061059936,0.9947937499389401,1
1302207,2024,AM,Norte,0.0052092830560827065,0.9947907169439173,0
4318614,2024,RS,Sul,0.005212796467070383,0.9947872035329296,0
2401107,2024,RN,Nordeste,0.0052317559306430264,0.9947682440693569,0
3301207,2024,RJ,Sudeste,0.005233222909010635,0.9947667770909894,1
1301001,2024,AM,Norte,0.005234862017247702,0.9947651379827523,0
3133600,2024,MG,Sudeste,0.005244888969989662,0.9947551110300104,1
1300706,2024,AM,Norte,0.005253377320886537,0.9947466226791135,0
5107958,2024,MT,Centro-Oeste,0.005286286628679412,0.9947137133713206,1
2409100,2024,RN,Nordeste,0.005301001138601439,0.9946989988613986,1
5002001,2024,MS,Centro-Oeste,0.005314230516542482,0.9946857694834575,1
5108055,2024,MT,Centro-Oeste,0.005328054546680069,0.9946719454533199,0
3527009,2024,SP,Sudeste,0.005345980928288148,0.9946540190717118,0
3554201,2024,SP,Sudeste,0.00535601788570936,0.9946439821142906,0
2925204,2024,BA,Nordeste,0.005357287017489581,0.9946427129825104,0
3110905,2024,MG,Sudeste,0.005364894324218505,0.9946351056757815,1
5104609,2024,MT,Centro-Oeste,0.005371620607768513,0.9946283793922315,1
2910206,2024,BA,Nordeste,0.005376741767596515,0.9946232582324035,0
2615409,2024,PE,Nordeste,0.005413711389077751,0.9945862886109222,1
2407906,2024,RN,Nordeste,0.0054245470953695534,0.9945754529046305,0
2708956,2024,AL,Nordeste,0.005424616757220496,0.9945753832427795,0
3528007,2024,SP,Sudeste,0.0054311773463718346,0.9945688226536281,0
3545209,2024,SP,Sudeste,0.005488087943132178,0.9945119120568678,0
3140902,2024,MG,Sudeste,0.00548897060697721,0.9945110293930228,0
3536109,2024,SP,Sudeste,0.005490378862850327,0.9945096211371497,0
3172202,2024,MG,Sudeste,0.005511593318181023,0.9944884066818189,1
3522158,2024,SP,Sudeste,0.00554776302525577,0.9944522369747443,0
2901007,2024,BA,Nordeste,0.005556112021679126,0.9944438879783208,0
3524303,2024,SP,Sudeste,0.0055580439071975995,0.9944419560928024,0
3517604,2024,SP,Sudeste,0.005566786230643094,0.9944332137693569,0
1101708,2024,RO,Norte,0.005584216554090781,0.9944157834459092,0
3503901,2024,SP,Sudeste,0.005656981561483713,0.9943430184385162,1
2210938,2024,PI,Nordeste,0.005659416032260275,0.9943405839677397,1
1100155,2024,RO,Norte,0.0056949516269816204,0.9943050483730184,0
2400406,2024,RN,Nordeste,0.005715393948689318,0.9942846060513106,0
4311007,2024,RS,Sul,0.005722689697856812,0.9942773103021432,0
3535606,2024,SP,Sudeste,0.005745880785452474,0.9942541192145475,0
3513108,2024,SP,Sudeste,0.0057478891895059465,0.994252110810494,1
2703403,2024,AL,Nordeste,0.005763360315162739,0.9942366396848372,1
4314050,2024,RS,Sul,0.005772446622759946,0.99422755337724,0
2611200,2024,PE,Nordeste,0.005773185848251171,0.9942268141517489,0
1706100,2024,TO,Norte,0.005784534517803036,0.994215465482197,1
4304630,2024,RS,Sul,0.005791840792667294,0.9942081592073327,0
2926657,2024,BA,Nordeste,0.005798701478511043,0.994201298521489,0
2606804,2024,PE,Nordeste,0.005812983325113724,0.9941870166748863,0
2107357,2024,MA,Nordeste,0.005832056699104408,0.9941679433008956,0
3300951,2024,RJ,Sudeste,0.00583900506901373,0.9941609949309863,1
3110202,2024,MG,Sudeste,0.005854395827003734,0.9941456041729962,1
3534609,2024,SP,Sudeste,0.005895423902546925,0.9941045760974531,0
2909000,2024,BA,Nordeste,0.0058965155410454495,0.9941034844589546,0
3535309,2024,SP,Sudeste,0.005906905891962904,0.9940930941080371,1
2606705,2024,PE,Nordeste,0.005924053959674433,0.9940759460403256,1
2603108,2024,PE,Nordeste,0.005929958572803096,0.9940700414271969,0
4321352,2024,RS,Sul,0.0059325263514765775,0.9940674736485234,0
2600906,2024,PE,Nordeste,0.005955925068891897,0.9940440749311081,0
2414159,2024,RN,Nordeste,0.00596434131392766,0.9940356586860724,0
1505007,2024,PA,Norte,0.005978138182462992,0.994021861817537,0
1500206,2024,PA,Norte,0.005984602769351385,0.9940153972306486,0
3171907,2024,MG,Sudeste,0.006036131045602747,0.9939638689543973,0
2803005,2024,SE,Nordeste,0.0060397984958649245,0.9939602015041351,0
1506005,2024,PA,Norte,0.0060619447348345176,0.9939380552651654,0
1500909,2024,PA,Norte,0.006071872373557987,0.993928127626442,0
3124203,2024,MG,Sudeste,0.006077123802926142,0.9939228761970739,0
2111003,2024,MA,Nordeste,0.006083480141339478,0.9939165198586605,1
4318705,2024,RS,Sul,0.006095693584042072,0.993904306415958,0
3500402,2024,SP,Sudeste,0.006118492318953366,0.9938815076810467,0
3505500,2024,SP,Sudeste,0.006136847164949363,0.9938631528350507,0
4311270,2024,RS,Sul,0.0061681606560335675,0.9938318393439665,0
2514107,2024,PB,Nordeste,0.006169745203310659,0.9938302547966893,0
3123700,2024,MG,Sudeste,0.0061944966219376375,0.9938055033780624,0
3508801,2024,SP,Sudeste,0.006198356693195033,0.993801643306805,0
3511300,2024,SP,Sudeste,0.006202655712327408,0.9937973442876726,0
1506112,2024,PA,Norte,0.006211628066438669,0.9937883719335613,0
3157203,2024,MG,Sudeste,0.006220706743667465,0.9937792932563325,0
3112059,2024,MG,Sudeste,0.006248640469569302,0.9937513595304307,0
4302584,2024,RS,Sul,0.00626254474959359,0.9937374552504064,0
3138401,2024,MG,Sudeste,0.0062684183997295355,0.9937315816002704,0
3550100,2024,SP,Sudeste,0.006272403092913743,0.9937275969070862,0
3303906,2024,RJ,Sudeste,0.006283249300597641,0.9937167506994024,0
1501402,2024,PA,Norte,0.006324762942183574,0.9936752370578165,0
2803302,2024,SE,Nordeste,0.0063435510192394,0.9936564489807606,1
3513603,2024,SP,Sudeste,0.006351586996898876,0.9936484130031011,0
3502200,2024,SP,Sudeste,0.0063557923113227175,0.9936442076886772,1
1508100,2024,PA,Norte,0.0063779839270989335,0.993622016072901,0
1100056,2024,RO,Norte,0.006378986409802331,0.9936210135901977,1
2103703,2024,MA,Nordeste,0.0063909332558951,0.9936090667441049,0
2601003,2024,PE,Nordeste,0.006397278754877765,0.9936027212451223,0
5000252,2024,MS,Centro-Oeste,0.006410336089769201,0.9935896639102308,0
3119401,2024,MG,Sudeste,0.006416121751960493,0.9935838782480395,1
3304128,2024,RJ,Sudeste,0.006422882776625825,0.9935771172233742,1
3514205,2024,SP,Sudeste,0.006424517457388616,0.9935754825426114,0
3135100,2024,MG,Sudeste,0.006461649426250725,0.9935383505737493,1
3152170,2024,MG,Sudeste,0.006473863757262129,0.9935261362427379,0
3541059,2024,SP,Sudeste,0.0064810384092121405,0.9935189615907879,0
3538600,2024,SP,Sudeste,0.006531729356818363,0.9934682706431817,0
3515509,2024,SP,Sudeste,0.0065346744722536544,0.9934653255277464,0
4316709,2024,RS,Sul,0.006539145014640752,0.9934608549853593,0
3153608,2024,MG,Sudeste,0.006545445452372496,0.9934545545476275,0
4300604,2024,RS,Sul,0.006551737216520152,0.9934482627834799,0
2704906,2024,AL,Nordeste,0.006581937625522263,0.9934180623744777,0
5003454,2024,MS,Centro-Oeste,0.006583237328812396,0.9934167626711876,0
2411007,2024,RN,Nordeste,0.006636034465063258,0.9933639655349368,0
3162401,2024,MG,Sudeste,0.0066391253613905885,0.9933608746386094,0
4300661,2024,RS,Sul,0.006639510046869064,0.993360489953131,0
2601607,2024,PE,Nordeste,0.006643804539283743,0.9933561954607163,1
3305505,2024,RJ,Sudeste,0.006650284416773453,0.9933497155832266,0
3156007,2024,MG,Sudeste,0.006650535190889386,0.9933494648091106,1
2106102,2024,MA,Nordeste,0.0066649449162775225,0.9933350550837224,1
3155504,2024,MG,Sudeste,0.006706262257730926,0.993293737742269,0
2104404,2024,MA,Nordeste,0.006717085689984977,0.993282914310015,1
3145356,2024,MG,Sudeste,0.006749784237217911,0.993250215762782,1
1504406,2024,PA,Norte,0.006765956369055564,0.9932340436309445,1
2604007,2024,PE,Nordeste,0.006771180172060793,0.9932288198279392,0
2600302,2024,PE,Nordeste,0.006782170550518163,0.9932178294494818,0
3157377,2024,MG,Sudeste,0.006805529394592102,0.9931944706054079,0
2110237,2024,MA,Nordeste,0.006808884024277708,0.9931911159757223,0
2609600,2024,PE,Nordeste,0.006818888588688908,0.993181111411311,0
2905008,2024,BA,Nordeste,0.0068217510512032205,0.9931782489487968,0
2112308,2024,MA,Nordeste,0.006850774122740221,0.9931492258772597,1
2610103,2024,PE,Nordeste,0.006861434308398679,0.9931385656916013,0
3113503,2024,MG,Sudeste,0.006875632950351429,0.9931243670496486,1
3306305,2024,RJ,Sudeste,0.006878340045720609,0.9931216599542794,0
2608305,2024,PE,Nordeste,0.0068795740956359725,0.993120425904364,1
1504752,2024,PA,Norte,0.006886704342932813,0.9931132956570672,0
4323002,2024,RS,Sul,0.006892687748593071,0.9931073122514069,0
2211001,2024,PI,Nordeste,0.00690435648204813,0.9930956435179519,0
5006903,2024,MS,Centro-Oeste,0.006911219845252638,0.9930887801547473,1
3124807,2024,MG,Sudeste,0.006948698901368951,0.993051301098631,1
1500602,2024,PA,Norte,0.0069841826940829415,0.993015817305917,0
2911303,2024,BA,Nordeste,0.006991301112419824,0.9930086988875801,0
2102556,2024,MA,Nordeste,0.007002080497091003,0.9929979195029089,0
3136306,2024,MG,Sudeste,0.007029399369377162,0.9929706006306228,1
2500775,2024,PB,Nordeste,0.007042631099527713,0.9929573689004723,1
2515203,2024,PB,Nordeste,0.007049464496648121,0.9929505355033519,0
3506706,2024,SP,Sudeste,0.007072641269389933,0.9929273587306101,1
2613503,2024,PE,Nordeste,0.007081777165379702,0.9929182228346203,1
3104700,2024,MG,Sudeste,0.0070877680547118856,0.9929122319452881,0
2102036,2024,MA,Nordeste,0.007094860416550936,0.9929051395834491,0
2707008,2024,AL,Nordeste,0.007099521892550121,0.9929004781074499,1
1506583,2024,PA,Norte,0.007113835993613822,0.9928861640063862,0
3521101,2024,SP,Sudeste,0.007131845187820793,0.9928681548121792,1
3525805,2024,SP,Sudeste,0.007133330350568253,0.9928666696494317,0
5101258,2024,MT,Centro-Oeste,0.007140905077763057,0.9928590949222369,1
2614857,2024,PE,Nordeste,0.00714842790967247,0.9928515720903275,1
4218301,2024,SC,Sul,0.007151430269273217,0.9928485697307268,0
3531308,2024,SP,Sudeste,0.007152875878379173,0.9928471241216208,0
3504602,2024,SP,Sudeste,0.007155484353975675,0.9928445156460243,0
3300407,2024,RJ,Sudeste,0.0071680491671644656,0.9928319508328355,0
2922300,2024,BA,Nordeste,0.0071717873993368455,0.9928282126006631,1
2412906,2024,RN,Nordeste,0.007173886121454434,0.9928261138785456,1
3537305,2024,SP,Sudeste,0.0072051214292195055,0.9927948785707805,0
2205201,2024,PI,Nordeste,0.00725369979424787,0.9927463002057522,0
3122355,2024,MG,Sudeste,0.007267146219792604,0.9927328537802074,1
3138625,2024,MG,Sudeste,0.007303229270212673,0.9926967707297873,0
2415008,2024,RN,Nordeste,0.00730632880807399,0.992693671191926,1
2603009,2024,PE,Nordeste,0.007309812158458037,0.992690187841542,0
3136405,2024,MG,Sudeste,0.00731986125134289,0.9926801387486571,1
2507507,2024,PB,Nordeste,0.0073236182439253995,0.9926763817560746,0
2604304,2024,PE,Nordeste,0.007326611298044668,0.9926733887019553,1
2302008,2024,CE,Nordeste,0.007334578070668419,0.9926654219293316,0
4312377,2024,RS,Sul,0.007345240413498091,0.992654759586502,0
3128303,2024,MG,Sudeste,0.007363036934729402,0.9926369630652706,0
2610004,2024,PE,Nordeste,0.0073667763827600504,0.9926332236172399,1
3302254,2024,RJ,Sudeste,0.007366811413711125,0.9926331885862889,0
2100402,2024,MA,Nordeste,0.007370844894570197,0.9926291551054298,0
3547304,2024,SP,Sudeste,0.00737347869219555,0.9926265213078045,0
3118106,2024,MG,Sudeste,0.0073902135351681724,0.9926097864648318,0
3138609,2024,MG,Sudeste,0.007412867375762914,0.992587132624237,1
2411429,2024,RN,Nordeste,0.0074157315751534215,0.9925842684248466,0
1100940,2024,RO,Norte,0.007424093982283648,0.9925759060177164,0
2807006,2024,SE,Nordeste,0.007433759601139936,0.9925662403988601,0
3124906,2024,MG,Sudeste,0.007444133400595469,0.9925558665994045,1
2208205,2024,PI,Nordeste,0.007499715336549061,0.992500284663451,1
3531209,2024,SP,Sudeste,0.0075043288759786145,0.9924956711240214,0
3109303,2024,MG,Sudeste,0.007519826261841789,0.9924801737381582,1
3170008,2024,MG,Sudeste,0.007528206708940051,0.99247179329106,0
3205002,2024,ES,Sudeste,0.007534380257242593,0.9924656197427574,0
5104526,2024,MT,Centro-Oeste,0.007544274511510992,0.992455725488489,0
2404853,2024,RN,Nordeste,0.007550507035141054,0.992449492964859,0
2104552,2024,MA,Nordeste,0.007552257790720193,0.9924477422092798,0
2409407,2024,RN,Nordeste,0.00755762908087728,0.9924423709191227,0
2108009,2024,MA,Nordeste,0.007564308590382072,0.992435691409618,0
3520301,2024,SP,Sudeste,0.007568025376905514,0.9924319746230945,0
3122405,2024,MG,Sudeste,0.007609785568771733,0.9923902144312282,0
4312401,2024,RS,Sul,0.007671710858291901,0.9923282891417081,0
3305802,2024,RJ,Sudeste,0.007676185944021061,0.9923238140559789,0
2111409,2024,MA,Nordeste,0.0076919886397380935,0.9923080113602619,0
3106309,2024,MG,Sudeste,0.007708616829933593,0.9922913831700664,1
3154903,2024,MG,Sudeste,0.007717052110315978,0.9922829478896841,0
2928901,2024,BA,Nordeste,0.007740484271829135,0.9922595157281708,0
4310538,2024,RS,Sul,0.007742156230591953,0.9922578437694081,0
2201200,2024,PI,Nordeste,0.007773465065646692,0.9922265349343533,0
3526308,2024,SP,Sudeste,0.007778622210036789,0.9922213777899632,1
5203906,2024,GO,Centro-Oeste,0.007803718485261705,0.9921962815147383,0
2202000,2024,PI,Nordeste,0.007805648633135862,0.9921943513668642,1
3107406,2024,MG,Sudeste,0.007834243576067657,0.9921657564239323,1
3163300,2024,MG,Sudeste,0.007845077883926042,0.9921549221160739,0
3510807,2024,SP,Sudeste,0.007881476869762412,0.9921185231302376,1
3536208,2024,SP,Sudeste,0.007906237178253563,0.9920937628217464,0
2206209,2024,PI,Nordeste,0.007936828580450587,0.9920631714195494,1
2608255,2024,PE,Nordeste,0.00795060753109357,0.9920493924689064,1
5003504,2024,MS,Centro-Oeste,0.007960894057172003,0.992039105942828,1
2512077,2024,PB,Nordeste,0.00798332177527092,0.992016678224729,0
1100924,2024,RO,Norte,0.007983563505626628,0.9920164364943733,0
1101492,2024,RO,Norte,0.00800068426202368,0.9919993157379763,0
5000609,2024,MS,Centro-Oeste,0.008012927133507257,0.9919870728664928,1
2404200,2024,RN,Nordeste,0.008018792135125578,0.9919812078648744,0
2615805,2024,PE,Nordeste,0.008021253154685893,0.9919787468453141,0
2111573,2024,MA,Nordeste,0.008076144528478171,0.9919238554715218,1
2509404,2024,PB,Nordeste,0.008087490218393074,0.9919125097816069,0
3503307,2024,SP,Sudeste,0.008133680205887318,0.9918663197941127,0
5107305,2024,MT,Centro-Oeste,0.008209547577490789,0.9917904524225092,0
2504033,2024,PB,Nordeste,0.008232722757116695,0.9917672772428833,0
2500908,2024,PB,Nordeste,0.008246255025701043,0.9917537449742989,1
3100708,2024,MG,Sudeste,0.008251702715468538,0.9917482972845315,0
3533254,2024,SP,Sudeste,0.008271761765168422,0.9917282382348316,0
3106705,2024,MG,Sudeste,0.008281515250541925,0.9917184847494581,1
1502954,2024,PA,Norte,0.008363885070675436,0.9916361149293246,0
3144375,2024,MG,Sudeste,0.008381277537041284,0.9916187224629587,1
5006606,2024,MS,Centro-Oeste,0.008385553764475546,0.9916144462355244,1
2933455,2024,BA,Nordeste,0.008439999568048607,0.9915600004319514,0
3159803,2024,MG,Sudeste,0.008444624507585518,0.9915553754924145,0
3542404,2024,SP,Sudeste,0.008454132500610173,0.9915458674993898,0
1721307,2024,TO,Norte,0.008518823782709684,0.9914811762172904,1
3147006,2024,MG,Sudeste,0.008551031926371704,0.9914489680736283,0
3160801,2024,MG,Sudeste,0.008553936376118829,0.9914460636238812,1
2414803,2024,RN,Nordeste,0.008602991098073283,0.9913970089019267,0
4307203,2024,RS,Sul,0.008604086899561228,0.9913959131004387,0
2603801,2024,PE,Nordeste,0.008610056142016468,0.9913899438579835,1
2100154,2024,MA,Nordeste,0.008634785396106341,0.9913652146038937,0
2200277,2024,PI,Nordeste,0.008638500891736943,0.9913614991082631,0
3115201,2024,MG,Sudeste,0.008645298442687539,0.9913547015573124,0
3103504,2024,MG,Sudeste,0.008660809259836474,0.9913391907401635,1
3304557,2024,RJ,Sudeste,0.008699385934352346,0.9913006140656476,0
2703007,2024,AL,Nordeste,0.008703881187618738,0.9912961188123812,0
5107602,2024,MT,Centro-Oeste,0.008711193850259254,0.9912888061497408,0
3141405,2024,MG,Sudeste,0.008731729250748426,0.9912682707492516,0
3541653,2024,SP,Sudeste,0.008739341417335037,0.991260658582665,1
2101608,2024,MA,Nordeste,0.008742478050331381,0.9912575219496687,0
1702406,2024,TO,Norte,0.008742872650938078,0.9912571273490619,1
3157401,2024,MG,Sudeste,0.008751438157333868,0.9912485618426661,1
1720150,2024,TO,Norte,0.008764404036273134,0.9912355959637269,0
3533403,2024,SP,Sudeste,0.008776477731326358,0.9912235222686736,0
3171501,2024,MG,Sudeste,0.008784244643354464,0.9912157553566455,1
1506302,2024,PA,Norte,0.008878446615064038,0.991121553384936,0
3154101,2024,MG,Sudeste,0.008887936312023512,0.9911120636879764,0
4111803,2024,PR,Sul,0.008896919377266244,0.9911030806227338,0
2414407,2024,RN,Nordeste,0.008906233539649719,0.9910937664603503,0
2701209,2024,AL,Nordeste,0.008911868977300874,0.9910881310226991,1
1508407,2024,PA,Norte,0.008913053134520534,0.9910869468654795,0
4318200,2024,RS,Sul,0.008930145998825155,0.9910698540011749,0
5105622,2024,MT,Centro-Oeste,0.008937431722125194,0.9910625682778748,0
1707207,2024,TO,Norte,0.008950223730988496,0.9910497762690115,0
3119005,2024,MG,Sudeste,0.008957968721862285,0.9910420312781377,1
1101450,2024,RO,Norte,0.008971035933010442,0.9910289640669896,1
2917409,2024,BA,Nordeste,0.008973290100113758,0.9910267098998863,0
3538303,2024,SP,Sudeste,0.008982131306318985,0.991017868693681,0
3501905,2024,SP,Sudeste,0.008996346194116777,0.9910036538058832,0
5006259,2024,MS,Centro-Oeste,0.009010073834745669,0.9909899261652544,1
5107941,2024,MT,Centro-Oeste,0.00904786650989877,0.9909521334901013,1
4319505,2024,RS,Sul,0.009057232252148915,0.9909427677478511,0
4109500,2024,PR,Sul,0.009065211396139472,0.9909347886038605,0
4323804,2024,RS,Sul,0.009085636126338401,0.9909143638736616,0
1100254,2024,RO,Norte,0.00911813087484594,0.9908818691251541,1
3164001,2024,MG,Sudeste,0.009118344486075295,0.9908816555139247,0
2103109,2024,MA,Nordeste,0.009128821637150224,0.9908711783628498,0
3146701,2024,MG,Sudeste,0.009130585865889327,0.9908694141341107,1
4314100,2024,RS,Sul,0.009143110127963707,0.9908568898720362,0
1504455,2024,PA,Norte,0.009156982000261731,0.9908430179997383,0
5215231,2024,GO,Centro-Oeste,0.009196532338925324,0.9908034676610746,0
3140001,2024,MG,Sudeste,0.0092377433601061,0.9907622566398939,1
2608453,2024,PE,Nordeste,0.009259982004197686,0.9907400179958024,1
1100502,2024,RO,Norte,0.009262324891901992,0.990737675108098,0
1501253,2024,PA,Norte,0.009290988776428892,0.9907090112235711,0
2916856,2024,BA,Nordeste,0.009312042676344714,0.9906879573236553,0
4316402,2024,RS,Sul,0.009335256200777235,0.9906647437992228,0
2100055,2024,MA,Nordeste,0.00934221664566811,0.9906577833543319,1
5004700,2024,MS,Centro-Oeste,0.009348764465619093,0.990651235534381,1
1504000,2024,PA,Norte,0.009397593531412063,0.9906024064685879,0
3304409,2024,RJ,Sudeste,0.00945615503212657,0.9905438449678734,0
3119500,2024,MG,Sudeste,0.00946057787719814,0.9905394221228019,0
1101203,2024,RO,Norte,0.009492115736623476,0.9905078842633765,0
4301958,2024,RS,Sul,0.009496278775210096,0.9905037212247899,0
4119509,2024,PR,Sul,0.009519296762939673,0.9904807032370603,0
1303502,2024,AM,Norte,0.009534154831696534,0.9904658451683035,0
2111763,2024,MA,Nordeste,0.009578303078486151,0.9904216969215138,1
5209903,2024,GO,Centro-Oeste,0.009587095241316021,0.9904129047586839,0
2708600,2024,AL,Nordeste,0.009621593715756289,0.9903784062842437,0
1504422,2024,PA,Norte,0.009660582518883496,0.9903394174811165,0
2701902,2024,AL,Nordeste,0.009687512476082702,0.9903124875239173,0
2509800,2024,PB,Nordeste,0.009693508816766365,0.9903064911832337,0
1716505,2024,TO,Norte,0.009703219407529592,0.9902967805924704,0
2205565,2024,PI,Nordeste,0.009710876859625506,0.9902891231403745,0
5106232,2024,MT,Centro-Oeste,0.009735053207299196,0.9902649467927008,0
2601201,2024,PE,Nordeste,0.00975557803364266,0.9902444219663573,1
2604403,2024,PE,Nordeste,0.009761142449991543,0.9902388575500085,0
1504950,2024,PA,Norte,0.00985062816766408,0.9901493718323359,1
4309050,2024,RS,Sul,0.00985601589672664,0.9901439841032733,0
2104206,2024,MA,Nordeste,0.009870566199543277,0.9901294338004567,1
1101435,2024,RO,Norte,0.009870804907927643,0.9901291950920723,1
3121209,2024,MG,Sudeste,0.00989189097981184,0.9901081090201882,0
1703826,2024,TO,Norte,0.00989281916574698,0.990107180834253,1
3508405,2024,SP,Sudeste,0.009924532663041183,0.9900754673369588,1
4313102,2024,RS,Sul,0.009942856847544557,0.9900571431524554,0
3519402,2024,SP,Sudeste,0.009980818867422187,0.9900191811325778,0
3101805,2024,MG,Sudeste,0.009990029561412756,0.9900099704385873,1
1505486,2024,PA,Norte,0.010003892614379626,0.9899961073856204,0
3540804,2024,SP,Sudeste,0.010038860663616993,0.989961139336383,0
3552700,2024,SP,Sudeste,0.010080100500077275,0.9899198994999228,0
3552106,2024,SP,Sudeste,0.01010668433200733,0.9898933156679927,0
4202073,2024,SC,Sul,0.010174074546325405,0.9898259254536746,0
3146750,2024,MG,Sudeste,0.010194699352532808,0.9898053006474672,1
2401305,2024,RN,Nordeste,0.010203942625804048,0.989796057374196,0
1501956,2024,PA,Norte,0.010209524304283759,0.9897904756957162,0
4316907,2024,RS,Sul,0.010220673933003565,0.9897793260669965,0
2615201,2024,PE,Nordeste,0.010223945512687575,0.9897760544873124,1
3502002,2024,SP,Sudeste,0.01023618097321376,0.9897638190267862,1
3123601,2024,MG,Sudeste,0.010266118594887368,0.9897338814051126,0
5107701,2024,MT,Centro-Oeste,0.01029116886095222,0.9897088311390477,0
2610608,2024,PE,Nordeste,0.010327933109194807,0.9896720668908052,0
3537909,2024,SP,Sudeste,0.010328636249989379,0.9896713637500106,0
3126901,2024,MG,Sudeste,0.010345168520637445,0.9896548314793625,1
4312500,2024,RS,Sul,0.010345222121933784,0.9896547778780662,0
1505064,2024,PA,Norte,0.010364722149449543,0.9896352778505505,0
2920601,2024,BA,Nordeste,0.010393214145578816,0.9896067858544212,0
2105989,2024,MA,Nordeste,0.010440933804769662,0.9895590661952304,0
4318507,2024,RS,Sul,0.010453030402717105,0.9895469695972829,0
2600401,2024,PE,Nordeste,0.010457516018664853,0.9895424839813352,0
3532405,2024,SP,Sudeste,0.010468479923358368,0.9895315200766416,1
3509304,2024,SP,Sudeste,0.010495189585267368,0.9895048104147326,0
3541406,2024,SP,Sudeste,0.010562449863832283,0.9894375501361677,0
3556404,2024,SP,Sudeste,0.01057148788641886,0.9894285121135812,0
2402709,2024,RN,Nordeste,0.010586960789868831,0.9894130392101311,0
1721109,2024,TO,Norte,0.010594160334435098,0.989405839665565,0
1507706,2024,PA,Norte,0.010613987194977581,0.9893860128050225,0
2516300,2024,PB,Nordeste,0.010642545401937398,0.9893574545980626,1
2112407,2024,MA,Nordeste,0.010678157767208655,0.9893218422327913,1
1500859,2024,PA,Norte,0.010678921388276308,0.9893210786117237,0
2918357,2024,BA,Nordeste,0.010716774640674378,0.9892832253593257,1
2409605,2024,RN,Nordeste,0.010718431128125715,0.9892815688718742,0
1705508,2024,TO,Norte,0.010741814294596705,0.9892581857054032,0
3303609,2024,RJ,Sudeste,0.010771455549289596,0.9892285444507104,1
1507961,2024,PA,Norte,0.010785165504674262,0.9892148344953258,0
3170305,2024,MG,Sudeste,0.010810483353347623,0.9891895166466523,0
5103858,2024,MT,Centro-Oeste,0.010848091111076678,0.9891519088889233,1
3543253,2024,SP,Sudeste,0.010898472018913535,0.9891015279810864,0
5103502,2024,MT,Centro-Oeste,0.010911220543094043,0.989088779456906,1
3544301,2024,SP,Sudeste,0.010916709901690382,0.9890832900983096,0
3168606,2024,MG,Sudeste,0.010922349477026944,0.989077650522973,1
3147402,2024,MG,Sudeste,0.0109250944557385,0.9890749055442615,1
4310702,2024,RS,Sul,0.010929117687001737,0.9890708823129982,0
1300144,2024,AM,Norte,0.010939341437488906,0.9890606585625111,0
4305173,2024,RS,Sul,0.010946210258246259,0.9890537897417537,0
2102309,2024,MA,Nordeste,0.010963205017091087,0.9890367949829089,1
5212956,2024,GO,Centro-Oeste,0.010975141559412283,0.9890248584405877,0
2107605,2024,MA,Nordeste,0.011019155661052807,0.9889808443389472,1
2504157,2024,PB,Nordeste,0.011044942972662019,0.988955057027338,1
4322541,2024,RS,Sul,0.01107713822901345,0.9889228617709865,0
4306205,2024,RS,Sul,0.011117432668097024,0.9888825673319029,0
2200103,2024,PI,Nordeste,0.011144006167145564,0.9888559938328544,1
1504802,2024,PA,Norte,0.011161931638245408,0.9888380683617546,0
3124401,2024,MG,Sudeste,0.011212366796325545,0.9887876332036745,0
1503705,2024,PA,Norte,0.011217290888579777,0.9887827091114202,0
2110609,2024,MA,Nordeste,0.011227515530235259,0.9887724844697647,0
2312601,2024,CE,Nordeste,0.011265618173574802,0.9887343818264251,0
3124104,2024,MG,Sudeste,0.011289799236151752,0.9887102007638483,1
3305406,2024,RJ,Sudeste,0.011323871538547747,0.9886761284614523,0
2407708,2024,RN,Nordeste,0.011331025795660168,0.9886689742043399,0
2404309,2024,RN,Nordeste,0.011348305435185106,0.9886516945648149,0
3128006,2024,MG,Sudeste,0.011358153350600041,0.9886418466493999,1
1100015,2024,RO,Norte,0.011388329719967226,0.9886116702800328,0
3113404,2024,MG,Sudeste,0.011409312048228567,0.9885906879517714,1
2804102,2024,SE,Nordeste,0.011415763983955888,0.9885842360160441,1
2610905,2024,PE,Nordeste,0.011444013680622717,0.9885559863193772,0
3302205,2024,RJ,Sudeste,0.011449718991076552,0.9885502810089235,0
2413607,2024,RN,Nordeste,0.011506700961528714,0.9884932990384713,0
2916500,2024,BA,Nordeste,0.011507286445765572,0.9884927135542344,1
3510005,2024,SP,Sudeste,0.011528668309145097,0.9884713316908549,0
4302303,2024,RS,Sul,0.011627477488230696,0.9883725225117693,0
2609204,2024,PE,Nordeste,0.011637846245887724,0.9883621537541123,0
2207751,2024,PI,Nordeste,0.01167311620934297,0.988326883790657,0
4304606,2024,RS,Sul,0.011685709671218746,0.9883142903287813,0
4319158,2024,RS,Sul,0.011702104248430103,0.9882978957515699,0
2108207,2024,MA,Nordeste,0.011751341338225313,0.9882486586617747,0
2305506,2024,CE,Nordeste,0.011756832915344097,0.9882431670846559,0
3515186,2024,SP,Sudeste,0.011763413922267995,0.988236586077732,0
3166402,2024,MG,Sudeste,0.011775057039458286,0.9882249429605418,1
1302603,2024,AM,Norte,0.011825102061957925,0.988174897938042,0
3120003,2024,MG,Sudeste,0.01187178433909778,0.9881282156609023,1
3537800,2024,SP,Sudeste,0.011997762936102205,0.9880022370638978,0
3551900,2024,SP,Sudeste,0.012001720474256726,0.9879982795257433,1
1508001,2024,PA,Norte,0.012021124322993917,0.987978875677006,0
2208551,2024,PI,Nordeste,0.012042621695254616,0.9879573783047454,0
3538105,2024,SP,Sudeste,0.012061786969405523,0.9879382130305945,1
1303569,2024,AM,Norte,0.012094147705492955,0.987905852294507,0
4111308,2024,PR,Sul,0.01211655716206495,0.987883442837935,0
1505551,2024,PA,Norte,0.012128815572281609,0.9878711844277184,0
4301107,2024,RS,Sul,0.012149277392320053,0.9878507226076799,0
3527801,2024,SP,Sudeste,0.012163921082153015,0.987836078917847,0
2917607,2024,BA,Nordeste,0.012200743803673553,0.9877992561963265,0
3126307,2024,MG,Sudeste,0.012201042525643066,0.987798957474357,0
2706422,2024,AL,Nordeste,0.012228044054273027,0.987771955945727,1
2310605,2024,CE,Nordeste,0.01223209291906045,0.9877679070809395,0
3542206,2024,SP,Sudeste,0.012246664838824093,0.9877533351611759,0
3106903,2024,MG,Sudeste,0.012273007546193449,0.9877269924538066,1
2503209,2024,PB,Nordeste,0.012275588040696771,0.9877244119593033,0
4211058,2024,SC,Sul,0.012287865938137096,0.9877121340618629,0
3134202,2024,MG,Sudeste,0.01233921160532505,0.987660788394675,0
4317509,2024,RS,Sul,0.012358359363942114,0.9876416406360579,0
1720853,2024,TO,Norte,0.01236754371848879,0.9876324562815112,0
4319000,2024,RS,Sul,0.012423079686515511,0.9875769203134845,0
3107901,2024,MG,Sudeste,0.012425901793827153,0.9875740982061728,1
3128709,2024,MG,Sudeste,0.012435460006449246,0.9875645399935508,1
3116159,2024,MG,Sudeste,0.012486273304427526,0.9875137266955725,1
2701357,2024,AL,Nordeste,0.01248808581754987,0.9875119141824501,1
5004007,2024,MS,Centro-Oeste,0.012507311530388617,0.9874926884696114,0
3135605,2024,MG,Sudeste,0.012507908512382936,0.9874920914876171,1
3138203,2024,MG,Sudeste,0.012511849824344374,0.9874881501756556,1
3540507,2024,SP,Sudeste,0.01258836365950503,0.987411636340495,0
2606101,2024,PE,Nordeste,0.012631311034567182,0.9873686889654328,0
3545159,2024,SP,Sudeste,0.012749717608399727,0.9872502823916003,0
4204178,2024,SC,Sul,0.012756139103935565,0.9872438608960644,1
2611002,2024,PE,Nordeste,0.012762867996179747,0.9872371320038202,1
1721000,2024,TO,Norte,0.012788873559754199,0.9872111264402458,0
2200707,2024,PI,Nordeste,0.012796892138152908,0.9872031078618471,0
2111508,2024,MA,Nordeste,0.012804289490835194,0.9871957105091648,0
2105658,2024,MA,Nordeste,0.0128066930690395,0.9871933069309605,0
2410702,2024,RN,Nordeste,0.01283373271994373,0.9871662672800563,0
3107307,2024,MG,Sudeste,0.01283746077606098,0.987162539223939,0
2907558,2024,BA,Nordeste,0.012851186193818262,0.9871488138061817,0
4314159,2024,RS,Sul,0.012851357786029905,0.9871486422139701,0
3521408,2024,SP,Sudeste,0.012871783086824753,0.9871282169131752,0
2611408,2024,PE,Nordeste,0.012892375603904181,0.9871076243960958,0
2206696,2024,PI,Nordeste,0.012896177764591786,0.9871038222354083,0
3530300,2024,SP,Sudeste,0.01298987049592959,0.9870101295040704,0
3110004,2024,MG,Sudeste,0.013007611079321803,0.9869923889206782,0
3532207,2024,SP,Sudeste,0.013050862321286216,0.9869491376787138,0
3511706,2024,SP,Sudeste,0.013056716962197793,0.9869432830378022,1
2922755,2024,BA,Nordeste,0.013073069849261822,0.9869269301507382,0
1703867,2024,TO,Norte,0.013102255744082488,0.9868977442559175,1
3160702,2024,MG,Sudeste,0.013102767805698107,0.9868972321943019,1
2413300,2024,RN,Nordeste,0.013106397750934168,0.9868936022490659,0
3131703,2024,MG,Sudeste,0.013120054580777259,0.9868799454192227,1
1100148,2024,RO,Norte,0.013151930072001777,0.9868480699279982,0
4314407,2024,RS,Sul,0.013159549416369288,0.9868404505836307,0
2209153,2024,PI,Nordeste,0.013183909927390942,0.9868160900726091,1
3131505,2024,MG,Sudeste,0.013199408721635072,0.986800591278365,1
2606002,2024,PE,Nordeste,0.013222616514690618,0.9867773834853094,1
3557105,2024,SP,Sudeste,0.013247459073350915,0.9867525409266491,1
3529807,2024,SP,Sudeste,0.013284138365147696,0.9867158616348523,1
3152204,2024,MG,Sudeste,0.013296246041813065,0.9867037539581869,1
1303304,2024,AM,Norte,0.013303118636646604,0.9866968813633534,0
3114006,2024,MG,Sudeste,0.013386520326437015,0.9866134796735629,0
3167608,2024,MG,Sudeste,0.013397259280335975,0.986602740719664,0
3304508,2024,RJ,Sudeste,0.013433727563677089,0.9865662724363229,1
4114708,2024,PR,Sul,0.013433758952124718,0.9865662410478753,0
3527405,2024,SP,Sudeste,0.013434656605547293,0.9865653433944527,0
2502904,2024,PB,Nordeste,0.013460899240730703,0.9865391007592693,1
3533007,2024,SP,Sudeste,0.013512105065691466,0.9864878949343086,0
3122504,2024,MG,Sudeste,0.013521162961048131,0.9864788370389519,0
2924702,2024,BA,Nordeste,0.013572380970403836,0.9864276190295962,0
3136009,2024,MG,Sudeste,0.013588699216610985,0.986411300783389,1
5107297,2024,MT,Centro-Oeste,0.013598837343318007,0.986401162656682,0
1101005,2024,RO,Norte,0.013692375423760634,0.9863076245762393,1
3523909,2024,SP,Sudeste,0.013704400982919005,0.986295599017081,0
2108702,2024,MA,Nordeste,0.013711051315706248,0.9862889486842937,1
3170438,2024,MG,Sudeste,0.01373562272986754,0.9862643772701325,0
3118205,2024,MG,Sudeste,0.013780573725408666,0.9862194262745914,0
4304408,2024,RS,Sul,0.013876167638856471,0.9861238323611435,0
3118601,2024,MG,Sudeste,0.013967426200910358,0.9860325737990896,1
1502707,2024,PA,Norte,0.01398022073557279,0.9860197792644272,0
3147105,2024,MG,Sudeste,0.013992384128005676,0.9860076158719944,1
2614600,2024,PE,Nordeste,0.01403565054329919,0.9859643494567009,0
3129202,2024,MG,Sudeste,0.014057428481150025,0.98594257151885,1
3536505,2024,SP,Sudeste,0.014072588668006076,0.9859274113319939,1
2506301,2024,PB,Nordeste,0.014091136735787721,0.9859088632642122,1
3127701,2024,MG,Sudeste,0.014094623240849842,0.9859053767591501,1
3130507,2024,MG,Sudeste,0.014121318877534914,0.9858786811224651,1
2611804,2024,PE,Nordeste,0.014140748885934586,0.9858592511140654,0
2512903,2024,PB,Nordeste,0.01414885276704477,0.9858511472329552,0
2400208,2024,RN,Nordeste,0.014178143712212266,0.9858218562877877,0
3126752,2024,MG,Sudeste,0.014181145142878528,0.9858188548571215,0
2512408,2024,PB,Nordeste,0.014206397748685064,0.985793602251315,0
1101302,2024,RO,Norte,0.014247580582894423,0.9857524194171056,1
3134400,2024,MG,Sudeste,0.014285884369709217,0.9857141156302908,1
3556354,2024,SP,Sudeste,0.014316125939459036,0.9856838740605409,0
3303401,2024,RJ,Sudeste,0.014322611201825484,0.9856773887981746,0
3549102,2024,SP,Sudeste,0.014335947901063703,0.9856640520989363,0
4102802,2024,PR,Sul,0.014370043135639218,0.9856299568643608,0
3300225,2024,RJ,Sudeste,0.014372249904818123,0.9856277500951819,0
2501575,2024,PB,Nordeste,0.014378448656520038,0.98562155134348,1
4211108,2024,SC,Sul,0.014387618273215332,0.9856123817267847,0
3300506,2024,RJ,Sudeste,0.01445738195300902,0.985542618046991,1
3102704,2024,MG,Sudeste,0.014511164199601821,0.9854888358003981,1
1200302,2024,AC,Norte,0.01459977696574754,0.9854002230342525,0
3546702,2024,SP,Sudeste,0.014616936562956614,0.9853830634370434,0
3106200,2024,MG,Sudeste,0.01465326456996556,0.9853467354300345,1
4103057,2024,PR,Sul,0.0146794525739141,0.9853205474260859,0
3124609,2024,MG,Sudeste,0.014719188138418106,0.9852808118615819,0
3162807,2024,MG,Sudeste,0.014719188138418106,0.9852808118615819,0
3151206,2024,MG,Sudeste,0.01477268208385128,0.9852273179161487,1
3507308,2024,SP,Sudeste,0.014797865587007257,0.9852021344129928,0
2109403,2024,MA,Nordeste,0.01487393705062699,0.985126062949373,0
1100304,2024,RO,Norte,0.014874786764550129,0.9851252132354499,1
3162559,2024,MG,Sudeste,0.014875263407633512,0.9851247365923664,0
3141702,2024,MG,Sudeste,0.014885595203076672,0.9851144047969234,1
3509908,2024,SP,Sudeste,0.01490938234882075,0.9850906176511792,0
3171808,2024,MG,Sudeste,0.014918112292185487,0.9850818877078145,1
5103908,2024,MT,Centro-Oeste,0.014986428494682631,0.9850135715053173,0
1720259,2024,TO,Norte,0.015016919036928473,0.9849830809630715,1
1701051,2024,TO,Norte,0.015018714559385913,0.9849812854406141,1
1200708,2024,AC,Norte,0.015054826425762415,0.9849451735742376,0
5220454,2024,GO,Centro-Oeste,0.015086873470864256,0.9849131265291358,1
2108058,2024,MA,Nordeste,0.015132903666962978,0.984867096333037,0
3160454,2024,MG,Sudeste,0.015153348188616078,0.9848466518113839,0
2300309,2024,CE,Nordeste,0.015210095718170977,0.984789904281829,0
1101104,2024,RO,Norte,0.015245165452130248,0.9847548345478697,0
2914109,2024,BA,Nordeste,0.01525550313521299,0.984744496864787,0
4314803,2024,RS,Sul,0.015320889826903742,0.9846791101730963,0
1707009,2024,TO,Norte,0.015338684070308226,0.9846613159296917,1
3158201,2024,MG,Sudeste,0.015364948174690144,0.9846350518253099,0
3150109,2024,MG,Sudeste,0.015385606287610808,0.9846143937123892,1
3162906,2024,MG,Sudeste,0.01539740239275043,0.9846025976072496,0
1100452,2024,RO,Norte,0.015429593339682256,0.9845704066603177,1
5108402,2024,MT,Centro-Oeste,0.015462691461321305,0.9845373085386787,1
1505536,2024,PA,Norte,0.015520165224067252,0.9844798347759327,0
1101559,2024,RO,Norte,0.015535068177093391,0.9844649318229066,0
5203302,2024,GO,Centro-Oeste,0.015550802163593036,0.9844491978364069,0
2505303,2024,PB,Nordeste,0.015597967102689798,0.9844020328973102,1
2411403,2024,RN,Nordeste,0.015663251625585763,0.9843367483744142,1
5221080,2024,GO,Centro-Oeste,0.015785879164805918,0.9842141208351941,0
2921005,2024,BA,Nordeste,0.015787740814254846,0.9842122591857452,0
1507607,2024,PA,Norte,0.01583666575770349,0.9841633342422965,0
3545605,2024,SP,Sudeste,0.015860593122222894,0.9841394068777771,0
3121308,2024,MG,Sudeste,0.015924929139281317,0.9840750708607187,1
2209302,2024,PI,Nordeste,0.015925357590729595,0.9840746424092705,0
1713304,2024,TO,Norte,0.01598751879481913,0.9840124812051809,1
4322855,2024,RS,Sul,0.01600614541014766,0.9839938545898523,0
3300902,2024,RJ,Sudeste,0.01606105135027189,0.9839389486497281,0
3529203,2024,SP,Sudeste,0.01609843492567098,0.983901565074329,1
2926707,2024,BA,Nordeste,0.01614187362535071,0.9838581263746493,0
1304401,2024,AM,Norte,0.01614786317634338,0.9838521368236566,0
2607307,2024,PE,Nordeste,0.016161417149970818,0.9838385828500292,0
5205497,2024,GO,Centro-Oeste,0.016179346530633066,0.983820653469367,1
2605301,2024,PE,Nordeste,0.01622461794597611,0.9837753820540239,0
5103379,2024,MT,Centro-Oeste,0.016248388055943707,0.9837516119440562,0
3143500,2024,MG,Sudeste,0.016277917131445937,0.9837220828685541,0
4313490,2024,RS,Sul,0.01635631165028652,0.9836436883497135,0
4304705,2024,RS,Sul,0.0163630935272815,0.9836369064727185,0
3156502,2024,MG,Sudeste,0.016396720401080346,0.9836032795989197,0
3304524,2024,RJ,Sudeste,0.01647950313179119,0.9835204968682089,0
4321832,2024,RS,Sul,0.016495425401817133,0.9835045745981829,0
3112109,2024,MG,Sudeste,0.016520711693170945,0.9834792883068291,1
3501608,2024,SP,Sudeste,0.0165230002583179,0.9834769997416821,0
2702504,2024,AL,Nordeste,0.01654024796792775,0.9834597520320723,1
4319901,2024,RS,Sul,0.01659614687917316,0.9834038531208268,0
4322707,2024,RS,Sul,0.01660302782449193,0.983396972175508,0
3118809,2024,MG,Sudeste,0.016607421876457203,0.9833925781235427,0
3123809,2024,MG,Sudeste,0.016653952477267905,0.9833460475227321,1
3158953,2024,MG,Sudeste,0.016678600324210816,0.9833213996757891,0
3120839,2024,MG,Sudeste,0.01674712239035378,0.9832528776096462,0
2205557,2024,PI,Nordeste,0.016770614042454064,0.9832293859575459,1
4322509,2024,RS,Sul,0.016802557553760762,0.9831974424462392,0
3525607,2024,SP,Sudeste,0.01683175722533791,0.9831682427746621,0
3120904,2024,MG,Sudeste,0.01683779493972974,0.9831622050602703,1
2609303,2024,PE,Nordeste,0.016845042930956303,0.9831549570690437,1
2612406,2024,PE,Nordeste,0.016906680594613036,0.9830933194053869,1
1502301,2024,PA,Norte,0.016911871572623586,0.9830881284273764,0
3542602,2024,SP,Sudeste,0.016915965279574258,0.9830840347204257,1
3537503,2024,SP,Sudeste,0.01692953845079836,0.9830704615492016,1
3545704,2024,SP,Sudeste,0.016936575521887015,0.983063424478113,0
1720937,2024,TO,Norte,0.01695705278902231,0.9830429472109777,0
3503208,2024,SP,Sudeste,0.017046989365313434,0.9829530106346865,0
1702554,2024,TO,Norte,0.017049338003353124,0.9829506619966468,1
4315313,2024,RS,Sul,0.01717689126184833,0.9828231087381517,0
1200401,2024,AC,Norte,0.017220833719662,0.982779166280338,0
1100320,2024,RO,Norte,0.017248981541948427,0.9827510184580516,0
5214002,2024,GO,Centro-Oeste,0.017274844882066438,0.9827251551179336,1
3526902,2024,SP,Sudeste,0.01729429380867092,0.9827057061913291,0
4116000,2024,PR,Sul,0.017323796474849638,0.9826762035251504,0
4309209,2024,RS,Sul,0.017338172950683607,0.9826618270493164,0
2200251,2024,PI,Nordeste,0.01736303922145002,0.98263696077855,1
3107208,2024,MG,Sudeste,0.017426055041644056,0.9825739449583559,1
3171006,2024,MG,Sudeste,0.017556174082320845,0.9824438259176792,1
1304104,2024,AM,Norte,0.017651418727399473,0.9823485812726005,0
3526704,2024,SP,Sudeste,0.01773773621819088,0.9822622637818091,0
4111258,2024,PR,Sul,0.01774070596061971,0.9822592940393803,0
3304110,2024,RJ,Sudeste,0.01779179399591603,0.982208206004084,0
1504059,2024,PA,Norte,0.017838306933892704,0.9821616930661073,0
1704105,2024,TO,Norte,0.01786099974968,0.98213900025032,1
3526803,2024,SP,Sudeste,0.01791628175738635,0.9820837182426136,0
5107180,2024,MT,Centro-Oeste,0.017917682927678986,0.982082317072321,1
3301603,2024,RJ,Sudeste,0.01793304871502859,0.9820669512849715,1
2511608,2024,PB,Nordeste,0.017977029669115862,0.9820229703308841,1
3508207,2024,SP,Sudeste,0.01802442725159755,0.9819755727484024,0
4126256,2024,PR,Sul,0.018121615054681517,0.9818783849453185,0
2505808,2024,PB,Nordeste,0.018190377591398927,0.981809622408601,1
2615607,2024,PE,Nordeste,0.018201685897469032,0.9817983141025309,1
4303103,2024,RS,Sul,0.018236868292228592,0.9817631317077714,0
1506203,2024,PA,Norte,0.018243342459865503,0.9817566575401345,0
1507904,2024,PA,Norte,0.01836921075160742,0.9816307892483925,0
3548005,2024,SP,Sudeste,0.018395265496491422,0.9816047345035086,0
3122454,2024,MG,Sudeste,0.018437079219354804,0.9815629207806452,1
3514403,2024,SP,Sudeste,0.01855920491995578,0.9814407950800442,0
2511707,2024,PB,Nordeste,0.018570141084854094,0.9814298589151459,0
4317558,2024,RS,Sul,0.01870083949813031,0.9812991605018697,0
4312203,2024,RS,Sul,0.01873278111904901,0.981267218880951,0
2200400,2024,PI,Nordeste,0.018735290930263437,0.9812647090697366,0
2509396,2024,PB,Nordeste,0.01898484748185619,0.9810151525181439,1
3169307,2024,MG,Sudeste,0.019059758270436034,0.980940241729564,1
3508009,2024,SP,Sudeste,0.01910306159108987,0.9808969384089101,1
2932507,2024,BA,Nordeste,0.019133909343514006,0.980866090656486,1
3532827,2024,SP,Sudeste,0.019147484684927822,0.9808525153150722,1
2508505,2024,PB,Nordeste,0.01914806623449715,0.9808519337655028,0
2500205,2024,PB,Nordeste,0.019295736028079772,0.9807042639719202,0
3500105,2024,SP,Sudeste,0.019340155407057483,0.9806598445929425,0
4220000,2024,SC,Sul,0.01937392174066117,0.9806260782593388,0
1508084,2024,PA,Norte,0.019467501594604072,0.9805324984053959,0
3123528,2024,MG,Sudeste,0.019478319316829213,0.9805216806831708,0
2508703,2024,PB,Nordeste,0.019494835376269417,0.9805051646237306,0
3138906,2024,MG,Sudeste,0.019515253576124818,0.9804847464238752,0
3556453,2024,SP,Sudeste,0.019549842222194982,0.980450157777805,1
3137304,2024,MG,Sudeste,0.019566484181605615,0.9804335158183943,1
1503507,2024,PA,Norte,0.019569493127904198,0.9804305068720958,0
1500131,2024,PA,Norte,0.019578609804709202,0.9804213901952908,0
2203602,2024,PI,Nordeste,0.019608995131986672,0.9803910048680133,0
3147204,2024,MG,Sudeste,0.019661451370843217,0.9803385486291568,1
5105903,2024,MT,Centro-Oeste,0.01967991790669024,0.9803200820933098,0
3170602,2024,MG,Sudeste,0.019705791041831962,0.980294208958168,1
4313508,2024,RS,Sul,0.019779590758359566,0.9802204092416404,0
2607208,2024,PE,Nordeste,0.019894823676372467,0.9801051763236275,0
1504208,2024,PA,Norte,0.019900656259604917,0.9800993437403951,0
4116505,2024,PR,Sul,0.01992965164642399,0.980070348353576,0
5001243,2024,MS,Centro-Oeste,0.01996358609982171,0.9800364139001783,0
3522604,2024,SP,Sudeste,0.019965356207049832,0.9800346437929501,0
3125101,2024,MG,Sudeste,0.019970601308119472,0.9800293986918805,1
4202057,2024,SC,Sul,0.020080924320388795,0.9799190756796112,0
3167905,2024,MG,Sudeste,0.020086088965091984,0.979913911034908,0
2912004,2024,BA,Nordeste,0.020141551096298813,0.9798584489037012,0
4204558,2024,SC,Sul,0.020197652190157508,0.9798023478098425,0
2709152,2024,AL,Nordeste,0.020283566358281727,0.9797164336417182,0
1501576,2024,PA,Norte,0.020294424567115724,0.9797055754328843,0
3529302,2024,SP,Sudeste,0.020313352378625374,0.9796866476213746,0
4307401,2024,RS,Sul,0.020349127228430297,0.9796508727715697,0
3171204,2024,MG,Sudeste,0.02037220837445273,0.9796277916255473,1
2111631,2024,MA,Nordeste,0.020406996984775317,0.9795930030152247,0
4117602,2024,PR,Sul,0.02049298649444459,0.9795070135055554,0
4305108,2024,RS,Sul,0.020620220218128385,0.9793797797818716,0
5205521,2024,GO,Centro-Oeste,0.020666305042185144,0.9793336949578149,0
3170057,2024,MG,Sudeste,0.020731352598995275,0.9792686474010047,0
3152501,2024,MG,Sudeste,0.020793567236699808,0.9792064327633002,1
3122009,2024,MG,Sudeste,0.020872205791973273,0.9791277942080268,1
3540903,2024,SP,Sudeste,0.02095403407164813,0.9790459659283519,0
5106182,2024,MT,Centro-Oeste,0.021012640232873917,0.978987359767126,1
2508109,2024,PB,Nordeste,0.02104317482476675,0.9789568251752333,1
1100601,2024,RO,Norte,0.021057077199437835,0.9789429228005622,1
2403707,2024,RN,Nordeste,0.021060124545603444,0.9789398754543965,0
4126702,2024,PR,Sul,0.02109104143478705,0.978908958565213,0
4301909,2024,RS,Sul,0.02111773192999508,0.9788822680700049,0
5106372,2024,MT,Centro-Oeste,0.021179966039269343,0.9788200339607307,1
3302106,2024,RJ,Sudeste,0.021200316490562324,0.9787996835094377,1
3553302,2024,SP,Sudeste,0.021301493572590927,0.9786985064274091,1
4302709,2024,RS,Sul,0.021387449215828126,0.9786125507841719,0
3137601,2024,MG,Sudeste,0.02140309764454287,0.9785969023554572,1
2904803,2024,BA,Nordeste,0.02142382188457998,0.97857617811542,0
4124004,2024,PR,Sul,0.021433224601781726,0.9785667753982182,0
3202207,2024,ES,Sudeste,0.021437455171710425,0.9785625448282895,0
2409506,2024,RN,Nordeste,0.021455563735796115,0.9785444362642038,0
3529005,2024,SP,Sudeste,0.021457102112046978,0.978542897887953,0
2929750,2024,BA,Nordeste,0.021497703692809705,0.9785022963071903,0
3125606,2024,MG,Sudeste,0.021503848920587,0.978496151079413,1
2514008,2024,PB,Nordeste,0.02157086307509313,0.9784291369249069,1
5006275,2024,MS,Centro-Oeste,0.021595623242533803,0.9784043767574662,1
3128501,2024,MG,Sudeste,0.021628702224902877,0.9783712977750971,0
2108306,2024,MA,Nordeste,0.021702672366966155,0.9782973276330339,1
1303403,2024,AM,Norte,0.021708885854121902,0.9782911141458781,0
2305266,2024,CE,Nordeste,0.02174016490760933,0.9782598350923907,0
3149309,2024,MG,Sudeste,0.02188981721530077,0.9781101827846992,1
2804706,2024,SE,Nordeste,0.02189395985639796,0.978106040143602,1
3136652,2024,MG,Sudeste,0.021989423246536056,0.9780105767534639,1
4312138,2024,RS,Sul,0.022043430757573788,0.9779565692424262,0
2202554,2024,PI,Nordeste,0.02206554145210623,0.9779344585478937,0
4115101,2024,PR,Sul,0.022074834405213576,0.9779251655947864,0
2505105,2024,PB,Nordeste,0.02224946545207837,0.9777505345479216,1
5105580,2024,MT,Centro-Oeste,0.022261570550127004,0.977738429449873,0
3139607,2024,MG,Sudeste,0.022285214761035805,0.9777147852389642,1
3500709,2024,SP,Sudeste,0.022311044534909376,0.9776889554650906,0
3520509,2024,SP,Sudeste,0.02231384370648814,0.9776861562935119,0
2102705,2024,MA,Nordeste,0.022316474298842457,0.9776835257011576,1
2101004,2024,MA,Nordeste,0.02235580363962512,0.9776441963603749,1
3140555,2024,MG,Sudeste,0.022372888324891038,0.977627111675109,1
3139409,2024,MG,Sudeste,0.022383658698059,0.977616341301941,1
2209807,2024,PI,Nordeste,0.022441189462778045,0.9775588105372219,0
3162609,2024,MG,Sudeste,0.022475762065141174,0.9775242379348589,0
3154804,2024,MG,Sudeste,0.02251566370999523,0.9774843362900048,1
3145877,2024,MG,Sudeste,0.0225617449046946,0.9774382550953054,1
3156700,2024,MG,Sudeste,0.022618090057417956,0.977381909942582,1
4108502,2024,PR,Sul,0.022633482820685613,0.9773665171793144,0
2210805,2024,PI,Nordeste,0.022653097941415484,0.9773469020585845,0
3530706,2024,SP,Sudeste,0.022719134872827333,0.9772808651271727,1
3171303,2024,MG,Sudeste,0.022970752035876927,0.977029247964123,1
1100700,2024,RO,Norte,0.022991688207691555,0.9770083117923084,1
3157609,2024,MG,Sudeste,0.02299426936993964,0.9770057306300604,1
3114402,2024,MG,Sudeste,0.023109489691708323,0.9768905103082917,0
3126802,2024,MG,Sudeste,0.023173493268710068,0.9768265067312899,1
3545001,2024,SP,Sudeste,0.02321749102855336,0.9767825089714466,0
1506104,2024,PA,Norte,0.023237915752882445,0.9767620842471175,0
5101407,2024,MT,Centro-Oeste,0.023252951723400517,0.9767470482765995,0
3553906,2024,SP,Sudeste,0.023281927069044927,0.976718072930955,0
3516200,2024,SP,Sudeste,0.023312084406691257,0.9766879155933087,0
2109809,2024,MA,Nordeste,0.023380497567536133,0.9766195024324639,1
3131307,2024,MG,Sudeste,0.023452472819321318,0.9765475271806787,1
1500800,2024,PA,Norte,0.02357951132024674,0.9764204886797533,0
4311718,2024,RS,Sul,0.02358853461702513,0.9764114653829749,0
2509701,2024,PB,Nordeste,0.02364048979885367,0.9763595102011463,0
4304101,2024,RS,Sul,0.02368618775926418,0.9763138122407358,0
4307609,2024,RS,Sul,0.023740958091730314,0.9762590419082697,0
1100064,2024,RO,Norte,0.02376767768712241,0.9762323223128776,1
1720002,2024,TO,Norte,0.023794826217310893,0.9762051737826891,0
3121605,2024,MG,Sudeste,0.023829851143848595,0.9761701488561514,1
2918704,2024,BA,Nordeste,0.02387216118854986,0.9761278388114502,0
1506807,2024,PA,Norte,0.023920062586809322,0.9760799374131907,0
4205357,2024,SC,Sul,0.02396349592352891,0.9760365040764711,0
1303205,2024,AM,Norte,0.023977881449750254,0.9760221185502498,0
4300802,2024,RS,Sul,0.024002547627585427,0.9759974523724145,0
3119203,2024,MG,Sudeste,0.024211687093241903,0.975788312906758,1
3517208,2024,SP,Sudeste,0.02422128944632983,0.9757787105536702,0
2105476,2024,MA,Nordeste,0.02422953311128501,0.9757704668887149,1
2206605,2024,PI,Nordeste,0.024402184735103506,0.9755978152648965,0
2403509,2024,RN,Nordeste,0.024404616281404178,0.9755953837185958,0
3548054,2024,SP,Sudeste,0.0244743052819331,0.9755256947180669,1
4318903,2024,RS,Sul,0.024566105071684413,0.9754338949283156,0
3501004,2024,SP,Sudeste,0.024567070388870217,0.9754329296111298,0
2608057,2024,PE,Nordeste,0.024571418380105865,0.9754285816198941,0
3167707,2024,MG,Sudeste,0.02457419080105023,0.9754258091989497,1
4301636,2024,RS,Sul,0.024733162613735128,0.9752668373862649,0
4212650,2024,SC,Sul,0.024740032018190448,0.9752599679818096,0
4217709,2024,SC,Sul,0.02478975456381265,0.9752102454361874,0
1600600,2024,AP,Norte,0.024883706570017376,0.9751162934299826,1
3510401,2024,SP,Sudeste,0.024918602087538405,0.9750813979124616,0
3157252,2024,MG,Sudeste,0.025068015646321565,0.9749319843536784,0
3172103,2024,MG,Sudeste,0.025068372484936832,0.9749316275150631,1
2406007,2024,RN,Nordeste,0.02510496792081101,0.974895032079189,0
2931053,2024,BA,Nordeste,0.02511882811720035,0.9748811718827997,0
5201801,2024,GO,Centro-Oeste,0.025143841879502513,0.9748561581204975,0
1505437,2024,PA,Norte,0.02516529071357788,0.9748347092864221,0
3117876,2024,MG,Sudeste,0.025243403938802124,0.9747565960611979,1
2707602,2024,AL,Nordeste,0.02524482713304989,0.9747551728669501,0
3100203,2024,MG,Sudeste,0.025245160356847957,0.974754839643152,1
2701605,2024,AL,Nordeste,0.025343687898079975,0.97465631210192,1
3300233,2024,RJ,Sudeste,0.025359055189036903,0.9746409448109631,0
4307500,2024,RS,Sul,0.02541486639224231,0.9745851336077577,0
4316733,2024,RS,Sul,0.025522626019374814,0.9744773739806252,0
3546900,2024,SP,Sudeste,0.025566855408466902,0.9744331445915331,0
2105450,2024,MA,Nordeste,0.025593238044928194,0.9744067619550718,0
3169000,2024,MG,Sudeste,0.02562814411000753,0.9743718558899924,1
2207355,2024,PI,Nordeste,0.025710731402102165,0.9742892685978979,0
2605806,2024,PE,Nordeste,0.02571709268910104,0.974282907310899,0
3159605,2024,MG,Sudeste,0.025785366059663525,0.9742146339403365,1
4313441,2024,RS,Sul,0.02590093588571754,0.9740990641142825,0
1500347,2024,PA,Norte,0.025912632435385823,0.9740873675646142,1
3118908,2024,MG,Sudeste,0.0259667365653878,0.9740332634346122,1
5107578,2024,MT,Centro-Oeste,0.02603796514997279,0.9739620348500272,1
2600104,2024,PE,Nordeste,0.026235203698660652,0.9737647963013394,0
2103752,2024,MA,Nordeste,0.02626655498109197,0.973733445018908,0
3545100,2024,SP,Sudeste,0.026314980517887717,0.9736850194821123,0
3148509,2024,MG,Sudeste,0.026367945976715344,0.9736320540232847,1
3168507,2024,MG,Sudeste,0.026412535995831918,0.9735874640041681,0
2100204,2024,MA,Nordeste,0.02643431652283874,0.9735656834771612,0
5200803,2024,GO,Centro-Oeste,0.02646656220890453,0.9735334377910955,0
3125705,2024,MG,Sudeste,0.02648171014787054,0.9735182898521295,1
3500907,2024,SP,Sudeste,0.02652170346889712,0.9734782965311028,0
3543501,2024,SP,Sudeste,0.026692525002106147,0.9733074749978938,0
3521200,2024,SP,Sudeste,0.026824719767292775,0.9731752802327073,1
3543006,2024,SP,Sudeste,0.026886721096190155,0.9731132789038098,1
4124103,2024,PR,Sul,0.02692844725103395,0.9730715527489661,0
4121000,2024,PR,Sul,0.027019246168699763,0.9729807538313002,0
5007935,2024,MS,Centro-Oeste,0.027145529233939394,0.9728544707660606,1
4315602,2024,RS,Sul,0.027282494247917823,0.9727175057520822,0
3520608,2024,SP,Sudeste,0.027295316307162736,0.9727046836928372,0
3513900,2024,SP,Sudeste,0.027388549121601435,0.9726114508783985,1
2408409,2024,RN,Nordeste,0.027393290250166954,0.9726067097498331,0
2111029,2024,MA,Nordeste,0.027429446882771373,0.9725705531172286,1
3201308,2024,ES,Sudeste,0.02751039864923968,0.9724896013507603,0
2205599,2024,PI,Nordeste,0.027573860262907878,0.9724261397370921,1
1501907,2024,PA,Norte,0.027590649790177422,0.9724093502098226,0
3150802,2024,MG,Sudeste,0.02762294601488365,0.9723770539851163,1
3519055,2024,SP,Sudeste,0.027689716949754226,0.9723102830502458,0
2804458,2024,SE,Nordeste,0.027736630270675328,0.9722633697293247,1
4105003,2024,PR,Sul,0.027740526386870752,0.9722594736131293,0
3115359,2024,MG,Sudeste,0.02798588279953791,0.972014117200462,0
3536307,2024,SP,Sudeste,0.028000053714806437,0.9719999462851936,1
3505104,2024,SP,Sudeste,0.028113394673644706,0.9718866053263553,0
5200605,2024,GO,Centro-Oeste,0.028208713675285726,0.9717912863247142,0
1502764,2024,PA,Norte,0.028382307222601225,0.9716176927773987,0
4213708,2024,SC,Sul,0.02838880438821571,0.9716111956117843,0
3528502,2024,SP,Sudeste,0.02856682408900182,0.9714331759109982,1
2611101,2024,PE,Nordeste,0.02857510293402478,0.9714248970659752,0
2412500,2024,RN,Nordeste,0.028575192043879,0.971424807956121,0
2402907,2024,RN,Nordeste,0.028840696198946886,0.9711593038010531,1
5102686,2024,MT,Centro-Oeste,0.028871460032995958,0.971128539967004,1
2202711,2024,PI,Nordeste,0.0290737341186467,0.9709262658813533,0
2612455,2024,PE,Nordeste,0.029186775397104476,0.9708132246028955,0
3146107,2024,MG,Sudeste,0.029270949044280008,0.97072905095572,1
2404903,2024,RN,Nordeste,0.029290179590944515,0.9707098204090555,0
3119807,2024,MG,Sudeste,0.029292303271794683,0.9707076967282053,0
2603603,2024,PE,Nordeste,0.029301151430678993,0.970698848569321,1
5108907,2024,MT,Centro-Oeste,0.029331779642419533,0.9706682203575805,0
5102678,2024,MT,Centro-Oeste,0.029435577780057783,0.9705644222199422,1
3548807,2024,SP,Sudeste,0.029601949712373846,0.9703980502876262,0
1707108,2024,TO,Norte,0.029644784640754693,0.9703552153592453,1
1100098,2024,RO,Norte,0.029676259492886384,0.9703237405071136,0
2513968,2024,PB,Nordeste,0.02978108444606042,0.9702189155539396,0
4215505,2024,SC,Sul,0.02990474614472987,0.9700952538552702,0
2401008,2024,RN,Nordeste,0.029977037576720218,0.9700229624232798,0
4316808,2024,RS,Sul,0.030033419156648814,0.9699665808433512,0
1100122,2024,RO,Norte,0.030061284558779475,0.9699387154412206,0
5107768,2024,MT,Centro-Oeste,0.0301097488556527,0.9698902511443473,0
4302808,2024,RS,Sul,0.030184770026158943,0.9698152299738411,0
3556008,2024,SP,Sudeste,0.03018890343143179,0.9698110965685682,0
2506004,2024,PB,Nordeste,0.03031506677900996,0.96968493322099,0
3521309,2024,SP,Sudeste,0.030328018583522534,0.9696719814164775,0
3543303,2024,SP,Sudeste,0.030363445154780122,0.9696365548452199,0
3532603,2024,SP,Sudeste,0.030447862192560186,0.9695521378074398,0
5221858,2024,GO,Centro-Oeste,0.03054712506922953,0.9694528749307705,0
3200508,2024,ES,Sudeste,0.030568438516119057,0.969431561483881,0
4300851,2024,RS,Sul,0.030613934626467523,0.9693860653735324,0
3144656,2024,MG,Sudeste,0.030621304473963214,0.9693786955260368,1
3502101,2024,SP,Sudeste,0.030663030315969824,0.9693369696840302,1
3516903,2024,SP,Sudeste,0.030742792080155654,0.9692572079198444,1
4103602,2024,PR,Sul,0.03080734865793252,0.9691926513420674,0
5004601,2024,MS,Centro-Oeste,0.030905219055476524,0.9690947809445235,1
4323507,2024,RS,Sul,0.030980673859186143,0.9690193261408139,0
3121803,2024,MG,Sudeste,0.030980932300500988,0.969019067699499,0
4109906,2024,PR,Sul,0.031000266112082543,0.9689997338879175,0
1200013,2024,AC,Norte,0.03104320529298265,0.9689567947070173,0
1715259,2024,TO,Norte,0.031055679126409302,0.9689443208735907,1
1507458,2024,PA,Norte,0.03109427426279414,0.9689057257372059,0
5106752,2024,MT,Centro-Oeste,0.03118609350907938,0.9688139064909206,0
4204806,2024,SC,Sul,0.03130181218852736,0.9686981878114727,0
1707553,2024,TO,Norte,0.03132558502739793,0.9686744149726021,0
2404002,2024,RN,Nordeste,0.031406002713140084,0.9685939972868599,1
3154457,2024,MG,Sudeste,0.03171178680245153,0.9682882131975484,0
1501782,2024,PA,Norte,0.03206184239981986,0.9679381576001801,1
4202602,2024,SC,Sul,0.03207613094895854,0.9679238690510414,1
2608909,2024,PE,Nordeste,0.032195641550173834,0.9678043584498262,0
3170701,2024,MG,Sudeste,0.032295806433550296,0.9677041935664497,1
3150158,2024,MG,Sudeste,0.03229697135938619,0.9677030286406139,1
5219803,2024,GO,Centro-Oeste,0.032320960243846425,0.9676790397561535,1
2900306,2024,BA,Nordeste,0.03234039361293752,0.9676596063870625,1
3121704,2024,MG,Sudeste,0.0325587446107378,0.9674412553892622,0
3514304,2024,SP,Sudeste,0.0325621470521993,0.9674378529478007,0
3554508,2024,SP,Sudeste,0.03259890380067238,0.9674010961993276,1
2400901,2024,RN,Nordeste,0.032619284990377445,0.9673807150096225,0
3304151,2024,RJ,Sudeste,0.032657401863333844,0.9673425981366661,0
3545803,2024,SP,Sudeste,0.03267485976245437,0.9673251402375457,1
3121902,2024,MG,Sudeste,0.032734320670842365,0.9672656793291576,1
3530508,2024,SP,Sudeste,0.03276655037025782,0.9672334496297422,1
5103205,2024,MT,Centro-Oeste,0.0328037084668833,0.9671962915331167,1
3131000,2024,MG,Sudeste,0.032849290760852044,0.9671507092391479,1
4307005,2024,RS,Sul,0.032877856066153476,0.9671221439338465,0
4306908,2024,RS,Sul,0.03288603616175039,0.9671139638382497,0
1301654,2024,AM,Norte,0.032983320788983805,0.9670166792110162,0
2105104,2024,MA,Nordeste,0.03298959290735702,0.967010407092643,0
1100288,2024,RO,Norte,0.03299300562836083,0.9670069943716392,1
4303905,2024,RS,Sul,0.033036466239476786,0.9669635337605232,0
5005251,2024,MS,Centro-Oeste,0.033106942219221426,0.9668930577807786,0
2612901,2024,PE,Nordeste,0.033171205931191376,0.9668287940688086,1
2113009,2024,MA,Nordeste,0.033196905719049145,0.9668030942809509,1
4119152,2024,PR,Sul,0.03323779743732487,0.9667622025626751,0
3526506,2024,SP,Sudeste,0.03323831200697027,0.9667616879930298,0
5000203,2024,MS,Centro-Oeste,0.03336427695092773,0.9666357230490723,1
3100401,2024,MG,Sudeste,0.03340349824669808,0.9665965017533019,0
5000807,2024,MS,Centro-Oeste,0.033460077166942014,0.966539922833058,1
3162005,2024,MG,Sudeste,0.033635972072132904,0.9663640279278671,0
3158607,2024,MG,Sudeste,0.03366784912146807,0.966332150878532,1
3168101,2024,MG,Sudeste,0.03396499511848509,0.966035004881515,1
3139706,2024,MG,Sudeste,0.03398911754430312,0.9660108824556969,1
3170800,2024,MG,Sudeste,0.034044649105690154,0.9659553508943098,1
3303005,2024,RJ,Sudeste,0.034079575542988766,0.9659204244570112,0
4212809,2024,SC,Sul,0.034114640558330196,0.9658853594416698,0
3116902,2024,MG,Sudeste,0.03414192463878931,0.9658580753612107,1
2101103,2024,MA,Nordeste,0.03418964464259258,0.9658103553574074,0
2402006,2024,RN,Nordeste,0.03420618732099961,0.9657938126790004,0
3546801,2024,SP,Sudeste,0.03421252901704236,0.9657874709829577,0
3302908,2024,RJ,Sudeste,0.03429456263407195,0.9657054373659281,1
3137700,2024,MG,Sudeste,0.034393176486608217,0.9656068235133918,0
5204508,2024,GO,Centro-Oeste,0.034403885149081645,0.9655961148509183,0
4104253,2024,PR,Sul,0.034431219932383204,0.9655687800676168,0
4202537,2024,SC,Sul,0.03452681444158488,0.9654731855584151,0
2408003,2024,RN,Nordeste,0.03472448736316149,0.9652755126368385,0
3127388,2024,MG,Sudeste,0.0347404588270004,0.9652595411729996,1
3115458,2024,MG,Sudeste,0.03479724458884795,0.9652027554111521,1
3164308,2024,MG,Sudeste,0.03479967757211882,0.9652003224278812,1
4103107,2024,PR,Sul,0.03481423843459438,0.9651857615654056,0
2510105,2024,PB,Nordeste,0.035316687334081553,0.9646833126659184,0
3538006,2024,SP,Sudeste,0.03540941641183859,0.9645905835881614,1
3549904,2024,SP,Sudeste,0.03543642881876829,0.9645635711812317,0
3116506,2024,MG,Sudeste,0.035534715740383575,0.9644652842596164,0
4203402,2024,SC,Sul,0.03562172961925482,0.9643782703807452,0
4306924,2024,RS,Sul,0.035632856299329066,0.9643671437006709,0
2616100,2024,PE,Nordeste,0.03580457253151054,0.9641954274684894,1
2210953,2024,PI,Nordeste,0.03583774942457894,0.964162250575421,0
3131109,2024,MG,Sudeste,0.0358445206034239,0.9641554793965761,1
3153905,2024,MG,Sudeste,0.03589384695784004,0.96410615304216,1
3168705,2024,MG,Sudeste,0.03599002007761425,0.9640099799223858,1
3533601,2024,SP,Sudeste,0.03610884367046637,0.9638911563295336,0
2204501,2024,PI,Nordeste,0.03620611000315858,0.9637938899968415,1
3543204,2024,SP,Sudeste,0.036226043073781765,0.9637739569262183,0
4209300,2024,SC,Sul,0.03640487332315146,0.9635951266768485,0
4311205,2024,RS,Sul,0.03652886568054523,0.9634711343194547,0
5201504,2024,GO,Centro-Oeste,0.03653463840388861,0.9634653615961114,0
1718550,2024,TO,Norte,0.036620184153632336,0.9633798158463677,1
2702355,2024,AL,Nordeste,0.03662277326755362,0.9633772267324464,1
1721257,2024,TO,Norte,0.03663794278259319,0.9633620572174069,1
2412401,2024,RN,Nordeste,0.03665851526581628,0.9633414847341837,1
4305306,2024,RS,Sul,0.036692596082623985,0.963307403917376,0
3541703,2024,SP,Sudeste,0.03669457913712022,0.9633054208628797,0
3547908,2024,SP,Sudeste,0.036716704245520836,0.9632832957544791,1
2406908,2024,RN,Nordeste,0.03672662066043913,0.9632733793395609,1
2610301,2024,PE,Nordeste,0.03685594042224302,0.963144059577757,0
2413003,2024,RN,Nordeste,0.03692293350448068,0.9630770664955193,0
4308409,2024,RS,Sul,0.03712990877707697,0.962870091222923,0
4306601,2024,RS,Sul,0.03719508176433788,0.9628049182356622,0
4315750,2024,RS,Sul,0.03733165195775167,0.9626683480422483,0
2600807,2024,PE,Nordeste,0.0373471431218462,0.9626528568781538,1
3547403,2024,SP,Sudeste,0.03752636533796036,0.9624736346620396,0
4320230,2024,RS,Sul,0.03758340629393157,0.9624165937060685,0
3201100,2024,ES,Sudeste,0.03760707176338802,0.9623929282366119,0
3102902,2024,MG,Sudeste,0.037951130259724186,0.9620488697402758,0
2209203,2024,PI,Nordeste,0.03801964271824909,0.9619803572817509,1
2105351,2024,MA,Nordeste,0.038081957602146034,0.961918042397854,0
1505403,2024,PA,Norte,0.03815190171749711,0.9618480982825028,0
2921807,2024,BA,Nordeste,0.03831707128896471,0.9616829287110353,0
3540200,2024,SP,Sudeste,0.03832490411482622,0.9616750958851737,0
2107100,2024,MA,Nordeste,0.038328741122441404,0.9616712588775586,0
2410256,2024,RN,Nordeste,0.03833825268572466,0.9616617473142753,0
4321634,2024,RS,Sul,0.038422434913445554,0.9615775650865545,0
3109907,2024,MG,Sudeste,0.03847974794671663,0.9615202520532834,1
3117801,2024,MG,Sudeste,0.03850360341764447,0.9614963965823555,1
3523305,2024,SP,Sudeste,0.03854489193512668,0.9614551080648733,1
4309753,2024,RS,Sul,0.03855539460621297,0.9614446053937871,0
3504107,2024,SP,Sudeste,0.0385835766463285,0.9614164233536715,0
3515350,2024,SP,Sudeste,0.03861169185263023,0.9613883081473698,0
3168408,2024,MG,Sudeste,0.0387511910822201,0.9612488089177799,1
1300029,2024,AM,Norte,0.03877639834106252,0.9612236016589375,1
2514206,2024,PB,Nordeste,0.03883531198855733,0.9611646880114426,0
2203859,2024,PI,Nordeste,0.03883617615621479,0.9611638238437852,0
5108808,2024,MT,Centro-Oeste,0.03884083961419101,0.961159160385809,0
2102002,2024,MA,Nordeste,0.038850386641466214,0.9611496133585338,0
2201606,2024,PI,Nordeste,0.038883445997674466,0.9611165540023255,0
2515807,2024,PB,Nordeste,0.038905173841580605,0.9610948261584193,1
3145208,2024,MG,Sudeste,0.038942701075213505,0.9610572989247865,1
3143906,2024,MG,Sudeste,0.03903673142618465,0.9609632685738153,1
3114204,2024,MG,Sudeste,0.039092170260163484,0.9609078297398366,1
3300159,2024,RJ,Sudeste,0.03919173407737796,0.960808265922622,1
3304201,2024,RJ,Sudeste,0.03935150315673915,0.9606484968432608,1
3134301,2024,MG,Sudeste,0.039404679126530895,0.9605953208734691,1
4203501,2024,SC,Sul,0.03950490168271364,0.9604950983172864,0
4313060,2024,RS,Sul,0.03950704911353221,0.9604929508864678,0
4302907,2024,RS,Sul,0.03955818699135502,0.960441813008645,0
4321709,2024,RS,Sul,0.039587730767249044,0.9604122692327509,0
2502409,2024,PB,Nordeste,0.0396166137379214,0.9603833862620786,1
5208004,2024,GO,Centro-Oeste,0.03996220199606678,0.9600377980039332,0
2101731,2024,MA,Nordeste,0.039996927056376586,0.9600030729436234,1
2708204,2024,AL,Nordeste,0.04029119380208648,0.9597088061979135,0
3106002,2024,MG,Sudeste,0.040382832468563834,0.9596171675314362,1
1716653,2024,TO,Norte,0.04040541437500485,0.9595945856249951,1
1711506,2024,TO,Norte,0.040510191105715736,0.9594898088942843,0
4304671,2024,RS,Sul,0.040598661551763296,0.9594013384482367,0
3165404,2024,MG,Sudeste,0.04067436268582375,0.9593256373141763,1
2202075,2024,PI,Nordeste,0.040725825303773305,0.9592741746962267,0
3157807,2024,MG,Sudeste,0.040784461197529424,0.9592155388024706,1
3508108,2024,SP,Sudeste,0.040834871849560285,0.9591651281504397,0
5207907,2024,GO,Centro-Oeste,0.040896453556622574,0.9591035464433775,0
2403103,2024,RN,Nordeste,0.04091219512558184,0.9590878048744181,0
4213302,2024,SC,Sul,0.040942897019047006,0.959057102980953,1
1505635,2024,PA,Norte,0.0410566377051519,0.9589433622948481,0
3304706,2024,RJ,Sudeste,0.0411319566440128,0.9588680433559872,1
2924652,2024,BA,Nordeste,0.04117044143259067,0.9588295585674094,0
3147600,2024,MG,Sudeste,0.041373614303663764,0.9586263856963362,0
3519303,2024,SP,Sudeste,0.04149879774853492,0.9585012022514651,1
3515707,2024,SP,Sudeste,0.04152761489808413,0.9584723851019159,1
3139102,2024,MG,Sudeste,0.041638232762014775,0.9583617672379853,0
1503903,2024,PA,Norte,0.04184537253811377,0.9581546274618862,0
3129905,2024,MG,Sudeste,0.04192264219725063,0.9580773578027494,1
2904506,2024,BA,Nordeste,0.04195096567931624,0.9580490343206838,0
3544806,2024,SP,Sudeste,0.04196128286827731,0.9580387171317227,0
2111789,2024,MA,Nordeste,0.041978110408445596,0.9580218895915544,0
3168804,2024,MG,Sudeste,0.04198108312600632,0.9580189168739937,1
3125903,2024,MG,Sudeste,0.04216199620909157,0.9578380037909084,1
1302801,2024,AM,Norte,0.0423802142904091,0.9576197857095909,1
3541901,2024,SP,Sudeste,0.04238042884156872,0.9576195711584313,1
1703206,2024,TO,Norte,0.042403001099931614,0.9575969989000683,0
4322400,2024,RS,Sul,0.04250047740384625,0.9574995225961538,0
2404507,2024,RN,Nordeste,0.04251873826490997,0.9574812617350901,0
5204557,2024,GO,Centro-Oeste,0.042606348815037214,0.9573936511849628,0
3511508,2024,SP,Sudeste,0.04264866637374843,0.9573513336262516,1
3126208,2024,MG,Sudeste,0.04266229620519831,0.9573377037948017,1
4115903,2024,PR,Sul,0.04282604441312028,0.9571739555868797,0
3104908,2024,MG,Sudeste,0.042918839933188194,0.9570811600668118,1
2928950,2024,BA,Nordeste,0.04299249975543573,0.9570075002445643,1
3139508,2024,MG,Sudeste,0.042992912255202353,0.9570070877447976,0
4300877,2024,RS,Sul,0.04308586492882118,0.9569141350711788,0
2107704,2024,MA,Nordeste,0.043167343964848566,0.9568326560351514,0
4117404,2024,PR,Sul,0.04328336290784545,0.9567166370921546,0
3301876,2024,RJ,Sudeste,0.04336320640318808,0.9566367935968119,1
1501105,2024,PA,Norte,0.04347351226672767,0.9565264877332723,0
4117305,2024,PR,Sul,0.0434855569499686,0.9565144430500314,0
3117009,2024,MG,Sudeste,0.04374914095262043,0.9562508590473796,1
5209705,2024,GO,Centro-Oeste,0.04378068994082791,0.956219310059172,0
2202851,2024,PI,Nordeste,0.04396037245601408,0.956039627543986,0
4112900,2024,PR,Sul,0.043999495182716335,0.9560005048172837,0
4110052,2024,PR,Sul,0.04405011919850145,0.9559498808014986,0
1101609,2024,RO,Norte,0.0441812834913019,0.9558187165086981,1
4314456,2024,RS,Sul,0.04439462195933052,0.9556053780406695,0
3131406,2024,MG,Sudeste,0.044510545396331924,0.9554894546036681,0
3550506,2024,SP,Sudeste,0.044523633867599714,0.9554763661324003,0
3529609,2024,SP,Sudeste,0.04458793431402833,0.9554120656859717,0
5100607,2024,MT,Centro-Oeste,0.04470440695958694,0.955295593040413,0
4321204,2024,RS,Sul,0.04474629626268787,0.9552537037373121,0
1716703,2024,TO,Norte,0.04476076381054328,0.9552392361894567,1
2902302,2024,BA,Nordeste,0.044829611014589314,0.9551703889854107,1
5214903,2024,GO,Centro-Oeste,0.04493388720804028,0.9550661127919597,1
3129608,2024,MG,Sudeste,0.04507961746171175,0.9549203825382883,1
3520426,2024,SP,Sudeste,0.0450806499311029,0.954919350068897,1
3516606,2024,SP,Sudeste,0.04535044090613472,0.9546495590938653,0
2612604,2024,PE,Nordeste,0.045417727704273915,0.9545822722957261,1
4127106,2024,PR,Sul,0.04565604041735248,0.9543439595826475,0
3170529,2024,MG,Sudeste,0.045824842792227156,0.9541751572077728,1
4311759,2024,RS,Sul,0.04589772206138055,0.9541022779386195,1
1301704,2024,AM,Norte,0.04591463073776225,0.9540853692622377,0
1501808,2024,PA,Norte,0.04604091947133208,0.953959080528668,1
1100379,2024,RO,Norte,0.046336213413292526,0.9536637865867075,1
3161304,2024,MG,Sudeste,0.046418813903274,0.953581186096726,0
5105101,2024,MT,Centro-Oeste,0.0464458271627321,0.9535541728372678,1
3111101,2024,MG,Sudeste,0.046550718461875085,0.9534492815381249,0
5106216,2024,MT,Centro-Oeste,0.046601012861574094,0.9533989871384259,1
3162252,2024,MG,Sudeste,0.04669809187069271,0.9533019081293073,1
3114105,2024,MG,Sudeste,0.04675365863152816,0.9532463413684719,1
2700805,2024,AL,Nordeste,0.04709270467581568,0.9529072953241843,1
4316600,2024,RS,Sul,0.04717543136422088,0.9528245686357791,0
5209804,2024,GO,Centro-Oeste,0.04717587784771816,0.9528241221522818,1
1302702,2024,AM,Norte,0.04730520098143196,0.952694799018568,0
1502756,2024,PA,Norte,0.04732468148922161,0.9526753185107784,1
2208650,2024,PI,Nordeste,0.04737747300895495,0.9526225269910451,1
4311627,2024,RS,Sul,0.04751463082833227,0.9524853691716677,0
3151701,2024,MG,Sudeste,0.04756658451314226,0.9524334154868578,0
2205516,2024,PI,Nordeste,0.047799118802486266,0.9522008811975138,0
4303004,2024,RS,Sul,0.04787843590522166,0.9521215640947783,0
5101803,2024,MT,Centro-Oeste,0.04790185381465844,0.9520981461853416,1
4304952,2024,RS,Sul,0.04803683904133696,0.9519631609586631,0
4301602,2024,RS,Sul,0.048316576524011556,0.9516834234759884,0
1506161,2024,PA,Norte,0.04840397471394911,0.9515960252860509,1
4320909,2024,RS,Sul,0.04841652124174583,0.9515834787582542,0
3554904,2024,SP,Sudeste,0.04844344595772294,0.951556554042277,0
5207808,2024,GO,Centro-Oeste,0.048537689100572524,0.9514623108994275,0
3115508,2024,MG,Sudeste,0.04859048550783947,0.9514095144921605,1
1500958,2024,PA,Norte,0.04884744796933982,0.9511525520306602,1
2516607,2024,PB,Nordeste,0.04888569701649063,0.9511143029835094,0
3125952,2024,MG,Sudeste,0.04916715044527905,0.9508328495547209,1
4209508,2024,SC,Sul,0.04939082100907615,0.9506091789909239,0
1716208,2024,TO,Norte,0.04941907907200098,0.9505809209279991,1
4112702,2024,PR,Sul,0.04967729001519372,0.9503227099848063,0
3110103,2024,MG,Sudeste,0.04971684971595828,0.9502831502840418,1
5103007,2024,MT,Centro-Oeste,0.049733156782934204,0.9502668432170658,1
2406106,2024,RN,Nordeste,0.04975589210625147,0.9502441078937486,1
5212709,2024,GO,Centro-Oeste,0.049879826270361825,0.9501201737296382,1
3111309,2024,MG,Sudeste,0.04988856828131433,0.9501114317186856,1
3529906,2024,SP,Sudeste,0.04990714735171855,0.9500928526482815,1
2404705,2024,RN,Nordeste,0.04993869094160423,0.9500613090583958,1
3514601,2024,SP,Sudeste,0.050003805997598974,0.949996194002401,0
3127404,2024,MG,Sudeste,0.05003498321765857,0.9499650167823415,1
4322202,2024,RS,Sul,0.050071798417570264,0.9499282015824297,0
2801108,2024,SE,Nordeste,0.05038447440673636,0.9496155255932637,1
4317301,2024,RS,Sul,0.05043858914540224,0.9495614108545978,0
5102637,2024,MT,Centro-Oeste,0.050484755490904386,0.9495152445090956,1
3112901,2024,MG,Sudeste,0.05069513798067168,0.9493048620193283,1
3169505,2024,MG,Sudeste,0.05075850176313665,0.9492414982368633,1
3534005,2024,SP,Sudeste,0.050831503278800774,0.9491684967211992,1
3130101,2024,MG,Sudeste,0.0511354117138875,0.9488645882861125,1
3102308,2024,MG,Sudeste,0.05130127925988721,0.9486987207401127,1
3162104,2024,MG,Sudeste,0.051314228569162255,0.9486857714308378,1
2206308,2024,PI,Nordeste,0.051340562222282934,0.9486594377777171,1
3111150,2024,MG,Sudeste,0.05136094219686047,0.9486390578031395,0
3504305,2024,SP,Sudeste,0.05138694020889165,0.9486130597911083,1
3110301,2024,MG,Sudeste,0.05165468979199318,0.9483453102080068,1
1303007,2024,AM,Norte,0.051829951322083116,0.9481700486779169,0
3117207,2024,MG,Sudeste,0.05199376377164092,0.9480062362283591,1
4210803,2024,SC,Sul,0.05205010056017859,0.9479498994398214,0
1100031,2024,RO,Norte,0.05229367593489585,0.9477063240651041,1
3162955,2024,MG,Sudeste,0.05230316860864736,0.9476968313913526,1
2502201,2024,PB,Nordeste,0.05266095411437222,0.9473390458856278,1
3505005,2024,SP,Sudeste,0.052821688011312255,0.9471783119886877,0
4323200,2024,RS,Sul,0.052856829032912035,0.947143170967088,0
4319125,2024,RS,Sul,0.053246510968736484,0.9467534890312636,0
4216800,2024,SC,Sul,0.05326894611053591,0.9467310538894641,0
3528601,2024,SP,Sudeste,0.053274577594801815,0.9467254224051982,0
3154705,2024,MG,Sudeste,0.053302481127519785,0.9466975188724802,1
3112653,2024,MG,Sudeste,0.05331023336370254,0.9466897666362974,1
4321501,2024,RS,Sul,0.05353665844033873,0.9464633415596613,0
5207402,2024,GO,Centro-Oeste,0.053589599774466375,0.9464104002255336,0
5217203,2024,GO,Centro-Oeste,0.0538099684701155,0.9461900315298845,0
2512762,2024,PB,Nordeste,0.05382694585339702,0.946173054146603,1
5217302,2024,GO,Centro-Oeste,0.054120381947159395,0.9458796180528406,0
2413508,2024,RN,Nordeste,0.05426146999536798,0.945738530004632,0
1718840,2024,TO,Norte,0.05434732168248494,0.9456526783175151,0
1506195,2024,PA,Norte,0.054357231647131625,0.9456427683528684,0
2110302,2024,MA,Nordeste,0.054362058820141924,0.9456379411798581,1
1716109,2024,TO,Norte,0.054402903375466036,0.945597096624534,0
4208104,2024,SC,Sul,0.05444364972485636,0.9455563502751436,0
3143302,2024,MG,Sudeste,0.05454943349364808,0.945450566506352,1
4318002,2024,RS,Sul,0.05458256323134553,0.9454174367686545,0
3122306,2024,MG,Sudeste,0.054630188842080034,0.94536981115792,1
3163805,2024,MG,Sudeste,0.05464454854803331,0.9453554514519666,1
2613602,2024,PE,Nordeste,0.054971209602088594,0.9450287903979114,1
3154507,2024,MG,Sudeste,0.05504174394594095,0.944958256054059,0
3135308,2024,MG,Sudeste,0.055119530186783706,0.9448804698132163,1
4317103,2024,RS,Sul,0.055336848580879935,0.94466315141912,0
1100072,2024,RO,Norte,0.05537838852803215,0.9446216114719679,1
3305703,2024,RJ,Sudeste,0.055503815894472716,0.9444961841055273,0
3147709,2024,MG,Sudeste,0.05551884192145726,0.9444811580785427,0
2210003,2024,PI,Nordeste,0.05555164182422417,0.9444483581757759,1
3101003,2024,MG,Sudeste,0.05557163250198879,0.9444283674980112,1
2207009,2024,PI,Nordeste,0.055632056074883335,0.9443679439251167,1
3203205,2024,ES,Sudeste,0.05564056360294402,0.944359436397056,0
5212501,2024,GO,Centro-Oeste,0.055784948686389085,0.9442150513136109,0
4307302,2024,RS,Sul,0.05594281303966984,0.9440571869603301,0
2517100,2024,PB,Nordeste,0.05603398811745685,0.9439660118825431,1
2112852,2024,MA,Nordeste,0.056043803767697804,0.9439561962323022,0
1505031,2024,PA,Norte,0.056115646277590046,0.94388435372241,0
1715002,2024,TO,Norte,0.056282747714283834,0.9437172522857161,1
3524501,2024,SP,Sudeste,0.05638043417308855,0.9436195658269114,1
3150604,2024,MG,Sudeste,0.056491723928072814,0.9435082760719272,1
5103056,2024,MT,Centro-Oeste,0.056780723973773,0.943219276026227,1
3127206,2024,MG,Sudeste,0.05721216929699317,0.9427878307030069,1
3158904,2024,MG,Sudeste,0.05741333411379085,0.9425866658862092,0
4128807,2024,PR,Sul,0.057587204173024036,0.942412795826976,0
4219101,2024,SC,Sul,0.05759934249489541,0.9424006575051046,0
1503002,2024,PA,Norte,0.05760472536998272,0.9423952746300173,0
4126801,2024,PR,Sul,0.05790386260878298,0.942096137391217,0
4100103,2024,PR,Sul,0.05810151577068422,0.9418984842293158,0
4101853,2024,PR,Sul,0.058127724947409545,0.9418722750525904,0
3161403,2024,MG,Sudeste,0.05819206755713347,0.9418079324428665,1
4306106,2024,RS,Sul,0.05820949962625078,0.9417905003737492,0
3162500,2024,MG,Sudeste,0.05827563083178057,0.9417243691682194,1
4219853,2024,SC,Sul,0.058299995317721155,0.9417000046822789,0
4321667,2024,RS,Sul,0.058419934654651784,0.9415800653453482,0
2114007,2024,MA,Nordeste,0.058730215031511476,0.9412697849684886,0
3114808,2024,MG,Sudeste,0.058750840762520046,0.94124915923748,0
3300605,2024,RJ,Sudeste,0.058924768580598245,0.9410752314194017,1
3127107,2024,MG,Sudeste,0.05941364190292814,0.9405863580970719,1
3113602,2024,MG,Sudeste,0.059741864512020855,0.9402581354879791,0
3142205,2024,MG,Sudeste,0.059741864512020855,0.9402581354879791,0
2605608,2024,PE,Nordeste,0.05983604652209542,0.9401639534779046,0
1505106,2024,PA,Norte,0.05992887795284653,0.9400711220471535,0
2112209,2024,MA,Nordeste,0.06008270228898057,0.9399172977110194,1
4105805,2024,PR,Sul,0.06026046451168356,0.9397395354883165,0
3157005,2024,MG,Sudeste,0.060538250205254295,0.9394617497947457,1
2516201,2024,PB,Nordeste,0.060550145709117,0.939449854290883,1
5104559,2024,MT,Centro-Oeste,0.0608057852488594,0.9391942147511406,1
4204202,2024,SC,Sul,0.06149040999519597,0.938509590004804,0
4311809,2024,RS,Sul,0.06153662198693004,0.93846337801307,0
3205150,2024,ES,Sudeste,0.06158862498217015,0.9384113750178299,0
4123303,2024,PR,Sul,0.06170999329589154,0.9382900067041084,0
2100956,2024,MA,Nordeste,0.06182789215743114,0.9381721078425689,0
2209708,2024,PI,Nordeste,0.061901897255401434,0.9380981027445986,0
2105153,2024,MA,Nordeste,0.0619046253479765,0.9380953746520235,1
3550803,2024,SP,Sudeste,0.06191737292458573,0.9380826270754142,0
3142106,2024,MG,Sudeste,0.06217527086493125,0.9378247291350688,1
3108552,2024,MG,Sudeste,0.06221518125641261,0.9377848187435874,0
3144607,2024,MG,Sudeste,0.06232563728343434,0.9376743627165657,1
3204807,2024,ES,Sudeste,0.06243454619405502,0.937565453805945,0
1506138,2024,PA,Norte,0.06247649074821151,0.9375235092517885,0
2506608,2024,PB,Nordeste,0.06256621778820798,0.937433782211792,1
4318481,2024,RS,Sul,0.06260417464954716,0.9373958253504528,0
4320008,2024,RS,Sul,0.06272924116778593,0.9372707588322141,0
2402105,2024,RN,Nordeste,0.06297287276969508,0.9370271272303049,1
5215603,2024,GO,Centro-Oeste,0.06300780949855063,0.9369921905014493,1
3139201,2024,MG,Sudeste,0.06303220881282456,0.9369677911871754,0
1702307,2024,TO,Norte,0.06304275968950482,0.9369572403104952,1
2407401,2024,RN,Nordeste,0.06311888584739377,0.9368811141526062,1
3112604,2024,MG,Sudeste,0.06312581459892441,0.9368741854010756,1
3103751,2024,MG,Sudeste,0.06327435251157595,0.936725647488424,1
2603504,2024,PE,Nordeste,0.06345085913241558,0.9365491408675845,1
4111902,2024,PR,Sul,0.06348478976424955,0.9365152102357505,0
4209151,2024,SC,Sul,0.06358072161811618,0.9364192783818839,1
4208807,2024,SC,Sul,0.06370375295907353,0.9362962470409265,1
2606309,2024,PE,Nordeste,0.06381966415773449,0.9361803358422656,1
4108007,2024,PR,Sul,0.0639200360347093,0.9360799639652907,0
3131604,2024,MG,Sudeste,0.0639894477282969,0.936010552271703,1
3539509,2024,SP,Sudeste,0.06438049022641244,0.9356195097735875,0
3132107,2024,MG,Sudeste,0.06476933658111353,0.9352306634188865,1
4109104,2024,PR,Sul,0.06482494997615296,0.935175050023847,0
2201051,2024,PI,Nordeste,0.06488419027753105,0.935115809722469,0
2506202,2024,PB,Nordeste,0.06493930468237129,0.9350606953176287,1
3111606,2024,MG,Sudeste,0.06511552092491658,0.9348844790750834,1
1505502,2024,PA,Norte,0.06522386578366102,0.934776134216339,0
3129301,2024,MG,Sudeste,0.06548374451312308,0.9345162554868769,1
4301651,2024,RS,Sul,0.06592801807509087,0.9340719819249091,0
4113601,2024,PR,Sul,0.0659938046919113,0.9340061953080887,0
3505708,2024,SP,Sudeste,0.06605796167216056,0.9339420383278394,0
3102605,2024,MG,Sudeste,0.06612384994791067,0.9338761500520893,1
3162948,2024,MG,Sudeste,0.0661610030105414,0.9338389969894586,0
2108454,2024,MA,Nordeste,0.0664180674126032,0.9335819325873969,1
4116208,2024,PR,Sul,0.06664845129100809,0.933351548708992,0
3134608,2024,MG,Sudeste,0.06666325066391737,0.9333367493360827,1
3116209,2024,MG,Sudeste,0.0670521935592714,0.9329478064407286,0
3518008,2024,SP,Sudeste,0.06721992804514725,0.9327800719548528,0
4114104,2024,PR,Sul,0.06777528108406539,0.9322247189159346,0
5200050,2024,GO,Centro-Oeste,0.06784265504628645,0.9321573449537135,0
3107802,2024,MG,Sudeste,0.06796872390788959,0.9320312760921105,0
2604700,2024,PE,Nordeste,0.0682244763016107,0.9317755236983893,1
3546405,2024,SP,Sudeste,0.068253081547783,0.931746918452217,1
4128104,2024,PR,Sul,0.0682914551867116,0.9317085448132884,0
1504976,2024,PA,Norte,0.06857333883616713,0.9314266611638329,0
4311254,2024,RS,Sul,0.06876834447395905,0.9312316555260409,0
3128253,2024,MG,Sudeste,0.06879279358229719,0.9312072064177028,1
3507001,2024,SP,Sudeste,0.06893404381113082,0.9310659561888692,1
3162658,2024,MG,Sudeste,0.0690067637226063,0.9309932362773937,1
3123106,2024,MG,Sudeste,0.06900689929220775,0.9309931007077923,1
3531407,2024,SP,Sudeste,0.06915599682251733,0.9308440031774827,0
3127354,2024,MG,Sudeste,0.069337790277739,0.930662209722261,1
4101101,2024,PR,Sul,0.06941002547609798,0.930589974523902,0
3127008,2024,MG,Sudeste,0.06956565369203334,0.9304343463079666,1
5213806,2024,GO,Centro-Oeste,0.06962494635549887,0.9303750536445011,0
4209706,2024,SC,Sul,0.06965945050786772,0.9303405494921323,1
2505600,2024,PB,Nordeste,0.0697268600294097,0.9302731399705904,1
3104007,2024,MG,Sudeste,0.07006914574826648,0.9299308542517335,1
2403756,2024,RN,Nordeste,0.07052283162855458,0.9294771683714455,1
4202081,2024,SC,Sul,0.07070364824040168,0.9292963517595983,0
2512101,2024,PB,Nordeste,0.07076713512685108,0.9292328648731489,0
2209351,2024,PI,Nordeste,0.07078179437396205,0.929218205626038,1
4305801,2024,RS,Sul,0.07078797504583241,0.9292120249541675,0
3550902,2024,SP,Sudeste,0.0708520092170528,0.9291479907829472,0
4204608,2024,SC,Sul,0.07086938179953162,0.9291306182004684,0
3149200,2024,MG,Sudeste,0.07094592708020399,0.929054072919796,1
3117702,2024,MG,Sudeste,0.0709858371691167,0.9290141628308833,0
4126504,2024,PR,Sul,0.0713548326866897,0.9286451673133103,0
3171709,2024,MG,Sudeste,0.07153827929837697,0.928461720701623,1
3160504,2024,MG,Sudeste,0.07171742231474418,0.9282825776852558,1
3537156,2024,SP,Sudeste,0.07177790115983186,0.9282220988401682,0
3131208,2024,MG,Sudeste,0.07178931291687911,0.9282106870831209,0
3305158,2024,RJ,Sudeste,0.07186765723572584,0.9281323427642741,1
4301057,2024,RS,Sul,0.07193883901478695,0.9280611609852131,0
4319737,2024,RS,Sul,0.07212935965153931,0.9278706403484607,0
4104428,2024,PR,Sul,0.07214265142471252,0.9278573485752875,0
3157500,2024,MG,Sudeste,0.07220108253296671,0.9277989174670332,1
1505650,2024,PA,Norte,0.07276521691875121,0.9272347830812488,0
3132602,2024,MG,Sudeste,0.07280253382441854,0.9271974661755815,1
3151503,2024,MG,Sudeste,0.07293689278981173,0.9270631072101883,1
3164209,2024,MG,Sudeste,0.07296535964876927,0.9270346403512307,1
2401453,2024,RN,Nordeste,0.0729955460918802,0.9270044539081198,0
1503606,2024,PA,Norte,0.07306488827348799,0.926935111726512,0
4314472,2024,RS,Sul,0.07309584993424634,0.9269041500657537,0
2303709,2024,CE,Nordeste,0.07328453260322716,0.9267154673967728,0
5107792,2024,MT,Centro-Oeste,0.07332321564923389,0.9266767843507662,1
3137809,2024,MG,Sudeste,0.07332674739759626,0.9266732526024037,1
3546207,2024,SP,Sudeste,0.07335865309425985,0.9266413469057402,1
2204709,2024,PI,Nordeste,0.07356066213203029,0.9264393378679697,1
4119954,2024,PR,Sul,0.07359268072605557,0.9264073192739444,0
3129509,2024,MG,Sudeste,0.07359766115684899,0.926402338843151,1
1508159,2024,PA,Norte,0.07398664574178386,0.9260133542582162,0
3549706,2024,SP,Sudeste,0.07403867078104444,0.9259613292189556,1
5216403,2024,GO,Centro-Oeste,0.07421589215727036,0.9257841078427297,1
4109757,2024,PR,Sul,0.0743463182556186,0.9256536817443815,0
2105906,2024,MA,Nordeste,0.0746653988058083,0.9253346011941916,1
5101902,2024,MT,Centro-Oeste,0.07472871417749574,0.9252712858225043,1
1712157,2024,TO,Norte,0.07475836993659903,0.925241630063401,0
4120507,2024,PR,Sul,0.07479098593921754,0.9252090140607825,1
2604809,2024,PE,Nordeste,0.07491647460520308,0.9250835253947969,1
3153301,2024,MG,Sudeste,0.07497110073107495,0.9250288992689251,1
1505700,2024,PA,Norte,0.07499794433729273,0.9250020556627072,1
2208106,2024,PI,Nordeste,0.07501307587329138,0.9249869241267086,0
3164605,2024,MG,Sudeste,0.07517396933039457,0.9248260306696054,1
4312906,2024,RS,Sul,0.07525340480492305,0.924746595195077,0
3120870,2024,MG,Sudeste,0.07538750762353427,0.9246124923764657,1
5100250,2024,MT,Centro-Oeste,0.07546772611652679,0.9245322738834733,1
2414704,2024,RN,Nordeste,0.07564443660079646,0.9243555633992036,1
1101484,2024,RO,Norte,0.07567937690817879,0.9243206230918212,1
5202155,2024,GO,Centro-Oeste,0.07586642456389436,0.9241335754361056,1
4320107,2024,RS,Sul,0.0762758167187441,0.9237241832812559,0
3171402,2024,MG,Sudeste,0.07647549101483925,0.9235245089851607,1
3112505,2024,MG,Sudeste,0.07713967325348688,0.9228603267465131,0
4118204,2024,PR,Sul,0.07722657920133771,0.9227734207986623,0
3145505,2024,MG,Sudeste,0.07736564260908826,0.9226343573909117,1
4119301,2024,PR,Sul,0.07740235588981653,0.9225976441101835,0
3510708,2024,SP,Sudeste,0.07800236523935658,0.9219976347606434,0
3144003,2024,MG,Sudeste,0.07803878295935154,0.9219612170406485,1
4311403,2024,RS,Sul,0.07805947835560301,0.921940521644397,0
3123403,2024,MG,Sudeste,0.0784152442235729,0.9215847557764271,1
2701407,2024,AL,Nordeste,0.07857610665499752,0.9214238933450025,0
4309001,2024,RS,Sul,0.07895855098025673,0.9210414490197433,0
1300086,2024,AM,Norte,0.0790743453896478,0.9209256546103521,1
1508050,2024,PA,Norte,0.07918789759379896,0.920812102406201,0
4205209,2024,SC,Sul,0.07934687350279544,0.9206531264972045,0
3148103,2024,MG,Sudeste,0.07960358716172378,0.9203964128382762,1
4300901,2024,RS,Sul,0.07969777773397317,0.9203022222660269,0
3525904,2024,SP,Sudeste,0.07988020776880558,0.9201197922311944,0
3122108,2024,MG,Sudeste,0.08017865609576602,0.919821343904234,1
4115705,2024,PR,Sul,0.08042248608032232,0.9195775139196777,0
2108900,2024,MA,Nordeste,0.08043253201552708,0.919567467984473,0
3542008,2024,SP,Sudeste,0.08070924060440866,0.9192907593955914,1
4100202,2024,PR,Sul,0.08072221066183458,0.9192777893381654,0
5105200,2024,MT,Centro-Oeste,0.08087609772438607,0.9191239022756139,1
4319802,2024,RS,Sul,0.08093497600028582,0.9190650239997142,0
3529500,2024,SP,Sudeste,0.08097581678694679,0.9190241832130532,1
5209408,2024,GO,Centro-Oeste,0.08110814744772352,0.9188918525522765,1
4204194,2024,SC,Sul,0.0822862177651311,0.9177137822348689,1
2929602,2024,BA,Nordeste,0.08229582377816,0.91770417622184,1
1100189,2024,RO,Norte,0.08254682655628046,0.9174531734437196,1
4311502,2024,RS,Sul,0.08272316889355401,0.917276831106446,0
2404101,2024,RN,Nordeste,0.08295432885000273,0.9170456711499972,1
4305355,2024,RS,Sul,0.08298098887837775,0.9170190111216222,0
4213609,2024,SC,Sul,0.08364162636904278,0.9163583736309572,0
3554300,2024,SP,Sudeste,0.0836661624689743,0.9163338375310257,0
4314134,2024,RS,Sul,0.08369094328787373,0.9163090567121263,0
3518503,2024,SP,Sudeste,0.08401109986422958,0.9159889001357704,1
3129707,2024,MG,Sudeste,0.08410049769800398,0.915899502301996,1
3109204,2024,MG,Sudeste,0.08415662010776873,0.9158433798922313,0
5214507,2024,GO,Centro-Oeste,0.08440194900098276,0.9155980509990173,0
4318101,2024,RS,Sul,0.08457320406544094,0.915426795934559,0
3128105,2024,MG,Sudeste,0.08464699947295126,0.9153530005270487,1
3522802,2024,SP,Sudeste,0.08479583320878903,0.915204166791211,1
1300060,2024,AM,Norte,0.08479615479966965,0.9152038452003304,0
3166808,2024,MG,Sudeste,0.08480122465859465,0.9151987753414054,1
2806701,2024,SE,Nordeste,0.08484916075065493,0.915150839249345,1
4306379,2024,RS,Sul,0.08525695177749928,0.9147430482225007,0
2614204,2024,PE,Nordeste,0.08528799430198053,0.9147120056980195,1
3538808,2024,SP,Sudeste,0.08548130794904447,0.9145186920509555,1
3507704,2024,SP,Sudeste,0.0855905954855178,0.9144094045144822,0
3134103,2024,MG,Sudeste,0.08619511670553012,0.9138048832944698,1
2512200,2024,PB,Nordeste,0.08629566266338834,0.9137043373366116,1
3512506,2024,SP,Sudeste,0.08635437657648924,0.9136456234235107,1
3118007,2024,MG,Sudeste,0.08644882222473729,0.9135511777752627,1
4212270,2024,SC,Sul,0.0866041410303753,0.9133958589696247,1
5107156,2024,MT,Centro-Oeste,0.08694808258354506,0.913051917416455,1
3162575,2024,MG,Sudeste,0.08701506266538114,0.9129849373346188,0
2202083,2024,PI,Nordeste,0.08731246436710803,0.912687535632892,1
3511102,2024,SP,Sudeste,0.08765413729890882,0.9123458627010912,1
2602209,2024,PE,Nordeste,0.08787894637946345,0.9121210536205365,1
3552908,2024,SP,Sudeste,0.08822644446955023,0.9117735555304498,0
3123858,2024,MG,Sudeste,0.08857775312113415,0.9114222468788659,0
4310108,2024,RS,Sul,0.08925492606157893,0.9107450739384211,0
2612703,2024,PE,Nordeste,0.0895049991671182,0.9104950008328818,0
2210102,2024,PI,Nordeste,0.09031344132558489,0.9096865586744152,0
3547502,2024,SP,Sudeste,0.09123466754160654,0.9087653324583934,0
1501451,2024,PA,Norte,0.09127219611410829,0.9087278038858917,0
1502202,2024,PA,Norte,0.09133301369358049,0.9086669863064195,0
3506904,2024,SP,Sudeste,0.09146700390947803,0.908532996090522,1
3123007,2024,MG,Sudeste,0.09174651784417269,0.9082534821558274,1
3101607,2024,MG,Sudeste,0.09177284977453429,0.9082271502254657,1
2103901,2024,MA,Nordeste,0.0920069061422636,0.9079930938577364,1
1506401,2024,PA,Norte,0.09218058961415652,0.9078194103858435,0
2105609,2024,MA,Nordeste,0.09266160987072286,0.9073383901292771,1
5208400,2024,GO,Centro-Oeste,0.09388528776012643,0.9061147122398736,0
3532058,2024,SP,Sudeste,0.09405201554629783,0.9059479844537022,0
4126678,2024,PR,Sul,0.09427786698319833,0.9057221330168017,0
3158003,2024,MG,Sudeste,0.09458339912332371,0.9054166008766763,1
4120903,2024,PR,Sul,0.09482485295918038,0.9051751470408196,0
4307708,2024,RS,Sul,0.09523669669331591,0.9047633033066841,0
4312104,2024,RS,Sul,0.09540029632311235,0.9045997036768877,0
4308052,2024,RS,Sul,0.09546318513681534,0.9045368148631847,0
3150703,2024,MG,Sudeste,0.09561488747155668,0.9043851125284433,1
4204350,2024,SC,Sul,0.09570861124953577,0.9042913887504642,0
3155108,2024,MG,Sudeste,0.09577885219386653,0.9042211478061335,1
3113206,2024,MG,Sudeste,0.09580111814312141,0.9041988818568786,1
4202099,2024,SC,Sul,0.09598897101992278,0.9040110289800772,1
5212105,2024,GO,Centro-Oeste,0.09605499964999759,0.9039450003500025,1
3137536,2024,MG,Sudeste,0.09617445573146552,0.9038255442685345,0
2109700,2024,MA,Nordeste,0.09633116023178441,0.9036688397682155,0
2408201,2024,RN,Nordeste,0.09652424245177744,0.9034757575482225,1
3112802,2024,MG,Sudeste,0.09695004101057957,0.9030499589894204,0
3140506,2024,MG,Sudeste,0.0972190664937029,0.9027809335062971,1
4125506,2024,PR,Sul,0.09740183431021937,0.9025981656897806,0
4110003,2024,PR,Sul,0.09752931675613376,0.9024706832438663,0
4113759,2024,PR,Sul,0.09773073717541941,0.9022692628245805,1
3527900,2024,SP,Sudeste,0.09795315834978248,0.9020468416502175,1
3103207,2024,MG,Sudeste,0.09812388733584194,0.901876112664158,0
2615102,2024,PE,Nordeste,0.09830977200282273,0.9016902279971772,1
2109239,2024,MA,Nordeste,0.09846947288721111,0.9015305271127889,0
3169901,2024,MG,Sudeste,0.09853325085322005,0.9014667491467799,1
2106409,2024,MA,Nordeste,0.09876704295232841,0.9012329570476716,1
1700707,2024,TO,Norte,0.09907832210375357,0.9009216778962464,1
3155405,2024,MG,Sudeste,0.09912390800718236,0.9008760919928176,1
3143401,2024,MG,Sudeste,0.09917328732666834,0.9008267126733317,1
3131158,2024,MG,Sudeste,0.09944387777074688,0.9005561222292531,1
4322301,2024,RS,Sul,0.09956925099986368,0.9004307490001363,0
4118857,2024,PR,Sul,0.099599933334938,0.900400066665062,1
4314605,2024,RS,Sul,0.0996689749707278,0.9003310250292722,0
4202800,2024,SC,Sul,0.09974392358771791,0.9002560764122821,0
2919405,2024,BA,Nordeste,0.09976066671526752,0.9002393332847325,0
5106265,2024,MT,Centro-Oeste,0.09978124949575976,0.9002187505042403,1
2101772,2024,MA,Nordeste,0.09988572082252067,0.9001142791774793,1
3148004,2024,MG,Sudeste,0.09998936721337967,0.9000106327866203,1
4209904,2024,SC,Sul,0.10013029999137397,0.899869700008626,0
1200500,2024,AC,Norte,0.10026169023546434,0.8997383097645356,0
5203575,2024,GO,Centro-Oeste,0.10026925723100932,0.8997307427689907,1
4203303,2024,SC,Sul,0.10081946342232243,0.8991805365776776,0
1707306,2024,TO,Norte,0.10105696371411124,0.8989430362858888,1
3147808,2024,MG,Sudeste,0.10117399521906191,0.8988260047809381,1
1200351,2024,AC,Norte,0.10155791036730519,0.8984420896326948,0
3305901,2024,RJ,Sudeste,0.10179197267452088,0.8982080273254791,1
3159308,2024,MG,Sudeste,0.10213159476311878,0.8978684052368813,1
3170503,2024,MG,Sudeste,0.10247900574383764,0.8975209942561624,1
5103254,2024,MT,Centro-Oeste,0.1025111056567146,0.8974888943432854,1
4318606,2024,RS,Sul,0.10298530781757902,0.897014692182421,0
4114302,2024,PR,Sul,0.10299634173960256,0.8970036582603974,0
3108800,2024,MG,Sudeste,0.10311870162583596,0.8968812983741641,0
3156452,2024,MG,Sudeste,0.10315892569111489,0.8968410743088852,1
4117503,2024,PR,Sul,0.10328519124644275,0.8967148087535572,0
3144102,2024,MG,Sudeste,0.10339338947662668,0.8966066105233733,1
3539202,2024,SP,Sudeste,0.10376832397713745,0.8962316760228626,0
4311643,2024,RS,Sul,0.10383731007861029,0.8961626899213897,0
4122206,2024,PR,Sul,0.1038919792537606,0.8961080207462394,0
2510808,2024,PB,Nordeste,0.10394095282703815,0.8960590471729618,1
3203403,2024,ES,Sudeste,0.10398867188149921,0.8960113281185008,0
3113909,2024,MG,Sudeste,0.10405985649602147,0.8959401435039785,1
3168051,2024,MG,Sudeste,0.10408343924069427,0.8959165607593057,1
3204906,2024,ES,Sudeste,0.10420678260183447,0.8957932173981655,0
5107107,2024,MT,Centro-Oeste,0.10485866293605973,0.8951413370639403,0
4305587,2024,RS,Sul,0.10487600528030169,0.8951239947196983,0
3527256,2024,SP,Sudeste,0.10520540508678326,0.8947945949132168,0
3141900,2024,MG,Sudeste,0.10539505667116501,0.894604943328835,1
4309654,2024,RS,Sul,0.10548882881453082,0.8945111711854692,0
2413706,2024,RN,Nordeste,0.10553003055972587,0.8944699694402741,1
2610509,2024,PE,Nordeste,0.10558771295608095,0.8944122870439191,0
3130051,2024,MG,Sudeste,0.10587556813071329,0.8941244318692867,1
5213772,2024,GO,Centro-Oeste,0.10587993504263533,0.8941200649573646,0
2105708,2024,MA,Nordeste,0.10588479689542168,0.8941152031045783,0
3536570,2024,SP,Sudeste,0.10646732025218855,0.8935326797478115,1
5208707,2024,GO,Centro-Oeste,0.10703763092540973,0.8929623690745903,0
3148202,2024,MG,Sudeste,0.10755578087380127,0.8924442191261988,1
4214003,2024,SC,Sul,0.10781925087314086,0.8921807491268592,0
4106456,2024,PR,Sul,0.10808055934866714,0.8919194406513329,0
2613909,2024,PE,Nordeste,0.10870372623656595,0.891296273763434,1
3138658,2024,MG,Sudeste,0.10924127891919592,0.8907587210808041,1
2409209,2024,RN,Nordeste,0.10931772690640341,0.8906822730935966,0
4315800,2024,RS,Sul,0.10977256820622149,0.8902274317937785,0
4118303,2024,PR,Sul,0.10987101418666957,0.8901289858133304,0
2608107,2024,PE,Nordeste,0.1100315826185146,0.8899684173814854,1
5106851,2024,MT,Centro-Oeste,0.11018048027316173,0.8898195197268383,0
5108303,2024,MT,Centro-Oeste,0.11018069733461416,0.8898193026653858,1
2608750,2024,PE,Nordeste,0.11022674862200113,0.8897732513779989,1
3512407,2024,SP,Sudeste,0.11087584857147101,0.889124151428529,0
3533304,2024,SP,Sudeste,0.11107580261030627,0.8889241973896937,0
4118907,2024,PR,Sul,0.1114491636303173,0.8885508363696827,0
4305207,2024,RS,Sul,0.11166805653618479,0.8883319434638152,0
5220264,2024,GO,Centro-Oeste,0.1117860204248656,0.8882139795751344,0
4314506,2024,RS,Sul,0.11206173568971248,0.8879382643102876,0
1100296,2024,RO,Norte,0.11226638710301687,0.8877336128969832,1
3144706,2024,MG,Sudeste,0.11281803978080585,0.8871819602191942,1
3125408,2024,MG,Sudeste,0.11300172080657767,0.8869982791934223,0
4108700,2024,PR,Sul,0.1131825473228081,0.8868174526771919,0
3120805,2024,MG,Sudeste,0.11344804553527386,0.8865519544647261,0
3152105,2024,MG,Sudeste,0.11352874232474353,0.8864712576752565,1
2502706,2024,PB,Nordeste,0.11358869562560711,0.8864113043743929,0
3134509,2024,MG,Sudeste,0.11361794572289566,0.8863820542771044,1
3103108,2024,MG,Sudeste,0.11362951062667581,0.8863704893733242,1
4307807,2024,RS,Sul,0.11366575607728772,0.8863342439227123,0
3524808,2024,SP,Sudeste,0.11378644655049644,0.8862135534495036,1
3535002,2024,SP,Sudeste,0.11432265732542628,0.8856773426745738,1
3205010,2024,ES,Sudeste,0.1144303355454512,0.8855696644545488,0
4307831,2024,RS,Sul,0.11448410248329778,0.8855158975167022,0
2100873,2024,MA,Nordeste,0.11451810593528212,0.8854818940647179,1
4320503,2024,RS,Sul,0.11478304957562961,0.8852169504243704,0
3149507,2024,MG,Sudeste,0.11520837927460933,0.8847916207253906,1
5208509,2024,GO,Centro-Oeste,0.11531463382741669,0.8846853661725833,1
4315909,2024,RS,Sul,0.1154697759023727,0.8845302240976273,0
3512308,2024,SP,Sudeste,0.11574004533939494,0.884259954660605,1
3553005,2024,SP,Sudeste,0.11608372808759082,0.8839162719124092,1
5108006,2024,MT,Centro-Oeste,0.11669024276676591,0.8833097572332341,1
3136207,2024,MG,Sudeste,0.11670326578165609,0.8832967342183439,1
3170909,2024,MG,Sudeste,0.11685143453155403,0.883148565468446,1
4313656,2024,RS,Sul,0.11697953011517435,0.8830204698848256,0
3115706,2024,MG,Sudeste,0.11700378832552473,0.8829962116744753,0
3134905,2024,MG,Sudeste,0.11705420888356705,0.8829457911164329,1
4107306,2024,PR,Sul,0.11729206145773687,0.8827079385422631,0
3517505,2024,SP,Sudeste,0.117517819623313,0.882482180376687,1
3150208,2024,MG,Sudeste,0.11814117137033014,0.8818588286296698,1
3136553,2024,MG,Sudeste,0.1183507482944207,0.8816492517055793,0
5105176,2024,MT,Centro-Oeste,0.11835879303984881,0.8816412069601511,1
3155702,2024,MG,Sudeste,0.119485938011726,0.880514061988274,0
2501203,2024,PB,Nordeste,0.11961468897535724,0.8803853110246428,0
2300903,2024,CE,Nordeste,0.12019368412740077,0.8798063158725993,0
2612208,2024,PE,Nordeste,0.12028522631761182,0.8797147736823882,0
4217600,2024,SC,Sul,0.1205249598049575,0.8794750401950425,0
2109007,2024,MA,Nordeste,0.12112451624343219,0.8788754837565678,1
4200101,2024,SC,Sul,0.12139520094100045,0.8786047990589996,0
4206603,2024,SC,Sul,0.12139728126355175,0.8786027187364482,0
4319604,2024,RS,Sul,0.12150448414198971,0.8784955158580103,0
3123205,2024,MG,Sudeste,0.12290332975624746,0.8770966702437526,1
3205200,2024,ES,Sudeste,0.12316272989450766,0.8768372701054923,0
3140704,2024,MG,Sudeste,0.12317910093649878,0.8768208990635012,1
2106300,2024,MA,Nordeste,0.12376028062111209,0.8762397193788879,1
3130200,2024,MG,Sudeste,0.12398232020644591,0.876017679793554,1
3131901,2024,MG,Sudeste,0.12407109839964657,0.8759289016003534,1
3152131,2024,MG,Sudeste,0.12427426339093627,0.8757257366090637,1
3524204,2024,SP,Sudeste,0.12462405410032182,0.8753759458996782,0
3156403,2024,MG,Sudeste,0.12540425429989313,0.8745957457001069,1
2503902,2024,PB,Nordeste,0.12588272163317224,0.8741172783668277,1
4305959,2024,RS,Sul,0.1259315674223957,0.8740684325776042,0
3115474,2024,MG,Sudeste,0.12604387290915545,0.8739561270908446,1
3143005,2024,MG,Sudeste,0.1269200730645256,0.8730799269354744,1
5209200,2024,GO,Centro-Oeste,0.12718276412566004,0.87281723587434,1
1700251,2024,TO,Norte,0.1271999645908286,0.8728000354091714,1
5206206,2024,GO,Centro-Oeste,0.12723349478848633,0.8727665052115137,0
2104503,2024,MA,Nordeste,0.12727381305599927,0.8727261869440007,0
5201405,2024,GO,Centro-Oeste,0.12749724613954955,0.8725027538604504,1
3302452,2024,RJ,Sudeste,0.12750977994161156,0.8724902200583884,1
2601508,2024,PE,Nordeste,0.1277631254412103,0.8722368745587897,1
3532900,2024,SP,Sudeste,0.12795518497190983,0.8720448150280902,1
4303202,2024,RS,Sul,0.1279706947649232,0.8720293052350768,0
2503506,2024,PB,Nordeste,0.12854349497369152,0.8714565050263084,0
3541307,2024,SP,Sudeste,0.12902767645320348,0.8709723235467965,1
2107258,2024,MA,Nordeste,0.12926196443038143,0.8707380355696186,0
5108857,2024,MT,Centro-Oeste,0.12930403141707855,0.8706959685829214,1
3141801,2024,MG,Sudeste,0.1295012592343027,0.8704987407656973,1
2210359,2024,PI,Nordeste,0.12987844554320854,0.8701215544567915,0
2110104,2024,MA,Nordeste,0.13060022283993558,0.8693997771600644,1
3151800,2024,MG,Sudeste,0.13060565545386188,0.8693943445461381,1
3135001,2024,MG,Sudeste,0.13060851921204497,0.869391480787955,1
3503000,2024,SP,Sudeste,0.13100795507423427,0.8689920449257658,1
3117108,2024,MG,Sudeste,0.13136499698480358,0.8686350030151964,1
3145604,2024,MG,Sudeste,0.13262660355083813,0.8673733964491619,1
3140159,2024,MG,Sudeste,0.13285489097367326,0.8671451090263267,1
3143807,2024,MG,Sudeste,0.13291867241004438,0.8670813275899556,1
4314035,2024,RS,Sul,0.13404590201264469,0.8659540979873553,0
5211909,2024,GO,Centro-Oeste,0.13407876248257578,0.8659212375174242,1
2211407,2024,PI,Nordeste,0.13455138038349465,0.8654486196165053,0
3201209,2024,ES,Sudeste,0.13462300897968058,0.8653769910203194,1
3127370,2024,MG,Sudeste,0.1346698375014929,0.8653301624985071,1
2517209,2024,PB,Nordeste,0.13480040648381994,0.86519959351618,1
2509107,2024,PB,Nordeste,0.13481991989494221,0.8651800801050578,1
3149903,2024,MG,Sudeste,0.13486379589600903,0.865136204103991,1
3143153,2024,MG,Sudeste,0.13509151410646136,0.8649084858935386,1
2615508,2024,PE,Nordeste,0.13511461772219577,0.8648853822778042,1
4218400,2024,SC,Sul,0.13577749101315378,0.8642225089868463,0
3554409,2024,SP,Sudeste,0.13588242256103028,0.8641175774389698,1
1506708,2024,PA,Norte,0.13606136936071156,0.8639386306392884,0
4100707,2024,PR,Sul,0.1361749490797001,0.8638250509202999,0
4314464,2024,RS,Sul,0.13651949502301206,0.8634805049769879,0
4117057,2024,PR,Sul,0.1367007035164267,0.8632992964835733,0
3133709,2024,MG,Sudeste,0.13698985042349318,0.8630101495765068,1
3150901,2024,MG,Sudeste,0.13720846686919708,0.8627915331308029,1
3204302,2024,ES,Sudeste,0.13724700466150888,0.8627529953384911,0
2104701,2024,MA,Nordeste,0.137435050273141,0.862564949726859,1
3131802,2024,MG,Sudeste,0.13792111782017807,0.862078882179822,1
3203320,2024,ES,Sudeste,0.1385746338886681,0.8614253661113319,0
2613305,2024,PE,Nordeste,0.13923255376032118,0.8607674462396788,1
4127601,2024,PR,Sul,0.1393748848388879,0.8606251151611121,0
3524709,2024,SP,Sudeste,0.13977777984936324,0.8602222201506368,1
4313086,2024,RS,Sul,0.13982057374818055,0.8601794262518194,0
2403806,2024,RN,Nordeste,0.13998286219930828,0.8600171378006918,0
2614808,2024,PE,Nordeste,0.14036544317665162,0.8596345568233483,1
3103306,2024,MG,Sudeste,0.1405437330518605,0.8594562669481395,1
4104709,2024,PR,Sul,0.14071531520955405,0.859284684790446,0
4308508,2024,RS,Sul,0.14072316974720764,0.8592768302527923,0
4103040,2024,PR,Sul,0.14080375686502442,0.8591962431349756,0
2111953,2024,MA,Nordeste,0.14089245981347848,0.8591075401865216,1
3501202,2024,SP,Sudeste,0.14089386238869134,0.8591061376113087,0
4107652,2024,PR,Sul,0.14107148189518984,0.8589285181048102,0
3556305,2024,SP,Sudeste,0.14118495686034266,0.8588150431396573,1
4304002,2024,RS,Sul,0.141211500580836,0.858788499419164,0
2305407,2024,CE,Nordeste,0.14146537391026806,0.858534626089732,0
4101200,2024,PR,Sul,0.14165907190693694,0.8583409280930631,0
4300307,2024,RS,Sul,0.1417161940144669,0.8582838059855331,0
2209559,2024,PI,Nordeste,0.1418820981905533,0.8581179018094467,0
4308102,2024,RS,Sul,0.14246841706971422,0.8575315829302858,0
3158409,2024,MG,Sudeste,0.14316104227135554,0.8568389577286445,0
4107702,2024,PR,Sul,0.14323413723757764,0.8567658627624224,0
3142403,2024,MG,Sudeste,0.1432499772997871,0.8567500227002129,1
2407807,2024,RN,Nordeste,0.1434174246571006,0.8565825753428994,0
4206801,2024,SC,Sul,0.1435079520437988,0.8564920479562013,0
3515129,2024,SP,Sudeste,0.14395777745850738,0.8560422225414926,1
4315107,2024,RS,Sul,0.1440361622435036,0.8559638377564964,0
3152402,2024,MG,Sudeste,0.14421444976546546,0.8557855502345345,1
2414100,2024,RN,Nordeste,0.14426496790950652,0.8557350320904935,0
3523602,2024,SP,Sudeste,0.14475687426934875,0.8552431257306512,1
4125902,2024,PR,Sul,0.14482662956590403,0.855173370434096,1
2204550,2024,PI,Nordeste,0.14502732728512122,0.8549726727148788,1
5107743,2024,MT,Centro-Oeste,0.14592244294278306,0.854077557057217,1
5206602,2024,GO,Centro-Oeste,0.14618513884141315,0.8538148611585868,0
3145703,2024,MG,Sudeste,0.14630342671727659,0.8536965732827234,1
3159902,2024,MG,Sudeste,0.14655460193968706,0.8534453980603129,1
3500600,2024,SP,Sudeste,0.14691824959510064,0.8530817504048993,1
4219705,2024,SC,Sul,0.1472227245011451,0.852777275498855,0
2104909,2024,MA,Nordeste,0.14761103130273792,0.8523889686972621,1
4201109,2024,SC,Sul,0.1479323531713063,0.8520676468286937,0
4301552,2024,RS,Sul,0.14794897228001969,0.8520510277199803,0
3132404,2024,MG,Sudeste,0.1481906702753337,0.8518093297246663,1
3149002,2024,MG,Sudeste,0.14823494976757487,0.8517650502324251,1
2608503,2024,PE,Nordeste,0.14843307615514287,0.8515669238448571,1
3204203,2024,ES,Sudeste,0.14880661610119472,0.8511933838988053,1
3108602,2024,MG,Sudeste,0.14947229919780058,0.8505277008021994,0
4210407,2024,SC,Sul,0.14960744852812877,0.8503925514718712,0
4313607,2024,RS,Sul,0.14992020565786418,0.8500797943421359,0
4100459,2024,PR,Sul,0.14993181957673138,0.8500681804232686,0
3510203,2024,SP,Sudeste,0.15039325602410591,0.8496067439758941,1
2601805,2024,PE,Nordeste,0.1513483319813082,0.8486516680186917,1
4302105,2024,RS,Sul,0.1518285444472064,0.8481714555527936,0
3136108,2024,MG,Sudeste,0.15306475962347926,0.8469352403765207,1
4106902,2024,PR,Sul,0.15373287848674044,0.8462671215132596,0
3168903,2024,MG,Sudeste,0.15421401948749694,0.8457859805125031,1
4305850,2024,RS,Sul,0.154509856074917,0.845490143925083,0
3550209,2024,SP,Sudeste,0.1545567329220257,0.8454432670779743,1
4103222,2024,PR,Sul,0.15456270771463881,0.8454372922853612,0
3156908,2024,MG,Sudeste,0.1556537338456351,0.8443462661543649,1
2307106,2024,CE,Nordeste,0.15584881387736635,0.8441511861226336,0
2923035,2024,BA,Nordeste,0.1559187503167057,0.8440812496832943,1
3510906,2024,SP,Sudeste,0.15606696140100962,0.8439330385989904,1
3101631,2024,MG,Sudeste,0.1564522416177502,0.8435477583822498,1
2914208,2024,BA,Nordeste,0.15717184890138614,0.8428281510986139,1
4200507,2024,SC,Sul,0.15740197259179142,0.8425980274082085,1
4108601,2024,PR,Sul,0.1574496197909564,0.8425503802090436,0
4304200,2024,RS,Sul,0.15760508045527147,0.8423949195447286,0
4110409,2024,PR,Sul,0.1576882686208314,0.8423117313791686,0
3122470,2024,MG,Sudeste,0.15784728970905854,0.8421527102909414,1
2300408,2024,CE,Nordeste,0.15797833201154973,0.8420216679884502,0
3153509,2024,MG,Sudeste,0.15845461589788506,0.841545384102115,1
4307559,2024,RS,Sul,0.1604173761304524,0.8395826238695476,0
3108206,2024,MG,Sudeste,0.16060954677904224,0.8393904532209577,0
2210508,2024,PI,Nordeste,0.16148811994041506,0.838511880059585,1
3163102,2024,MG,Sudeste,0.16188324241662594,0.8381167575833741,1
2602308,2024,PE,Nordeste,0.16217264341282808,0.8378273565871719,1
3108305,2024,MG,Sudeste,0.16232804837415005,0.83767195162585,1
3306156,2024,RJ,Sudeste,0.16245019166974678,0.8375498083302533,1
3108107,2024,MG,Sudeste,0.16250523188788896,0.837494768112111,1
5105002,2024,MT,Centro-Oeste,0.16267104099394278,0.8373289590060572,1
3139003,2024,MG,Sudeste,0.1626753501652658,0.8373246498347342,1
3144805,2024,MG,Sudeste,0.16271556129258563,0.8372844387074143,1
3205101,2024,ES,Sudeste,0.16275913286914823,0.8372408671308518,0
3203007,2024,ES,Sudeste,0.16339697640019213,0.8366030235998079,0
2203305,2024,PI,Nordeste,0.16424889239192556,0.8357511076080745,1
3201605,2024,ES,Sudeste,0.16508637321740388,0.8349136267825961,0
3503604,2024,SP,Sudeste,0.16550609951048612,0.8344939004895139,1
4312302,2024,RS,Sul,0.16552654624614282,0.8344734537538572,0
3303856,2024,RJ,Sudeste,0.16562245067718803,0.8343775493228119,1
1302405,2024,AM,Norte,0.16629986486493425,0.8337001351350657,0
1501006,2024,PA,Norte,0.16665531194757705,0.8333446880524229,0
4219309,2024,SC,Sul,0.16698335120855123,0.8330166487914488,0
4321808,2024,RS,Sul,0.16701690065261673,0.8329830993473832,0
3540606,2024,SP,Sudeste,0.16709822036336752,0.8329017796366325,0
3140803,2024,MG,Sudeste,0.16715586310694938,0.8328441368930506,1
4300034,2024,RS,Sul,0.16848308512134372,0.8315169148786563,0
4211009,2024,SC,Sul,0.16903914171038173,0.8309608582896183,0
2210383,2024,PI,Nordeste,0.16905181775006448,0.8309481822499355,1
4103503,2024,PR,Sul,0.16923336007141568,0.8307666399285843,0
2514552,2024,PB,Nordeste,0.16967360868067027,0.8303263913193297,1
3538501,2024,SP,Sudeste,0.17008825978802639,0.8299117402119736,0
4105607,2024,PR,Sul,0.17018709508655933,0.8298129049134406,0
3107109,2024,MG,Sudeste,0.17096277720861935,0.8290372227913807,1
3149606,2024,MG,Sudeste,0.17124904515688122,0.8287509548431188,1
4212254,2024,SC,Sul,0.1713211260426924,0.8286788739573077,0
3155801,2024,MG,Sudeste,0.1727224588063345,0.8272775411936655,1
3505203,2024,SP,Sudeste,0.17401076281919825,0.8259892371808017,1
5107065,2024,MT,Centro-Oeste,0.17443508632787522,0.8255649136721248,1
4213401,2024,SC,Sul,0.17475845194722192,0.825241548052778,1
3506359,2024,SP,Sudeste,0.17516490612008093,0.824835093879919,1
4303707,2024,RS,Sul,0.17518838576777748,0.8248116142322225,0
4120804,2024,PR,Sul,0.17523170832115492,0.824768291678845,0
1501501,2024,PA,Norte,0.1757647671670093,0.8242352328329907,0
3165602,2024,MG,Sudeste,0.17596411295237394,0.8240358870476261,1
4311130,2024,RS,Sul,0.1760444519678232,0.8239555480321767,0
2508901,2024,PB,Nordeste,0.17614256508915635,0.8238574349108436,1
5221197,2024,GO,Centro-Oeste,0.17624311913944274,0.8237568808605573,1
4212056,2024,SC,Sul,0.17707503331039323,0.8229249666896068,0
4115309,2024,PR,Sul,0.17710541822074535,0.8228945817792547,0
5100805,2024,MT,Centro-Oeste,0.1778769416234074,0.8221230583765926,1
4101606,2024,PR,Sul,0.17796174611215712,0.8220382538878429,0
4312054,2024,RS,Sul,0.17799842858827145,0.8220015714117286,0
5205455,2024,GO,Centro-Oeste,0.17884570583809986,0.8211542941619001,1
3154200,2024,MG,Sudeste,0.1792173242027581,0.8207826757972418,1
2500700,2024,PB,Nordeste,0.17955816017585663,0.8204418398241433,1
1508126,2024,PA,Norte,0.17969879653691484,0.8203012034630852,0
3512100,2024,SP,Sudeste,0.17983911928513865,0.8201608807148614,0
2412302,2024,RN,Nordeste,0.17999683804148303,0.820003161958517,1
3164472,2024,MG,Sudeste,0.18011848854203436,0.8198815114579656,1
3519501,2024,SP,Sudeste,0.18016718305120014,0.8198328169487998,0
4110300,2024,PR,Sul,0.18034766014538725,0.8196523398546127,0
4106704,2024,PR,Sul,0.1805921694930243,0.8194078305069756,0
4109807,2024,PR,Sul,0.18068683709409314,0.8193131629059068,0
2308708,2024,CE,Nordeste,0.18068767543789574,0.8193123245621042,1
3536000,2024,SP,Sudeste,0.1807526453490287,0.8192473546509713,0
5219902,2024,GO,Centro-Oeste,0.18235466774835643,0.8176453322516436,1
3145901,2024,MG,Sudeste,0.1824951143391161,0.8175048856608839,1
4107256,2024,PR,Sul,0.18267419409926228,0.8173258059007378,1
3519808,2024,SP,Sudeste,0.18292872555331188,0.8170712744466881,1
4308904,2024,RS,Sul,0.18293404919136552,0.8170659508086344,0
3200805,2024,ES,Sudeste,0.18308633202152935,0.8169136679784706,1
3508306,2024,SP,Sudeste,0.1833427118267518,0.8166572881732482,0
4218608,2024,SC,Sul,0.1840019831833807,0.8159980168166193,0
3140407,2024,MG,Sudeste,0.185206050584475,0.814793949415525,1
4316451,2024,RS,Sul,0.18570411786136629,0.8142958821386337,0
3516853,2024,SP,Sudeste,0.18603775099479902,0.813962249005201,1
3548104,2024,SP,Sudeste,0.18648497110563178,0.8135150288943682,0
3138674,2024,MG,Sudeste,0.18683324724041817,0.8131667527595818,1
3166204,2024,MG,Sudeste,0.18773783433403937,0.8122621656659607,0
3533809,2024,SP,Sudeste,0.18873653282290814,0.8112634671770919,1
4206702,2024,SC,Sul,0.1902908490546517,0.8097091509453482,0
4110607,2024,PR,Sul,0.19031324277598663,0.8096867572240134,0
3146206,2024,MG,Sudeste,0.19053085561883018,0.8094691443811698,1
3200607,2024,ES,Sudeste,0.19064946006653927,0.8093505399334607,1
4109401,2024,PR,Sul,0.19125513870683794,0.808744861293162,0
2205003,2024,PI,Nordeste,0.19127894373522483,0.8087210562647752,0
3523404,2024,SP,Sudeste,0.19158619038726593,0.808413809612734,1
5201702,2024,GO,Centro-Oeste,0.1920693069915889,0.8079306930084111,1
4314704,2024,RS,Sul,0.192389126882969,0.8076108731170311,0
3112208,2024,MG,Sudeste,0.19287483579763076,0.8071251642023692,0
2301307,2024,CE,Nordeste,0.19363117674334993,0.80636882325665,1
3154002,2024,MG,Sudeste,0.19366488671015336,0.8063351132898466,1
4304507,2024,RS,Sul,0.19372085825616536,0.8062791417438346,0
4203006,2024,SC,Sul,0.19390553231546195,0.8060944676845381,0
3154150,2024,MG,Sudeste,0.19394425012982122,0.8060557498701788,1
2510709,2024,PB,Nordeste,0.19396681245000968,0.8060331875499903,0
3121407,2024,MG,Sudeste,0.19507316084401283,0.8049268391559872,0
2104651,2024,MA,Nordeste,0.19540268916652073,0.8045973108334793,1
4207700,2024,SC,Sul,0.195675465393428,0.8043245346065719,1
3165537,2024,MG,Sudeste,0.19577209837006057,0.8042279016299394,1
5220504,2024,GO,Centro-Oeste,0.1959632413260499,0.8040367586739501,1
3112307,2024,MG,Sudeste,0.19700406449105012,0.8029959355089499,1
5008305,2024,MS,Centro-Oeste,0.1971512813018981,0.8028487186981019,1
2110906,2024,MA,Nordeste,0.19734944692407683,0.8026505530759231,1
3521507,2024,SP,Sudeste,0.19792851925194416,0.8020714807480558,1
3508900,2024,SP,Sudeste,0.19808862212862988,0.8019113778713701,1
3120706,2024,MG,Sudeste,0.19810125877195975,0.8018987412280403,1
3113107,2024,MG,Sudeste,0.19834260539900286,0.8016573946009972,1
4322152,2024,RS,Sul,0.19850477612063838,0.8014952238793616,0
3165578,2024,MG,Sudeste,0.19868488149390665,0.8013151185060934,1
4203154,2024,SC,Sul,0.1991325452160599,0.8008674547839401,0
3133006,2024,MG,Sudeste,0.19965174737898153,0.8003482526210185,1
3160900,2024,MG,Sudeste,0.20008692355221966,0.7999130764477803,1
5204201,2024,GO,Centro-Oeste,0.20043420449240648,0.7995657955075935,0
3105608,2024,MG,Sudeste,0.2017616967962775,0.7982383032037225,1
4125001,2024,PR,Sul,0.2018703639594464,0.7981296360405536,1
3110608,2024,MG,Sudeste,0.20205538631843417,0.7979446136815658,1
2405702,2024,RN,Nordeste,0.2022008072001766,0.7977991927998234,1
3518206,2024,SP,Sudeste,0.2024393777074062,0.7975606222925938,1
3171071,2024,MG,Sudeste,0.2026256683412326,0.7973743316587674,1
3169703,2024,MG,Sudeste,0.2035796860342376,0.7964203139657624,1
2105922,2024,MA,Nordeste,0.20412095378702177,0.7958790462129782,0
3140530,2024,MG,Sudeste,0.20508240189721189,0.7949175981027881,1
4322343,2024,RS,Sul,0.2051397030880931,0.794860296911907,0
3532504,2024,SP,Sudeste,0.20538627474350238,0.7946137252564976,0
3148806,2024,MG,Sudeste,0.20539329778593984,0.7946067022140602,1
2605905,2024,PE,Nordeste,0.20572664758197057,0.7942733524180294,1
4322525,2024,RS,Sul,0.20671989219457243,0.7932801078054276,0
4109609,2024,PR,Sul,0.20674583982240335,0.7932541601775966,0
4112306,2024,PR,Sul,0.2075515812692631,0.7924484187307369,0
4101051,2024,PR,Sul,0.20777307133564563,0.7922269286643544,1
4104006,2024,PR,Sul,0.20817884050950608,0.7918211594904939,0
5106190,2024,MT,Centro-Oeste,0.20838541093292193,0.791614589067078,0
1700350,2024,TO,Norte,0.20854373293088324,0.7914562670691168,0
3514957,2024,SP,Sudeste,0.20940514496330184,0.7905948550366981,0
5101704,2024,MT,Centro-Oeste,0.21064189273670444,0.7893581072632956,1
3109709,2024,MG,Sudeste,0.21097413466046858,0.7890258653395315,1
2209450,2024,PI,Nordeste,0.21147887807726207,0.7885211219227379,0
2111722,2024,MA,Nordeste,0.2119293880612268,0.7880706119387733,0
3153400,2024,MG,Sudeste,0.2122675008390739,0.7877324991609261,1
5209606,2024,GO,Centro-Oeste,0.21314831818383922,0.7868516818161608,1
2301505,2024,CE,Nordeste,0.21327517780443778,0.7867248221955623,1
3146552,2024,MG,Sudeste,0.21345885203941808,0.7865411479605819,1
3108909,2024,MG,Sudeste,0.21436117231092852,0.7856388276890715,1
3118700,2024,MG,Sudeste,0.21482959652635536,0.7851704034736446,1
4128401,2024,PR,Sul,0.21535863535183783,0.7846413646481621,0
3141306,2024,MG,Sudeste,0.21561391800655752,0.7843860819934425,0
3133402,2024,MG,Sudeste,0.21576905827372175,0.7842309417262783,1
4218350,2024,SC,Sul,0.21609715699668725,0.7839028430033128,0
3109105,2024,MG,Sudeste,0.21630421702058025,0.7836957829794198,1
3132503,2024,MG,Sudeste,0.2163085058746892,0.7836914941253108,1
4317707,2024,RS,Sul,0.21632972778253096,0.7836702722174691,0
4114500,2024,PR,Sul,0.21641291081101183,0.7835870891889882,1
2516151,2024,PB,Nordeste,0.21651353293387113,0.7834864670661289,1
4308607,2024,RS,Sul,0.21654783212628115,0.7834521678737189,0
3506409,2024,SP,Sudeste,0.21662169394496464,0.7833783060550353,1
4320552,2024,RS,Sul,0.2169214028184576,0.7830785971815424,0
4101804,2024,PR,Sul,0.2175846162829173,0.7824153837170826,0
2101970,2024,MA,Nordeste,0.21769094228827984,0.7823090577117202,1
3101904,2024,MG,Sudeste,0.2184321667934211,0.781567833206579,1
3114600,2024,MG,Sudeste,0.21850658022659422,0.7814934197734058,1
4114401,2024,PR,Sul,0.21878659427689393,0.781213405723106,0
2702108,2024,AL,Nordeste,0.21892201337109862,0.7810779866289014,0
3156106,2024,MG,Sudeste,0.21945903328553043,0.7805409667144696,1
5221577,2024,GO,Centro-Oeste,0.22005179100841046,0.7799482089915896,1
4310801,2024,RS,Sul,0.2207567149262681,0.7792432850737319,0
4303558,2024,RS,Sul,0.2207803038650581,0.7792196961349419,0
4212205,2024,SC,Sul,0.22100068730770728,0.7789993126922927,0
4118006,2024,PR,Sul,0.221906248343163,0.778093751656837,0
2704609,2024,AL,Nordeste,0.22197003401710066,0.7780299659828993,1
5103361,2024,MT,Centro-Oeste,0.22257048313065822,0.7774295168693418,1
4314175,2024,RS,Sul,0.22284101457029962,0.7771589854297004,0
4215703,2024,SC,Sul,0.22297832832928194,0.7770216716707181,0
3532801,2024,SP,Sudeste,0.2240350205489819,0.7759649794510182,1
3171105,2024,MG,Sudeste,0.2243983249421219,0.7756016750578781,0
3142601,2024,MG,Sudeste,0.2250235879205624,0.7749764120794376,1
3502804,2024,SP,Sudeste,0.22547883062028873,0.7745211693797113,1
5106158,2024,MT,Centro-Oeste,0.22559548523692488,0.7744045147630751,1
4126108,2024,PR,Sul,0.22561698107418224,0.7743830189258177,0
3161700,2024,MG,Sudeste,0.22606308456391488,0.7739369154360851,1
3114501,2024,MG,Sudeste,0.22634726290271412,0.7736527370972859,1
4213351,2024,SC,Sul,0.22636368694261344,0.7736363130573866,1
4100806,2024,PR,Sul,0.22829284607439937,0.7717071539256006,0
2606507,2024,PE,Nordeste,0.22833418114917428,0.7716658188508257,1
3163409,2024,MG,Sudeste,0.2284048075854054,0.7715951924145946,1
3205036,2024,ES,Sudeste,0.22888909911269278,0.7711109008873072,0
4316758,2024,RS,Sul,0.2295720188542484,0.7704279811457516,0
1502152,2024,PA,Norte,0.22958596030518055,0.7704140396948195,0
4304697,2024,RS,Sul,0.23009374686892434,0.7699062531310756,0
4123402,2024,PR,Sul,0.2302196741992019,0.7697803258007981,0
3120201,2024,MG,Sudeste,0.2304454631043764,0.7695545368956236,1
4214102,2024,SC,Sul,0.2305621124409786,0.7694378875590214,0
3125507,2024,MG,Sudeste,0.23115833309581035,0.7688416669041896,1
2210656,2024,PI,Nordeste,0.2313305908011848,0.7686694091988152,1
4310009,2024,RS,Sul,0.23146614689674186,0.7685338531032582,0
4113304,2024,PR,Sul,0.23168850453318254,0.7683114954668174,0
3547601,2024,SP,Sudeste,0.2324737923448318,0.7675262076551682,0
4128708,2024,PR,Sul,0.2325187403672095,0.7674812596327905,0
3549201,2024,SP,Sudeste,0.23286393757152576,0.7671360624284742,1
3163607,2024,MG,Sudeste,0.23287572795546543,0.7671242720445346,1
3130002,2024,MG,Sudeste,0.23361544416777544,0.7663845558322245,1
2602506,2024,PE,Nordeste,0.23421505491240924,0.7657849450875908,1
4128609,2024,PR,Sul,0.23427452904414534,0.7657254709558546,0
2202802,2024,PI,Nordeste,0.2346095697653439,0.7653904302346561,1
4314076,2024,RS,Sul,0.2349915216175877,0.7650084783824123,0
5201108,2024,GO,Centro-Oeste,0.23530849442930646,0.7646915055706935,0
5105259,2024,MT,Centro-Oeste,0.2355232580140328,0.7644767419859673,1
3514502,2024,SP,Sudeste,0.23565480193479307,0.764345198065207,0
2413557,2024,RN,Nordeste,0.2368134726692437,0.7631865273307563,0
5211008,2024,GO,Centro-Oeste,0.23717983067618625,0.7628201693238137,1
4128625,2024,PR,Sul,0.23779624430541793,0.7622037556945821,0
2201919,2024,PI,Nordeste,0.2388576613559362,0.7611423386440638,0
1301803,2024,AM,Norte,0.24004021042311363,0.7599597895768864,0
3165305,2024,MG,Sudeste,0.24115447682741648,0.7588455231725835,1
3116407,2024,MG,Sudeste,0.24120604486471905,0.7587939551352809,1
5106224,2024,MT,Centro-Oeste,0.24217281694505852,0.7578271830549415,1
4216354,2024,SC,Sul,0.24223854525888805,0.757761454741112,1
4126652,2024,PR,Sul,0.24245413579654218,0.7575458642034578,1
3128907,2024,MG,Sudeste,0.2424838079553961,0.7575161920446039,1
4320404,2024,RS,Sul,0.24430560747064473,0.7556943925293553,0
2310001,2024,CE,Nordeste,0.2446354075398118,0.7553645924601882,1
4300059,2024,RS,Sul,0.2451591590722432,0.7548408409277568,0
3105905,2024,MG,Sudeste,0.24559572411234432,0.7544042758876557,1
2612802,2024,PE,Nordeste,0.24655264425545453,0.7534473557445455,1
2103406,2024,MA,Nordeste,0.2475719973710554,0.7524280026289446,1
4206504,2024,SC,Sul,0.24801285680467333,0.7519871431953267,0
2507804,2024,PB,Nordeste,0.25130907389149326,0.7486909261085067,1
3145000,2024,MG,Sudeste,0.25210580417469236,0.7478941958253076,1
4124707,2024,PR,Sul,0.25240814498022907,0.7475918550197709,0
3154408,2024,MG,Sudeste,0.25245164458197916,0.7475483554180209,1
1703602,2024,TO,Norte,0.2533713989367491,0.7466286010632509,1
5100300,2024,MT,Centro-Oeste,0.25350400421138874,0.7464959957886113,0
2111706,2024,MA,Nordeste,0.2536384436427328,0.7463615563572672,1
3130408,2024,MG,Sudeste,0.2540563520146564,0.7459436479853436,1
3166907,2024,MG,Sudeste,0.2547014756152045,0.7452985243847955,1
4310306,2024,RS,Sul,0.25513144443572383,0.7448685555642762,0
2110500,2024,MA,Nordeste,0.2560457799298624,0.7439542200701377,0
3305133,2024,RJ,Sudeste,0.2571135379337482,0.7428864620662519,1
5106273,2024,MT,Centro-Oeste,0.257198757089402,0.742801242910598,1
3501707,2024,SP,Sudeste,0.2583176098927433,0.7416823901072567,1
3548203,2024,SP,Sudeste,0.2604063745237052,0.7395936254762948,1
2516409,2024,PB,Nordeste,0.26065759993491433,0.7393424000650857,1
4314423,2024,RS,Sul,0.2613695379781619,0.738630462021838,0
5200308,2024,GO,Centro-Oeste,0.2615280225690924,0.7384719774309076,0
4120655,2024,PR,Sul,0.26196553768420827,0.7380344623157917,0
4215000,2024,SC,Sul,0.26238972469860145,0.7376102753013986,1
5200555,2024,GO,Centro-Oeste,0.2626428147359907,0.7373571852640093,1
1504109,2024,PA,Norte,0.2639534875659207,0.7360465124340794,0
5217104,2024,GO,Centro-Oeste,0.26405502908670475,0.7359449709132952,0
4302006,2024,RS,Sul,0.26408271541446393,0.7359172845855361,0
4113007,2024,PR,Sul,0.2645053181253505,0.7354946818746495,0
4115606,2024,PR,Sul,0.26538664367824477,0.7346133563217552,0
3146909,2024,MG,Sudeste,0.26644333000672826,0.7335566699932717,1
5106802,2024,MT,Centro-Oeste,0.2672897452065282,0.7327102547934718,0
5200209,2024,GO,Centro-Oeste,0.2680336347777173,0.7319663652222828,1
5204953,2024,GO,Centro-Oeste,0.26834929077986086,0.7316507092201392,1
2104305,2024,MA,Nordeste,0.2686484840809232,0.7313515159190769,1
3202405,2024,ES,Sudeste,0.26973837647899446,0.7302616235210055,1
4311304,2024,RS,Sul,0.2701717536883043,0.7298282463116956,0
4320578,2024,RS,Sul,0.27054046961655387,0.7294595303834461,0
4323457,2024,RS,Sul,0.2715650599282423,0.7284349400717577,0
3501103,2024,SP,Sudeste,0.2719294397901875,0.7280705602098125,1
4115358,2024,PR,Sul,0.27320957659740774,0.7267904234025923,0
4128203,2024,PR,Sul,0.273582444404718,0.726417555595282,0
2806909,2024,SE,Nordeste,0.27479371624749094,0.7252062837525091,1
2210375,2024,PI,Nordeste,0.27549928014773173,0.7245007198522683,0
2615300,2024,PE,Nordeste,0.27590870968922737,0.7240912903107726,1
3132909,2024,MG,Sudeste,0.277082952418198,0.722917047581802,1
2503605,2024,PB,Nordeste,0.27723812903018225,0.7227618709698178,1
4112959,2024,PR,Sul,0.27726712309902307,0.7227328769009769,0
4300638,2024,RS,Sul,0.2781098733672788,0.7218901266327211,0
3111002,2024,MG,Sudeste,0.2784747707206341,0.7215252292793659,1
5007976,2024,MS,Centro-Oeste,0.27901119526410767,0.7209888047358923,1
5218391,2024,GO,Centro-Oeste,0.27942782880698197,0.720572171193018,0
2511004,2024,PB,Nordeste,0.2794874779395983,0.7205125220604016,0
4128633,2024,PR,Sul,0.27959247253433045,0.7204075274656696,0
3169406,2024,MG,Sudeste,0.2806099709821549,0.7193900290178451,1
3144904,2024,MG,Sudeste,0.28069631795776906,0.7193036820422309,1
3527504,2024,SP,Sudeste,0.28121312419540256,0.7187868758045974,0
2607000,2024,PE,Nordeste,0.28165072314166223,0.7183492768583377,1
4308078,2024,RS,Sul,0.2836797049656651,0.7163202950343349,0
4301800,2024,RS,Sul,0.2843295904047328,0.7156704095952672,0
3128402,2024,MG,Sudeste,0.2844576683875599,0.7155423316124401,0
4309407,2024,RS,Sul,0.28457300624872517,0.7154269937512748,0
3130903,2024,MG,Sudeste,0.2848419240143372,0.7151580759856628,1
3117900,2024,MG,Sudeste,0.284902041868469,0.715097958131531,1
3150000,2024,MG,Sudeste,0.2849102813424136,0.7150897186575864,0
4316477,2024,RS,Sul,0.28611105202308684,0.7138889479769132,0
3108701,2024,MG,Sudeste,0.2865247920661976,0.7134752079338025,1
3116704,2024,MG,Sudeste,0.286775462952069,0.713224537047931,1
4214151,2024,SC,Sul,0.2871109270515216,0.7128890729484785,0
3202801,2024,ES,Sudeste,0.28714630778180694,0.7128536922181931,1
4107157,2024,PR,Sul,0.2877447858271569,0.7122552141728431,1
4103206,2024,PR,Sul,0.2882185657666923,0.7117814342333078,1
3152600,2024,MG,Sudeste,0.2885595751351379,0.711440424864862,1
5213707,2024,GO,Centro-Oeste,0.28863210204045153,0.7113678979595485,1
3137205,2024,MG,Sudeste,0.28865636931749045,0.7113436306825096,1
3138005,2024,MG,Sudeste,0.28938051003983145,0.7106194899601685,1
3555356,2024,SP,Sudeste,0.28959130965037394,0.7104086903496261,1
5107263,2024,MT,Centro-Oeste,0.2917365157408614,0.7082634842591387,1
4108957,2024,PR,Sul,0.29188728813693915,0.7081127118630608,0
3118304,2024,MG,Sudeste,0.2920819071045074,0.7079180928954927,1
4100608,2024,PR,Sul,0.2921388133254196,0.7078611866745804,1
4108809,2024,PR,Sul,0.2921516299381593,0.7078483700618408,1
2615706,2024,PE,Nordeste,0.2923547714858461,0.7076452285141539,1
2403202,2024,RN,Nordeste,0.29384289894178073,0.7061571010582193,0
4321105,2024,RS,Sul,0.29404940830647514,0.7059505916935249,0
2307502,2024,CE,Nordeste,0.294498168922483,0.705501831077517,0
4312450,2024,RS,Sul,0.29473453178562825,0.7052654682143717,0
4310462,2024,RS,Sul,0.29481388068768977,0.7051861193123102,0
5003900,2024,MS,Centro-Oeste,0.2950863044678433,0.7049136955321567,1
4211702,2024,SC,Sul,0.2962970253612048,0.7037029746387953,0
3149705,2024,MG,Sudeste,0.2965161472682513,0.7034838527317486,1
4315149,2024,RS,Sul,0.2966555257793935,0.7033444742206065,0
3528205,2024,SP,Sudeste,0.2974352464986308,0.7025647535013693,0
4211207,2024,SC,Sul,0.2985259664056898,0.7014740335943102,0
4306403,2024,RS,Sul,0.29896733416409016,0.7010326658359098,0
2609006,2024,PE,Nordeste,0.29936093802022656,0.7006390619797734,1
5107404,2024,MT,Centro-Oeste,0.29945334582825334,0.7005466541717467,1
4123857,2024,PR,Sul,0.2999869207637067,0.7000130792362933,0
5216452,2024,GO,Centro-Oeste,0.30021301945356343,0.6997869805464365,0
3120508,2024,MG,Sudeste,0.3004313825534494,0.6995686174465505,1
4309902,2024,RS,Sul,0.30050378430743196,0.699496215692568,0
4306551,2024,RS,Sul,0.30178203850021434,0.6982179614997857,0
4300455,2024,RS,Sul,0.30225057310976805,0.697749426890232,0
4103404,2024,PR,Sul,0.3028252348850576,0.6971747651149425,0
2304400,2024,CE,Nordeste,0.30334597470379876,0.6966540252962012,0
3205309,2024,ES,Sudeste,0.3034276352177142,0.6965723647822858,1
4104204,2024,PR,Sul,0.30396025506702534,0.6960397449329747,0
2410801,2024,RN,Nordeste,0.30411795281890863,0.6958820471810914,0
3535200,2024,SP,Sudeste,0.30428449507464245,0.6957155049253576,1
3165107,2024,MG,Sudeste,0.3044784096149057,0.6955215903850943,1
3145851,2024,MG,Sudeste,0.30501801521754973,0.6949819847824503,1
3553708,2024,SP,Sudeste,0.3057268872114569,0.6942731127885431,1
5204805,2024,GO,Centro-Oeste,0.3069117845537861,0.6930882154462139,0
3169109,2024,MG,Sudeste,0.3075041685768028,0.6924958314231973,1
3553401,2024,SP,Sudeste,0.30810495693996703,0.691895043060033,1
4106605,2024,PR,Sul,0.30852415914827835,0.6914758408517216,0
3115805,2024,MG,Sudeste,0.3086617537884744,0.6913382462115256,1
2106201,2024,MA,Nordeste,0.3088020881265848,0.6911979118734153,1
2920304,2024,BA,Nordeste,0.30885891079429745,0.6911410892057026,0
5210109,2024,GO,Centro-Oeste,0.3095494151612978,0.6904505848387021,1
2101707,2024,MA,Nordeste,0.30968149970459474,0.6903185002954053,1
2400802,2024,RN,Nordeste,0.3099800660422557,0.6900199339577443,1
4319703,2024,RS,Sul,0.3104436347603273,0.6895563652396727,0
3109600,2024,MG,Sudeste,0.3105909752262064,0.6894090247737936,1
1507979,2024,PA,Norte,0.31074046344735373,0.6892595365526463,0
3544251,2024,SP,Sudeste,0.3112327234945458,0.6887672765054542,1
2515708,2024,PB,Nordeste,0.31161419961489617,0.6883858003851038,1
3117504,2024,MG,Sudeste,0.3124592785594676,0.6875407214405325,1
4305975,2024,RS,Sul,0.3125256946469064,0.6874743053530936,0
4109302,2024,PR,Sul,0.31260297251961544,0.6873970274803846,0
3520707,2024,SP,Sudeste,0.31271562836551275,0.6872843716344872,1
3161650,2024,MG,Sudeste,0.31287486040481227,0.6871251395951877,1
3162922,2024,MG,Sudeste,0.31330776635580765,0.6866922336441923,1
3164704,2024,MG,Sudeste,0.31376163897777903,0.6862383610222209,1
4311106,2024,RS,Sul,0.3138058939093889,0.6861941060906112,0
4118501,2024,PR,Sul,0.31396229157000916,0.6860377084299909,0
3120102,2024,MG,Sudeste,0.3140675014967383,0.6859324985032618,1
3150539,2024,MG,Sudeste,0.3141782078934979,0.6858217921065022,1
4309100,2024,RS,Sul,0.31419384121033667,0.6858061587896633,0
3104106,2024,MG,Sudeste,0.31491052570057,0.68508947429943,1
4202404,2024,SC,Sul,0.31578697919767357,0.6842130208023265,0
4213906,2024,SC,Sul,0.3159112773235235,0.6840887226764765,1
2608602,2024,PE,Nordeste,0.31618871081913896,0.683811289180861,1
3111705,2024,MG,Sudeste,0.31746458129261235,0.6825354187073877,1
3147303,2024,MG,Sudeste,0.3190226267692056,0.6809773732307944,1
1508357,2024,PA,Norte,0.3190665018979444,0.6809334981020556,1
2206951,2024,PI,Nordeste,0.3191264190454125,0.6808735809545875,1
2605152,2024,PE,Nordeste,0.31920561658827273,0.6807943834117273,1
4217253,2024,SC,Sul,0.3192184848217065,0.6807815151782934,0
3169356,2024,MG,Sudeste,0.3198884599960432,0.6801115400039568,1
3501301,2024,SP,Sudeste,0.31991830096591556,0.6800816990340844,1
2400703,2024,RN,Nordeste,0.32043905760533337,0.6795609423946667,0
3517703,2024,SP,Sudeste,0.32072468516557495,0.679275314834425,1
4125605,2024,PR,Sul,0.3207791398999584,0.6792208601000416,0
2512747,2024,PB,Nordeste,0.32095078444173686,0.6790492155582631,1
4107009,2024,PR,Sul,0.3211055666170327,0.6788944333829673,0
4128302,2024,PR,Sul,0.3215063403190876,0.6784936596809124,1
4323408,2024,RS,Sul,0.32163916733377645,0.6783608326662236,0
4112108,2024,PR,Sul,0.322324503959616,0.677675496040384,0
4304309,2024,RS,Sul,0.32294693751168346,0.6770530624883165,0
3137502,2024,MG,Sudeste,0.32380672380682884,0.6761932761931712,1
4111506,2024,PR,Sul,0.32400177856771994,0.67599822143228,1
4219150,2024,SC,Sul,0.3246638567706758,0.6753361432293242,0
3542107,2024,SP,Sudeste,0.3250567532216664,0.6749432467783336,0
3202603,2024,ES,Sudeste,0.32549584794901887,0.6745041520509811,0
3161809,2024,MG,Sudeste,0.3255396237174563,0.6744603762825436,1
3159209,2024,MG,Sudeste,0.32620152449697326,0.6737984755030267,1
3163508,2024,MG,Sudeste,0.32673725809636023,0.6732627419036398,1
4101002,2024,PR,Sul,0.3273481790343729,0.6726518209656271,0
4122404,2024,PR,Sul,0.3275341053830427,0.6724658946169573,0
3106655,2024,MG,Sudeste,0.32772755586440006,0.6722724441356,1
3523008,2024,SP,Sudeste,0.3283112238620922,0.6716887761379078,1
4312153,2024,RS,Sul,0.3286363053894096,0.6713636946105904,0
4209003,2024,SC,Sul,0.3292401006914286,0.6707598993085714,1
5000856,2024,MS,Centro-Oeste,0.3311600665116106,0.6688399334883894,1
4322251,2024,RS,Sul,0.3319173759625311,0.6680826240374689,0
3532843,2024,SP,Sudeste,0.3319564338582309,0.6680435661417691,0
4214607,2024,SC,Sul,0.33201605094456554,0.6679839490554345,0
4205308,2024,SC,Sul,0.33231189309063114,0.6676881069093689,1
4315156,2024,RS,Sul,0.33244041456771967,0.6675595854322803,0
3523701,2024,SP,Sudeste,0.3327215021713578,0.6672784978286421,1
3138682,2024,MG,Sudeste,0.33284953329261485,0.6671504667073851,1
4309704,2024,RS,Sul,0.33322585447679265,0.6667741455232074,0
3533502,2024,SP,Sudeste,0.33342427719108525,0.6665757228089148,1
3105202,2024,MG,Sudeste,0.3339832719648393,0.6660167280351608,1
3122207,2024,MG,Sudeste,0.33401109249469985,0.6659889075053002,1
4306130,2024,RS,Sul,0.33447460401143303,0.665525395988567,0
3145372,2024,MG,Sudeste,0.33523819634788865,0.6647618036521113,1
4205456,2024,SC,Sul,0.3356409007735398,0.6643590992264602,0
4313706,2024,RS,Sul,0.3360293803326885,0.6639706196673115,0
4127908,2024,PR,Sul,0.3363008667989294,0.6636991332010707,0
4313904,2024,RS,Sul,0.33632903069761766,0.6636709693023823,0
3153103,2024,MG,Sudeste,0.336360755201304,0.6636392447986961,1
2410009,2024,RN,Nordeste,0.33655224517037574,0.6634477548296243,0
5205109,2024,GO,Centro-Oeste,0.33800474865782415,0.6619952513421758,1
5221601,2024,GO,Centro-Oeste,0.3395150599630058,0.6604849400369942,1
3136900,2024,MG,Sudeste,0.33974113753491236,0.6602588624650876,1
4117701,2024,PR,Sul,0.34029218503937597,0.659707814960624,0
4107520,2024,PR,Sul,0.34197881125638874,0.6580211887436113,1
4203600,2024,SC,Sul,0.3420672342007782,0.6579327657992218,0
3163706,2024,MG,Sudeste,0.34210472665259606,0.6578952733474039,1
1503044,2024,PA,Norte,0.34292259884510523,0.6570774011548948,1
4122172,2024,PR,Sul,0.3440690533619553,0.6559309466380447,1
5221809,2024,GO,Centro-Oeste,0.3440979432882847,0.6559020567117153,0
4203907,2024,SC,Sul,0.34495455748828446,0.6550454425117156,0
5218102,2024,GO,Centro-Oeste,0.34520229832134963,0.6547977016786504,1
3150406,2024,MG,Sudeste,0.34697634733077237,0.6530236526692277,1
3156304,2024,MG,Sudeste,0.3473060864095539,0.6526939135904462,1
3129103,2024,MG,Sudeste,0.3482542935218727,0.6517457064781274,1
2612307,2024,PE,Nordeste,0.34832658375281134,0.6516734162471887,1
4128559,2024,PR,Sul,0.34918329874194176,0.6508167012580582,1
2201739,2024,PI,Nordeste,0.34923765932757245,0.6507623406724276,1
4209607,2024,SC,Sul,0.3493610787474416,0.6506389212525584,1
3159704,2024,MG,Sudeste,0.3496264020986141,0.6503735979013858,1
5103957,2024,MT,Centro-Oeste,0.3504993772033269,0.6495006227966731,1
3517000,2024,SP,Sudeste,0.3520332027541386,0.6479667972458614,1
3534807,2024,SP,Sudeste,0.35259324929863084,0.6474067507013692,0
4101507,2024,PR,Sul,0.35268769462022814,0.6473123053797718,0
3143104,2024,MG,Sudeste,0.3535682335180193,0.6464317664819808,1
3170578,2024,MG,Sudeste,0.3539609007697042,0.6460390992302958,1
5220686,2024,GO,Centro-Oeste,0.35437862977928747,0.6456213702207125,0
5212600,2024,GO,Centro-Oeste,0.35438964238213255,0.6456103576178674,0
2204600,2024,PI,Nordeste,0.35493840037271907,0.6450615996272809,1
5103601,2024,MT,Centro-Oeste,0.3552657725617264,0.6447342274382736,0
4200408,2024,SC,Sul,0.35536673634153776,0.6446332636584622,1
5220108,2024,GO,Centro-Oeste,0.3556930640523762,0.6443069359476238,1
2501708,2024,PB,Nordeste,0.3562015226680382,0.6437984773319618,1
2616506,2024,PE,Nordeste,0.35637607493549517,0.6436239250645048,1
5205802,2024,GO,Centro-Oeste,0.3574244918012143,0.6425755081987857,1
1506187,2024,PA,Norte,0.3574958994502496,0.6425041005497504,1
4212106,2024,SC,Sul,0.35870201607267405,0.641297983927326,0
2408904,2024,RN,Nordeste,0.35887872522165337,0.6411212747783466,0
3503406,2024,SP,Sudeste,0.36011312005959284,0.6398868799404072,1
2205300,2024,PI,Nordeste,0.36101161523911013,0.6389883847608899,1
4218707,2024,SC,Sul,0.3612566971494597,0.6387433028505403,0
3142502,2024,MG,Sudeste,0.36281565885501443,0.6371843411449856,1
4306809,2024,RS,Sul,0.36366305426469386,0.6363369457353061,0
1715150,2024,TO,Norte,0.36396351797823434,0.6360364820217657,0
3105103,2024,MG,Sudeste,0.3646633576278287,0.6353366423721714,1
4125555,2024,PR,Sul,0.3658279139782949,0.634172086021705,0
2403400,2024,RN,Nordeste,0.365945877303145,0.634054122696855,1
2207405,2024,PI,Nordeste,0.3661928721906236,0.6338071278093764,0
4308300,2024,RS,Sul,0.3668866575113268,0.6331133424886732,0
2510303,2024,PB,Nordeste,0.36727711583030126,0.6327228841696988,1
2201945,2024,PI,Nordeste,0.3675920804052205,0.6324079195947795,0
3144508,2024,MG,Sudeste,0.3683178418770792,0.6316821581229208,1
5216908,2024,GO,Centro-Oeste,0.3683942682124183,0.6316057317875817,1
5107206,2024,MT,Centro-Oeste,0.36863311256965653,0.6313668874303435,1
2200053,2024,PI,Nordeste,0.36896352562305257,0.6310364743769474,1
2925931,2024,BA,Nordeste,0.36917146766773157,0.6308285323322684,1
4322608,2024,RS,Sul,0.3701136331126192,0.6298863668873809,0
3202306,2024,ES,Sudeste,0.3713156920131546,0.6286843079868454,1
5215306,2024,GO,Centro-Oeste,0.3713334142877992,0.6286665857122008,0
2502607,2024,PB,Nordeste,0.371389485821877,0.6286105141781231,1
3200706,2024,ES,Sudeste,0.371480042487776,0.628519957512224,1
2203008,2024,PI,Nordeste,0.37152641038435247,0.6284735896156475,0
4218806,2024,SC,Sul,0.371532549861062,0.628467450138938,1
4103479,2024,PR,Sul,0.3716196616700647,0.6283803383299353,1
4300570,2024,RS,Sul,0.37180273819553195,0.628197261804468,0
4307906,2024,RS,Sul,0.37210108767137473,0.6278989123286253,0
5219407,2024,GO,Centro-Oeste,0.3726240146939881,0.6273759853060119,1
4323358,2024,RS,Sul,0.3729242039761159,0.6270757960238841,0
4202875,2024,SC,Sul,0.3732366947637221,0.6267633052362779,0
4313201,2024,RS,Sul,0.373490683409183,0.626509316590817,0
4206108,2024,SC,Sul,0.37400916917816124,0.6259908308218387,1
5207535,2024,GO,Centro-Oeste,0.3744935113939871,0.6255064886060129,0
4110078,2024,PR,Sul,0.3747956286755697,0.6252043713244303,0
3536604,2024,SP,Sudeste,0.37548945173667325,0.6245105482633267,1
3160603,2024,MG,Sudeste,0.3770877440330857,0.6229122559669142,1
4321907,2024,RS,Sul,0.3773086580481942,0.6226913419518059,0
5207105,2024,GO,Centro-Oeste,0.3779328738181363,0.6220671261818638,0
3143450,2024,MG,Sudeste,0.3779896756095527,0.6220103243904473,1
3165206,2024,MG,Sudeste,0.37836696919348034,0.6216330308065197,1
5215009,2024,GO,Centro-Oeste,0.3784555535512892,0.6215444464487108,0
3539004,2024,SP,Sudeste,0.3788797568286045,0.6211202431713956,0
3151008,2024,MG,Sudeste,0.3801033402530851,0.6198966597469149,1
4317905,2024,RS,Sul,0.3806973667111659,0.6193026332888341,0
3155603,2024,MG,Sudeste,0.38083220580955424,0.6191677941904458,1
3111804,2024,MG,Sudeste,0.3811231749481635,0.6188768250518365,1
2515930,2024,PB,Nordeste,0.3817075748423647,0.6182924251576353,1
1502939,2024,PA,Norte,0.3818521158556087,0.6181478841443913,1
3135506,2024,MG,Sudeste,0.3821210161394908,0.6178789838605092,1
3138500,2024,MG,Sudeste,0.38265549764503665,0.6173445023549633,1
3166303,2024,MG,Sudeste,0.38268995153722374,0.6173100484627763,1
4311700,2024,RS,Sul,0.3829266280088675,0.6170733719911325,0
4102901,2024,PR,Sul,0.38300551436295616,0.6169944856370438,0
3171154,2024,MG,Sudeste,0.3830852051605476,0.6169147948394524,1
4202909,2024,SC,Sul,0.3834041826008703,0.6165958173991297,0
5221007,2024,GO,Centro-Oeste,0.383934030565545,0.616065969434455,1
2504603,2024,PB,Nordeste,0.3841540489866308,0.6158459510133691,1
3533908,2024,SP,Sudeste,0.3851036252992674,0.6148963747007326,1
3160405,2024,MG,Sudeste,0.38554127968990287,0.6144587203100971,1
4105102,2024,PR,Sul,0.38586750027749184,0.6141324997225082,1
4114807,2024,PR,Sul,0.38588275886789863,0.6141172411321014,0
3151404,2024,MG,Sudeste,0.3865948899113952,0.6134051100886049,1
3163201,2024,MG,Sudeste,0.3866482465454082,0.6133517534545918,1
3170651,2024,MG,Sudeste,0.38750287557022123,0.6124971244297788,1
4312708,2024,RS,Sul,0.3876388454803331,0.6123611545196669,0
4113502,2024,PR,Sul,0.38851272773291884,0.6114872722670812,0
4104659,2024,PR,Sul,0.3889585808114188,0.6110414191885811,0
3149101,2024,MG,Sudeste,0.3894894716096755,0.6105105283903245,1
4122651,2024,PR,Sul,0.38975462282661844,0.6102453771733816,1
4121109,2024,PR,Sul,0.39078849153223316,0.6092115084677668,0
3514809,2024,SP,Sudeste,0.39131349514410785,0.6086865048558922,1
4312609,2024,RS,Sul,0.3926873633735044,0.6073126366264956,0
4119400,2024,PR,Sul,0.39288436380478736,0.6071156361952126,0
4322533,2024,RS,Sul,0.39292502510948596,0.607074974890514,0
2104081,2024,MA,Nordeste,0.39356992950078684,0.6064300704992132,1
4205605,2024,SC,Sul,0.39409211799491123,0.6059078820050887,0
4120200,2024,PR,Sul,0.395075731656558,0.6049242683434419,1
3507407,2024,SP,Sudeste,0.39558230174762987,0.6044176982523701,0
4319372,2024,RS,Sul,0.3959256848086093,0.6040743151913908,0
2104628,2024,MA,Nordeste,0.3963586743271116,0.6036413256728884,1
3518602,2024,SP,Sudeste,0.39859798213691605,0.6014020178630839,1
3169059,2024,MG,Sudeste,0.4006323079275732,0.5993676920724268,1
4117800,2024,PR,Sul,0.4006632068261396,0.5993367931738605,0
3171600,2024,MG,Sudeste,0.40165361681508743,0.5983463831849125,1
5211503,2024,GO,Centro-Oeste,0.40214394387769614,0.5978560561223039,1
3115102,2024,MG,Sudeste,0.4023044204469028,0.5976955795530972,1
2210607,2024,PI,Nordeste,0.4024276662981563,0.5975723337018437,1
2605103,2024,PE,Nordeste,0.4033983281549489,0.5966016718450511,1
5215652,2024,GO,Centro-Oeste,0.40407659531902346,0.5959234046809765,0
4209458,2024,SC,Sul,0.40430479337293246,0.5956952066270675,0
4120333,2024,PR,Sul,0.4051943044989651,0.5948056955010349,0
5208301,2024,GO,Centro-Oeste,0.40813258845748446,0.5918674115425155,1
4318804,2024,RS,Sul,0.41208837536058235,0.5879116246394176,0
5218052,2024,GO,Centro-Oeste,0.4124464953251224,0.5875535046748777,0
2301703,2024,CE,Nordeste,0.41324611759131213,0.5867538824086879,0
3119104,2024,MG,Sudeste,0.41345571605931647,0.5865442839406836,1
2508406,2024,PB,Nordeste,0.414140411733776,0.585859588266224,1
4304689,2024,RS,Sul,0.41420365583138136,0.5857963441686187,0
4319109,2024,RS,Sul,0.41467337894349243,0.5853266210565076,0
5206503,2024,GO,Centro-Oeste,0.41543548726780255,0.5845645127321974,1
3541505,2024,SP,Sudeste,0.41617293047718734,0.5838270695228127,1
3130606,2024,MG,Sudeste,0.41703460011492927,0.5829653998850708,1
4120408,2024,PR,Sul,0.41750106986294505,0.5824989301370549,0
5217609,2024,GO,Centro-Oeste,0.41756891000264046,0.5824310899973595,1
4301404,2024,RS,Sul,0.4183193397826854,0.5816806602173146,0
4104451,2024,PR,Sul,0.41869649176881807,0.5813035082311819,1
2205904,2024,PI,Nordeste,0.41987320189438376,0.5801267981056162,1
4123204,2024,PR,Sul,0.42073001475854044,0.5792699852414596,1
4105706,2024,PR,Sul,0.42107292052042533,0.5789270794795747,0
2200806,2024,PI,Nordeste,0.4213332271204325,0.5786667728795676,0
4308201,2024,RS,Sul,0.4214190730702771,0.5785809269297228,0
4113700,2024,PR,Sul,0.42370285051496903,0.576297149485031,0
4118600,2024,PR,Sul,0.4251070768821279,0.5748929231178721,0
3104452,2024,MG,Sudeste,0.42520388343210874,0.5747961165678912,1
5203401,2024,GO,Centro-Oeste,0.425423647177433,0.574576352822567,0
4105409,2024,PR,Sul,0.42580177655469187,0.5741982234453081,0
2509339,2024,PB,Nordeste,0.4266423989236072,0.5733576010763928,0
3519006,2024,SP,Sudeste,0.428046867717911,0.571953132282089,1
4217006,2024,SC,Sul,0.4292260159535698,0.5707739840464302,0
4209102,2024,SC,Sul,0.4301378704442118,0.5698621295557882,0
2705903,2024,AL,Nordeste,0.4307993096753017,0.5692006903246982,1
3203809,2024,ES,Sudeste,0.4310104335408643,0.5689895664591357,1
5222203,2024,GO,Centro-Oeste,0.43323209823832837,0.5667679017616716,0
2701100,2024,AL,Nordeste,0.43621644083834826,0.5637835591616518,1
4120309,2024,PR,Sul,0.43633592260598214,0.5636640773940178,0
3102407,2024,MG,Sudeste,0.43671628717564276,0.5632837128243573,1
4100905,2024,PR,Sul,0.43765504996966886,0.5623449500303311,1
4108304,2024,PR,Sul,0.4390782455309242,0.5609217544690758,0
3165560,2024,MG,Sudeste,0.4406942577537777,0.5593057422462223,1
4204103,2024,SC,Sul,0.4410892497524405,0.5589107502475594,0
3145406,2024,MG,Sudeste,0.44116425148787647,0.5588357485121236,1
3522703,2024,SP,Sudeste,0.443517417986227,0.556482582013773,1
4124608,2024,PR,Sul,0.4435894030112494,0.5564105969887506,0
4311239,2024,RS,Sul,0.44440873655210306,0.555591263447897,0
5210307,2024,GO,Centro-Oeste,0.4452516901948112,0.5547483098051889,1
4316428,2024,RS,Sul,0.44530973410276364,0.5546902658972364,0
3167806,2024,MG,Sudeste,0.44604925549362423,0.5539507445063758,1
3517901,2024,SP,Sudeste,0.44610530787962666,0.5538946921203733,0
4113809,2024,PR,Sul,0.4467486734564641,0.5532513265435359,0
3138807,2024,MG,Sudeste,0.44892472772266606,0.551075272277334,1
4207502,2024,SC,Sul,0.44896808824108464,0.5510319117589153,1
3109253,2024,MG,Sudeste,0.44976971556293355,0.5502302844370665,1
3501806,2024,SP,Sudeste,0.4507218919930504,0.5492781080069495,1
3204500,2024,ES,Sudeste,0.4521203400171539,0.5478796599828462,0
3124005,2024,MG,Sudeste,0.45213637410446017,0.5478636258955398,1
4302352,2024,RS,Sul,0.45236009162322444,0.5476399083767756,0
4123956,2024,PR,Sul,0.4524858252037418,0.5475141747962582,1
4102406,2024,PR,Sul,0.4528578713827313,0.5471421286172686,0
2110039,2024,MA,Nordeste,0.45295587641594154,0.5470441235840584,1
4125407,2024,PR,Sul,0.4539007745411626,0.5460992254588374,0
4117909,2024,PR,Sul,0.4543632561497432,0.5456367438502567,1
4207809,2024,SC,Sul,0.45449436258353937,0.5455056374164606,0
3553609,2024,SP,Sudeste,0.454830592699636,0.545169407300364,1
3537701,2024,SP,Sudeste,0.45489402065038587,0.5451059793496141,0
3530904,2024,SP,Sudeste,0.45494185875404236,0.5450581412459576,1
4110201,2024,PR,Sul,0.45506463577440087,0.5449353642255992,0
3201506,2024,ES,Sudeste,0.45590758892662664,0.5440924110733734,1
5204102,2024,GO,Centro-Oeste,0.4571811404779673,0.5428188595220327,1
3536406,2024,SP,Sudeste,0.4578176507569918,0.5421823492430082,1
4205001,2024,SC,Sul,0.4582613918981319,0.541738608101868,0
5219357,2024,GO,Centro-Oeste,0.45956595276271744,0.5404340472372826,0
3144409,2024,MG,Sudeste,0.46060444711653137,0.5393955528834686,1
4119608,2024,PR,Sul,0.4627664955846833,0.5372335044153167,0
2104008,2024,MA,Nordeste,0.462855603605016,0.537144396394984,1
2103158,2024,MA,Nordeste,0.46306672418458295,0.536933275815417,1
4107108,2024,PR,Sul,0.4647852245798176,0.5352147754201824,1
4109708,2024,PR,Sul,0.4651877167121395,0.5348122832878606,0
4127403,2024,PR,Sul,0.4652594098146721,0.5347405901853279,1
4314001,2024,RS,Sul,0.46538057938465505,0.534619420615345,0
4107900,2024,PR,Sul,0.4662750905590343,0.5337249094409657,0
4215075,2024,SC,Sul,0.466597472558895,0.533402527441105,0
4219176,2024,SC,Sul,0.46682023623563745,0.5331797637643625,0
4306304,2024,RS,Sul,0.467025859885719,0.532974140114281,0
5213400,2024,GO,Centro-Oeste,0.46713582005956367,0.5328641799404363,1
3508702,2024,SP,Sudeste,0.46784035059915774,0.5321596494008423,1
4208708,2024,SC,Sul,0.4678981870786915,0.5321018129213084,1
5100201,2024,MT,Centro-Oeste,0.46840616340094443,0.5315938365990556,1
5208152,2024,GO,Centro-Oeste,0.4689884371635697,0.5310115628364303,0
2615904,2024,PE,Nordeste,0.4693043000484933,0.5306956999515067,1
4202859,2024,SC,Sul,0.46965040626186194,0.5303495937381381,0
3141603,2024,MG,Sudeste,0.4707480786052221,0.529251921394778,1
3170479,2024,MG,Sudeste,0.47084195654868455,0.5291580434513155,1
2400505,2024,RN,Nordeste,0.4713582482106118,0.5286417517893882,1
2403004,2024,RN,Nordeste,0.4715525075528093,0.5284474924471907,0
2607752,2024,PE,Nordeste,0.47194749995368523,0.5280525000463148,1
2205573,2024,PI,Nordeste,0.4719707511322181,0.5280292488677819,1
3109006,2024,MG,Sudeste,0.47200945708944847,0.5279905429105516,1
4116109,2024,PR,Sul,0.4720978565734718,0.5279021434265282,0
1507102,2024,PA,Norte,0.4728095945123744,0.5271904054876255,1
4217808,2024,SC,Sul,0.47408483448100647,0.5259151655189935,0
4121505,2024,PR,Sul,0.47545980235636187,0.5245401976436381,0
3145109,2024,MG,Sudeste,0.4762124002414702,0.5237875997585297,1
4306452,2024,RS,Sul,0.476829276068601,0.523170723931399,0
3102050,2024,MG,Sudeste,0.4768434310059588,0.5231565689940412,1
4306932,2024,RS,Sul,0.47699407423076357,0.5230059257692364,0
2100105,2024,MA,Nordeste,0.4775701457132769,0.5224298542867232,1
4107603,2024,PR,Sul,0.47860586867213517,0.5213941313278648,0
5106208,2024,MT,Centro-Oeste,0.4790132751053609,0.5209867248946392,1
3203130,2024,ES,Sudeste,0.4808098746555809,0.5191901253444191,1
3518305,2024,SP,Sudeste,0.48159687470036894,0.5184031252996311,1
3159001,2024,MG,Sudeste,0.4818974759271995,0.5181025240728006,1
4113106,2024,PR,Sul,0.48211557516981973,0.5178844248301803,0
3540309,2024,SP,Sudeste,0.4824331453165853,0.5175668546834147,1
2603405,2024,PE,Nordeste,0.48244145063817245,0.5175585493618275,1
4206900,2024,SC,Sul,0.48512932527675023,0.5148706747232498,1
5212303,2024,GO,Centro-Oeste,0.4854193903197593,0.5145806096802408,0
4104808,2024,PR,Sul,0.48766700518177086,0.5123329948182291,0
3167400,2024,MG,Sudeste,0.48972043633936296,0.510279563660637,1
4125456,2024,PR,Sul,0.4898885062423709,0.5101114937576291,0
5209101,2024,GO,Centro-Oeste,0.48999850574411147,0.5100014942558886,1
3165909,2024,MG,Sudeste,0.4905853900126346,0.5094146099873653,1
3504404,2024,SP,Sudeste,0.4914131467192925,0.5085868532807075,1
2305357,2024,CE,Nordeste,0.4926210918341498,0.5073789081658502,0
3105004,2024,MG,Sudeste,0.4935242307370206,0.5064757692629793,1
2406601,2024,RN,Nordeste,0.49411452284086577,0.5058854771591342,1
2705507,2024,AL,Nordeste,0.49472000680947753,0.5052799931905225,1
3127503,2024,MG,Sudeste,0.49640524112437634,0.5035947588756237,1
4109203,2024,PR,Sul,0.4965196858905003,0.5034803141094997,0
4121257,2024,PR,Sul,0.4971106888784293,0.5028893111215706,0
3147907,2024,MG,Sudeste,0.4972251848865915,0.5027748151134085,1
5102694,2024,MT,Centro-Oeste,0.4972316533334867,0.5027683466665134,1
5221304,2024,GO,Centro-Oeste,0.4982405097142537,0.5017594902857463,1
3544400,2024,SP,Sudeste,0.4989662091478716,0.5010337908521284,1
4215109,2024,SC,Sul,0.4990975724415064,0.5009024275584937,1
4319307,2024,RS,Sul,0.5003399579295934,0.4996600420704066,0
4212700,2024,SC,Sul,0.5017475543357043,0.4982524456642957,0
4213005,2024,SC,Sul,0.5035400462758529,0.4964599537241471,1
4213203,2024,SC,Sul,0.5041013776695236,0.49589862233047644,1
4205803,2024,SC,Sul,0.5042397890248387,0.4957602109751613,1
4113452,2024,PR,Sul,0.5047084952378686,0.49529150476213135,0
3102852,2024,MG,Sudeste,0.504772273251619,0.495227726748381,1
4203808,2024,SC,Sul,0.5059532989425195,0.4940467010574805,0
3110707,2024,MG,Sudeste,0.5067551031029994,0.4932448968970006,1
4308433,2024,RS,Sul,0.5070604880262637,0.4929395119737363,0
4123006,2024,PR,Sul,0.5087785325630582,0.49122146743694184,0
4207007,2024,SC,Sul,0.5092499798676122,0.4907500201323878,0
4320321,2024,RS,Sul,0.509969504679166,0.490030495320834,0
3139904,2024,MG,Sudeste,0.5109451419824171,0.48905485801758286,1
4122503,2024,PR,Sul,0.5110002837886148,0.48899971621138516,0
4316105,2024,RS,Sul,0.5111877032271501,0.4888122967728499,0
3137403,2024,MG,Sudeste,0.5119696395537777,0.4880303604462223,1
3130556,2024,MG,Sudeste,0.5121351074934819,0.4878648925065181,1
3510153,2024,SP,Sudeste,0.5121573368844499,0.48784266311555013,0
5222302,2024,GO,Centro-Oeste,0.5122967623033957,0.4877032376966043,1
5201207,2024,GO,Centro-Oeste,0.5124683769998023,0.4875316230001977,1
3538204,2024,SP,Sudeste,0.5127105986082424,0.4872894013917576,1
4215307,2024,SC,Sul,0.5128483466716016,0.4871516533283984,0
4200051,2024,SC,Sul,0.5145895040400773,0.4854104959599227,1
1304302,2024,AM,Norte,0.5149689670989969,0.48503103290100313,1
3120409,2024,MG,Sudeste,0.5151201735808417,0.4848798264191583,1
4106407,2024,PR,Sul,0.515413207797568,0.48458679220243195,0
4319406,2024,RS,Sul,0.5171288554570047,0.4828711445429953,0
4211876,2024,SC,Sul,0.5172785356481908,0.4827214643518092,0
4307104,2024,RS,Sul,0.5173881603600908,0.48261183963990917,1
3133907,2024,MG,Sudeste,0.5181070215192126,0.4818929784807874,0
4215059,2024,SC,Sul,0.5187730318227736,0.48122696817722643,1
3142304,2024,MG,Sudeste,0.5198342013967878,0.4801657986032122,1
3146008,2024,MG,Sudeste,0.5210009436586154,0.4789990563413846,1
3204708,2024,ES,Sudeste,0.5213935233793802,0.47860647662061984,1
4101705,2024,PR,Sul,0.5215701491883119,0.4784298508116881,1
3513850,2024,SP,Sudeste,0.5229537202258786,0.4770462797741214,1
4122909,2024,PR,Sul,0.523071885126177,0.47692811487382303,1
3145307,2024,MG,Sudeste,0.523333181999699,0.476666818000301,1
5203203,2024,GO,Centro-Oeste,0.5233858014907359,0.4766141985092641,0
5214838,2024,GO,Centro-Oeste,0.5242961757404251,0.4757038242595749,1
2607950,2024,PE,Nordeste,0.527239421562408,0.472760578437592,1
4312658,2024,RS,Sul,0.5282623132145516,0.47173768678544836,0
4310405,2024,RS,Sul,0.5295451672803544,0.4704548327196456,0
3162708,2024,MG,Sudeste,0.530449688024557,0.46955031197544295,1
4318457,2024,RS,Sul,0.5310493640867843,0.46895063591321573,0
3204401,2024,ES,Sudeste,0.5313094270517327,0.4686905729482673,0
4311734,2024,RS,Sul,0.5317468555291879,0.4682531444708121,0
5214606,2024,GO,Centro-Oeste,0.5323939215615212,0.4676060784384788,1
5106299,2024,MT,Centro-Oeste,0.5330881392788511,0.4669118607211489,1
5218300,2024,GO,Centro-Oeste,0.5338721997381114,0.4661278002618886,1
4204152,2024,SC,Sul,0.5339971307823448,0.4660028692176552,0
2602407,2024,PE,Nordeste,0.5340223675114535,0.4659776324885465,1
3134806,2024,MG,Sudeste,0.5341251195176213,0.4658748804823787,1
4317202,2024,RS,Sul,0.5344259598522755,0.4655740401477245,0
4114609,2024,PR,Sul,0.5369764897417252,0.4630235102582748,0
2602704,2024,PE,Nordeste,0.5376156648287833,0.4623843351712167,1
2104107,2024,MA,Nordeste,0.537833267327011,0.462166732672989,1
4104600,2024,PR,Sul,0.5380300143776007,0.4619699856223993,1
3520004,2024,SP,Sudeste,0.5388870001677443,0.46111299983225573,1
4319356,2024,RS,Sul,0.5396992743951421,0.4603007256048579,0
4303509,2024,RS,Sul,0.5398713667957221,0.4601286332042779,0
4119202,2024,PR,Sul,0.5408104944972525,0.4591895055027475,1
2108108,2024,MA,Nordeste,0.5415589752118203,0.4584410247881797,1
3133105,2024,MG,Sudeste,0.5417412396992759,0.4582587603007241,1
4127882,2024,PR,Sul,0.5419526513665995,0.45804734863340046,1
5207253,2024,GO,Centro-Oeste,0.5436006997105437,0.4563993002894563,1
5200852,2024,GO,Centro-Oeste,0.5436066804592506,0.45639331954074935,1
2209609,2024,PI,Nordeste,0.5436267159470851,0.4563732840529149,1
3202256,2024,ES,Sudeste,0.5439835549072775,0.45601644509272254,1
4102307,2024,PR,Sul,0.5452496037687053,0.45475039623129465,0
4210308,2024,SC,Sul,0.5464294103836287,0.4535705896163713,1
4204905,2024,SC,Sul,0.5467991876835235,0.45320081231647646,0
4302378,2024,RS,Sul,0.5478687419038215,0.4521312580961785,1
2707503,2024,AL,Nordeste,0.5479426881851652,0.4520573118148348,1
4314753,2024,RS,Sul,0.548328913729612,0.451671086270388,0
4102604,2024,PR,Sul,0.5489560695466766,0.45104393045332336,0
4321436,2024,RS,Sul,0.5495234987331906,0.4504765012668094,0
4111209,2024,PR,Sul,0.5514715574148529,0.4485284425851471,0
3103801,2024,MG,Sudeste,0.5540324415819523,0.4459675584180477,1
5206404,2024,GO,Centro-Oeste,0.5560029303210361,0.4439970696789639,1
5211305,2024,GO,Centro-Oeste,0.5566081325901733,0.4433918674098267,1
4122107,2024,PR,Sul,0.5570650311512751,0.44293496884872485,0
4306957,2024,RS,Sul,0.5573161700870118,0.44268382991298816,0
2301851,2024,CE,Nordeste,0.5573784352919074,0.44262156470809255,0
3116605,2024,MG,Sudeste,0.5574279593659683,0.44257204063403166,1
4105508,2024,PR,Sul,0.5577974659791407,0.4422025340208593,0
3532702,2024,SP,Sudeste,0.5600544075424577,0.4399455924575423,1
4211405,2024,SC,Sul,0.5603823866301075,0.43961761336989247,1
5203500,2024,GO,Centro-Oeste,0.5622573097663965,0.43774269023360346,1
4111555,2024,PR,Sul,0.5623518154079076,0.4376481845920924,0
4218509,2024,SC,Sul,0.563690491821133,0.43630950817886704,0
5215801,2024,GO,Centro-Oeste,0.5641034729503335,0.4358965270496665,1
2200954,2024,PI,Nordeste,0.5645137447007348,0.4354862552992652,1
4321451,2024,RS,Sul,0.5651518607311476,0.43484813926885235,0
4300109,2024,RS,Sul,0.5651522129976081,0.4348477870023919,0
1502509,2024,PA,Norte,0.5654127008957762,0.4345872991042238,1
5209150,2024,GO,Centro-Oeste,0.5672630268061292,0.43273697319387083,1
4216404,2024,SC,Sul,0.5695307340005904,0.4304692659994096,0
3547700,2024,SP,Sudeste,0.5699165811469136,0.43008341885308643,0
3503703,2024,SP,Sudeste,0.5726439759847319,0.42735602401526807,1
3535903,2024,SP,Sudeste,0.5756966074799995,0.4243033925200005,1
3541604,2024,SP,Sudeste,0.5763106878817243,0.42368931211827565,1
4201257,2024,SC,Sul,0.5769473222676647,0.42305267773233535,1
4214904,2024,SC,Sul,0.5770455559736277,0.4229544440263723,0
3202454,2024,ES,Sudeste,0.5776195256395311,0.4223804743604689,1
3200169,2024,ES,Sudeste,0.5782460081502716,0.4217539918497284,1
3126109,2024,MG,Sudeste,0.5791672069278072,0.4208327930721928,1
3543709,2024,SP,Sudeste,0.5795808742698346,0.4204191257301654,1
2616183,2024,PE,Nordeste,0.5802098798455614,0.4197901201544386,1
4103370,2024,PR,Sul,0.5805869180146086,0.4194130819853914,1
3105509,2024,MG,Sudeste,0.5810866044092079,0.4189133955907921,1
2203404,2024,PI,Nordeste,0.5817933019738106,0.41820669802618937,0
4100509,2024,PR,Sul,0.5831086925192348,0.4168913074807652,1
2104099,2024,MA,Nordeste,0.58353509566532,0.41646490433468,1
4209805,2024,SC,Sul,0.5846220473149204,0.4153779526850796,0
3129004,2024,MG,Sudeste,0.5859027407006031,0.4140972592993969,1
3126406,2024,MG,Sudeste,0.587254108436827,0.412745891563173,1
3169208,2024,MG,Sudeste,0.5907070404703276,0.4092929595296724,1
4318408,2024,RS,Sul,0.5920522686465319,0.40794773135346807,0
3504206,2024,SP,Sudeste,0.5922604422323836,0.4077395577676164,1
5200134,2024,GO,Centro-Oeste,0.5929189509467389,0.40708104905326115,1
3551306,2024,SP,Sudeste,0.5936766600370957,0.40632333996290426,0
4213807,2024,SC,Sul,0.5936954974989949,0.40630450250100514,0
3512704,2024,SP,Sudeste,0.5987127575609279,0.4012872424390721,1
5200100,2024,GO,Centro-Oeste,0.5987778476660939,0.4012221523339061,1
3105301,2024,MG,Sudeste,0.6000076420357084,0.39999235796429156,1
4200754,2024,SC,Sul,0.6003599236937731,0.3996400763062269,1
4113205,2024,PR,Sul,0.6012656056578854,0.39873439434211455,0
2506251,2024,PB,Nordeste,0.6016941863051883,0.39830581369481166,0
4320305,2024,RS,Sul,0.6022168890067912,0.39778311099320884,0
4123709,2024,PR,Sul,0.6023308517793664,0.3976691482206336,0
3148756,2024,MG,Sudeste,0.602434795829922,0.397565204170078,1
4205191,2024,SC,Sul,0.6029131914445347,0.3970868085554653,0
5221403,2024,GO,Centro-Oeste,0.6031278032583924,0.39687219674160756,1
4214201,2024,SC,Sul,0.6035826456340846,0.3964173543659154,0
2605400,2024,PE,Nordeste,0.6054194862553708,0.3945805137446292,1
3506508,2024,SP,Sudeste,0.6077204916872541,0.39227950831274594,1
5213053,2024,GO,Centro-Oeste,0.6081482715906193,0.39185172840938065,1
3146404,2024,MG,Sudeste,0.6090027630770892,0.3909972369229108,1
4321626,2024,RS,Sul,0.6099971562107799,0.3900028437892201,0
4113403,2024,PR,Sul,0.6108057392357471,0.3891942607642529,1
4124020,2024,PR,Sul,0.6109221967714471,0.3890778032285529,1
3153806,2024,MG,Sudeste,0.6116610997578076,0.3883389002421924,1
4322327,2024,RS,Sul,0.6129931053845514,0.38700689461544857,0
1502772,2024,PA,Norte,0.6132880533828421,0.3867119466171579,1
2612000,2024,PE,Nordeste,0.6134806518340316,0.38651934816596845,1
4116307,2024,PR,Sul,0.6140819518768517,0.38591804812314834,1
4316956,2024,RS,Sul,0.6146741966514899,0.3853258033485101,0
2405603,2024,RN,Nordeste,0.6153066423289639,0.3846933576710361,1
4110904,2024,PR,Sul,0.6159324567994162,0.3840675432005838,1
3534500,2024,SP,Sudeste,0.6177539823673378,0.3822460176326622,1
1600055,2024,AP,Norte,0.6177904821893574,0.3822095178106426,1
4211751,2024,SC,Sul,0.6181111219938489,0.3818888780061511,1
4118402,2024,PR,Sul,0.6181882271434416,0.38181177285655843,0
5220702,2024,GO,Centro-Oeste,0.6187961250069759,0.3812038749930241,1
4112207,2024,PR,Sul,0.619760810407855,0.380239189592145,0
4313300,2024,RS,Sul,0.6207278712468769,0.3792721287531231,0
4305702,2024,RS,Sul,0.6217472329275727,0.3782527670724273,0
3132800,2024,MG,Sudeste,0.6218652127370883,0.3781347872629117,1
4320800,2024,RS,Sul,0.6223523998939511,0.3776476001060489,0
5204904,2024,GO,Centro-Oeste,0.6237180247106426,0.37628197528935736,1
4108452,2024,PR,Sul,0.624633351626085,0.375366648373915,0
5206909,2024,GO,Centro-Oeste,0.624968664382656,0.37503133561734403,1
4111704,2024,PR,Sul,0.6253354540263825,0.37466454597361754,0
4124053,2024,PR,Sul,0.6256750348334597,0.37432496516654035,0
2202539,2024,PI,Nordeste,0.6261780096552059,0.37382199034479413,1
4218103,2024,SC,Sul,0.626316851095932,0.37368314890406795,1
4115507,2024,PR,Sul,0.6269271331089471,0.3730728668910529,1
4214706,2024,SC,Sul,0.6277541808943093,0.37224581910569066,1
3164100,2024,MG,Sudeste,0.6290825417880678,0.3709174582119322,1
4201802,2024,SC,Sul,0.6292745781010466,0.3707254218989534,0
2313351,2024,CE,Nordeste,0.6304751741842886,0.36952482581571144,1
4128500,2024,PR,Sul,0.6312145656864656,0.3687854343135344,0
2612471,2024,PE,Nordeste,0.6312160661553442,0.3687839338446558,1
4126900,2024,PR,Sul,0.6322487379476007,0.3677512620523993,0
4219408,2024,SC,Sul,0.6326681060048174,0.3673318939951826,0
4103701,2024,PR,Sul,0.6334991751503192,0.36650082484968083,0
5213756,2024,GO,Centro-Oeste,0.6338912231607239,0.3661087768392761,1
4104303,2024,PR,Sul,0.6339175463676955,0.3660824536323045,0
4301503,2024,RS,Sul,0.6343765622680909,0.3656234377319091,0
4219507,2024,SC,Sul,0.634584131812553,0.365415868187447,1
4303608,2024,RS,Sul,0.6355693624055909,0.3644306375944091,0
4124509,2024,PR,Sul,0.6365409054490662,0.36345909455093384,1
1715754,2024,TO,Norte,0.6372397848231266,0.3627602151768734,1
3161007,2024,MG,Sudeste,0.6375175674302217,0.3624824325697783,1
5204706,2024,GO,Centro-Oeste,0.6379683787622986,0.3620316212377014,1
3158706,2024,MG,Sudeste,0.6381237361101292,0.3618762638898708,1
2111607,2024,MA,Nordeste,0.6382098655751223,0.36179013442487773,1
3157658,2024,MG,Sudeste,0.6387260595275567,0.3612739404724433,1
2515906,2024,PB,Nordeste,0.640875177131136,0.35912482286886405,0
4318499,2024,RS,Sul,0.6410630412399697,0.3589369587600303,0
4214300,2024,SC,Sul,0.6416497107831506,0.3583502892168494,1
2308302,2024,CE,Nordeste,0.6417526307203107,0.35824736927968925,1
4121208,2024,PR,Sul,0.6419611033918641,0.3580388966081359,1
4125308,2024,PR,Sul,0.6423558084837321,0.3576441915162679,0
3203056,2024,ES,Sudeste,0.6423703227750169,0.35762967722498307,1
4219358,2024,SC,Sul,0.642432467661779,0.35756753233822103,1
3164407,2024,MG,Sudeste,0.6425740782294299,0.3574259217705701,1
4317608,2024,RS,Sul,0.6427196554801465,0.35728034451985347,0
4106506,2024,PR,Sul,0.6435426795657896,0.3564573204342104,0
3104304,2024,MG,Sudeste,0.6437546875540071,0.3562453124459929,1
3551207,2024,SP,Sudeste,0.6449798406528064,0.35502015934719355,1
2504355,2024,PB,Nordeste,0.6465117954380175,0.3534882045619825,1
4218855,2024,SC,Sul,0.6469353995163861,0.3530646004836139,0
4119905,2024,PR,Sul,0.6476216024900789,0.35237839750992106,0
3101201,2024,MG,Sudeste,0.6485283216697867,0.3514716783302133,1
3544509,2024,SP,Sudeste,0.6490760717173012,0.3509239282826988,1
2404408,2024,RN,Nordeste,0.6494023966280067,0.3505976033719933,1
2102077,2024,MA,Nordeste,0.6494293907791145,0.35057060922088545,1
4117107,2024,PR,Sul,0.6511336453917672,0.3488663546082328,0
3102001,2024,MG,Sudeste,0.6517678587405867,0.34823214125941326,1
3203502,2024,ES,Sudeste,0.6520220331286746,0.34797796687132543,1
2407252,2024,RN,Nordeste,0.6524786197928757,0.3475213802071243,1
4104105,2024,PR,Sul,0.6528308428811153,0.34716915711888474,1
3106606,2024,MG,Sudeste,0.6530251565125278,0.3469748434874722,1
2105807,2024,MA,Nordeste,0.6536308895806109,0.3463691104193891,1
4219002,2024,SC,Sul,0.6538915604478536,0.34610843955214643,0
4206306,2024,SC,Sul,0.654696625374525,0.345303374625475,1
3168002,2024,MG,Sudeste,0.6548861614347398,0.34511383856526023,1
3135902,2024,MG,Sudeste,0.6548928835403898,0.34510711645961023,1
4304713,2024,RS,Sul,0.6557449259213847,0.34425507407861533,0
4211454,2024,SC,Sul,0.6570376073950066,0.3429623926049934,0
2702009,2024,AL,Nordeste,0.6583321216311158,0.34166787836888424,1
2601300,2024,PE,Nordeste,0.6584187873371959,0.34158121266280406,1
4116604,2024,PR,Sul,0.6584469210819284,0.34155307891807163,1
2309706,2024,CE,Nordeste,0.6588592488524478,0.34114075114755216,1
4315404,2024,RS,Sul,0.6595849507339661,0.34041504926603394,0
4109658,2024,PR,Sul,0.6599578309767318,0.3400421690232682,1
2202174,2024,PI,Nordeste,0.6606031336914949,0.3393968663085051,1
4210050,2024,SC,Sul,0.6616994805913823,0.3383005194086177,0
4117222,2024,PR,Sul,0.6632161725042245,0.3367838274957755,0
3149804,2024,MG,Sudeste,0.6648607206806135,0.3351392793193865,1
2203206,2024,PI,Nordeste,0.6659574565386974,0.3340425434613026,1
5210208,2024,GO,Centro-Oeste,0.666770224857662,0.333229775142338,1
3133758,2024,MG,Sudeste,0.6692368268358636,0.3307631731641364,1
4127858,2024,PR,Sul,0.6693206749459628,0.3306793250540372,0
4109005,2024,PR,Sul,0.6695942091044157,0.3304057908955843,0
4104907,2024,PR,Sul,0.6699496685280194,0.3300503314719806,0
5104542,2024,MT,Centro-Oeste,0.6702652957736742,0.3297347042263258,0
3133808,2024,MG,Sudeste,0.6709878734781171,0.32901212652188294,1
4108403,2024,PR,Sul,0.6717068629413914,0.32829313705860863,0
3162203,2024,MG,Sudeste,0.6722910110932343,0.3277089889067657,1
2606903,2024,PE,Nordeste,0.6730248559840045,0.3269751440159955,1
5217401,2024,GO,Centro-Oeste,0.6732771091350991,0.3267228908649009,1
3535101,2024,SP,Sudeste,0.6739082048195014,0.3260917951804986,0
4305132,2024,RS,Sul,0.6744514393919713,0.3255485606080287,0
4309605,2024,RS,Sul,0.6747846653711489,0.3252153346288511,0
4310207,2024,RS,Sul,0.6752686142609404,0.3247313857390596,0
3202553,2024,ES,Sudeste,0.6769387807595058,0.32306121924049425,1
5212253,2024,GO,Centro-Oeste,0.6783802980941565,0.32161970190584355,0
4116901,2024,PR,Sul,0.6784608973672914,0.3215391026327086,0
3164902,2024,MG,Sudeste,0.6787885939907152,0.3212114060092848,1
4106209,2024,PR,Sul,0.678988133667315,0.32101186633268497,0
3202504,2024,ES,Sudeste,0.6789983262747673,0.3210016737252327,1
5204656,2024,GO,Centro-Oeste,0.6790260715138221,0.3209739284861779,1
3161205,2024,MG,Sudeste,0.6798021497849256,0.3201978502150744,1
2202604,2024,PI,Nordeste,0.6805006790809616,0.31949932091903843,1
3109808,2024,MG,Sudeste,0.6826474520066166,0.3173525479933834,1
5201454,2024,GO,Centro-Oeste,0.6827705062288001,0.3172294937711999,1
4309803,2024,RS,Sul,0.6828473394806351,0.31715266051936486,0
1507755,2024,PA,Norte,0.6831463522289526,0.3168536477710474,0
3107703,2024,MG,Sudeste,0.6832856443351397,0.3167143556648603,1
4125100,2024,PR,Sul,0.6836045513434307,0.3163954486565693,1
3104601,2024,MG,Sudeste,0.6842764817452301,0.31572351825476985,1
5210901,2024,GO,Centro-Oeste,0.6850151516607682,0.3149848483392318,1
4319711,2024,RS,Sul,0.6850274683812656,0.3149725316187344,0
2103125,2024,MA,Nordeste,0.6851156073164978,0.3148843926835022,1
3205176,2024,ES,Sudeste,0.6854928894998246,0.31450711050017544,0
4322806,2024,RS,Sul,0.6859558831935071,0.3140441168064929,0
2103257,2024,MA,Nordeste,0.6863161721636197,0.31368382783638027,1
3204609,2024,ES,Sudeste,0.68658573420612,0.31341426579388,1
3159100,2024,MG,Sudeste,0.6866915052161588,0.31330849478384115,1
3111200,2024,MG,Sudeste,0.6868837255157104,0.3131162744842896,1
4117255,2024,PR,Sul,0.6883266499656738,0.31167335003432617,0
4202701,2024,SC,Sul,0.6893259312866122,0.31067406871338776,0
5216007,2024,GO,Centro-Oeste,0.6907058176798035,0.30929418232019645,1
3128204,2024,MG,Sudeste,0.6910932033261844,0.3089067966738156,0
4117008,2024,PR,Sul,0.691489743618979,0.30851025638102103,0
5220405,2024,GO,Centro-Oeste,0.6917131572193207,0.3082868427806793,1
3109501,2024,MG,Sudeste,0.6920592910561965,0.30794070894380354,1
5200902,2024,GO,Centro-Oeste,0.6923953214534029,0.3076046785465971,1
4303806,2024,RS,Sul,0.6924952113565082,0.30750478864349184,0
4317400,2024,RS,Sul,0.6937293729984739,0.3062706270015261,0
3202652,2024,ES,Sudeste,0.6938679595112568,0.3061320404887432,1
4116703,2024,PR,Sul,0.6941735348940029,0.3058264651059971,0
3203106,2024,ES,Sudeste,0.6950657034082769,0.3049342965917231,1
2504074,2024,PB,Nordeste,0.6953601403553764,0.3046398596446236,1
3124500,2024,MG,Sudeste,0.6956674969899699,0.3043325030100301,1
3531001,2024,SP,Sudeste,0.6969046071156252,0.3030953928843748,1
4215455,2024,SC,Sul,0.6982355110748925,0.30176448892510754,0
5107875,2024,MT,Centro-Oeste,0.6989531597970252,0.3010468402029748,1
4218905,2024,SC,Sul,0.6994851677889782,0.3005148322110218,1
4118808,2024,PR,Sul,0.699904412241243,0.300095587758757,1
2514800,2024,PB,Nordeste,0.7001385762007774,0.29986142379922265,1
2509503,2024,PB,Nordeste,0.7013313686028535,0.2986686313971465,1
2208700,2024,PI,Nordeste,0.7027943583917383,0.2972056416082617,1
2604155,2024,PE,Nordeste,0.7031569386598968,0.2968430613401032,1
4202206,2024,SC,Sul,0.7059616112653727,0.2940383887346273,1
3108008,2024,MG,Sudeste,0.706594921540546,0.29340507845945396,1
4111001,2024,PR,Sul,0.7080271583740554,0.2919728416259446,1
1300102,2024,AM,Norte,0.7082791355391564,0.29172086446084355,1
2516706,2024,PB,Nordeste,0.7084359088579536,0.2915640911420464,1
2206001,2024,PI,Nordeste,0.7094587721378784,0.29054122786212155,1
3107604,2024,MG,Sudeste,0.7098352020687323,0.2901647979312677,1
1501758,2024,PA,Norte,0.7104168594134299,0.2895831405865701,1
4114005,2024,PR,Sul,0.7104346580364204,0.28956534196357964,0
3165503,2024,MG,Sudeste,0.7105343492738959,0.2894656507261041,1
3108404,2024,MG,Sudeste,0.7109361883378299,0.2890638116621701,1
3114303,2024,MG,Sudeste,0.7110216314562187,0.28897836854378134,1
2703304,2024,AL,Nordeste,0.7115122843143651,0.2884877156856349,1
3148400,2024,MG,Sudeste,0.711701173511835,0.28829882648816496,1
5206701,2024,GO,Centro-Oeste,0.7119273617603304,0.28807263823966955,1
4106100,2024,PR,Sul,0.7120616137166893,0.2879383862833107,1
2307205,2024,CE,Nordeste,0.712503348432848,0.287496651567152,1
4312005,2024,RS,Sul,0.7126227724087656,0.2873772275912344,0
3511201,2024,SP,Sudeste,0.7132565020488051,0.2867434979511949,1
2607703,2024,PE,Nordeste,0.7147233852413016,0.28527661475869837,1
3121001,2024,MG,Sudeste,0.7149048226091649,0.2850951773908351,1
4107801,2024,PR,Sul,0.7149230328355577,0.2850769671644423,1
4125704,2024,PR,Sul,0.715990497659666,0.28400950234033395,1
2414753,2024,RN,Nordeste,0.7164624612944954,0.2835375387055046,1
3548401,2024,SP,Sudeste,0.7167655953956439,0.2832344046043561,1
2105948,2024,MA,Nordeste,0.7182636623213382,0.2817363376786618,1
4215653,2024,SC,Sul,0.7185881453939889,0.28141185460601115,1
3200201,2024,ES,Sudeste,0.7191726788415418,0.2808273211584582,1
3203908,2024,ES,Sudeste,0.7193497855453255,0.28065021445467453,1
3543105,2024,SP,Sudeste,0.719443147069366,0.28055685293063404,1
4102109,2024,PR,Sul,0.7197995913955231,0.2802004086044769,0
4309126,2024,RS,Sul,0.719831254681737,0.28016874531826297,0
1506906,2024,PA,Norte,0.7207595141597173,0.2792404858402827,1
3125200,2024,MG,Sudeste,0.7210971610647638,0.27890283893523615,1
5218508,2024,GO,Centro-Oeste,0.721249502756454,0.27875049724354595,1
4306734,2024,RS,Sul,0.7217617886666892,0.27823821133331084,0
5208806,2024,GO,Centro-Oeste,0.7218005882498497,0.2781994117501503,1
4127502,2024,PR,Sul,0.7219895769997383,0.2780104230002617,0
3541208,2024,SP,Sudeste,0.7225830366011853,0.2774169633988147,1
4123501,2024,PR,Sul,0.7227859818910192,0.27721401810898083,0
3157302,2024,MG,Sudeste,0.7232480315204601,0.27675196847953987,1
3133204,2024,MG,Sudeste,0.7233713649246202,0.2766286350753798,1
4207759,2024,SC,Sul,0.7235502840851357,0.27644971591486434,1
2105963,2024,MA,Nordeste,0.7239192009425284,0.2760807990574716,1
3518909,2024,SP,Sudeste,0.7243131923142138,0.27568680768578624,0
4216909,2024,SC,Sul,0.7249093662318389,0.2750906337681611,0
2408508,2024,RN,Nordeste,0.724952080885907,0.275047919114093,1
4217758,2024,SC,Sul,0.725064469175953,0.274935530824047,0
2605004,2024,PE,Nordeste,0.7255565573947723,0.2744434426052277,1
4107504,2024,PR,Sul,0.725576158970556,0.27442384102944395,1
5212907,2024,GO,Centro-Oeste,0.7266005665966058,0.27339943340339423,1
4321469,2024,RS,Sul,0.7269558657479159,0.27304413425208407,0
3127800,2024,MG,Sudeste,0.727541411513593,0.272458588486407,1
3151305,2024,MG,Sudeste,0.7276840686879622,0.2723159313120378,1
3556107,2024,SP,Sudeste,0.7279010220821835,0.27209897791781645,1
3158300,2024,MG,Sudeste,0.728079127157769,0.271920872842231,1
3502606,2024,SP,Sudeste,0.7287805605613582,0.2712194394386418,1
4301206,2024,RS,Sul,0.7290129799354725,0.27098702006452746,0
5212204,2024,GO,Centro-Oeste,0.7302744480956874,0.2697255519043126,1
4115002,2024,PR,Sul,0.7305695396985539,0.26943046030144613,0
4310751,2024,RS,Sul,0.7307896570153141,0.26921034298468594,0
4305447,2024,RS,Sul,0.7314246065351334,0.2685753934648666,0
5209952,2024,GO,Centro-Oeste,0.7317044237374684,0.26829557626253164,1
3202009,2024,ES,Sudeste,0.7321861946068638,0.26781380539313615,1
4315701,2024,RS,Sul,0.7323849006611862,0.2676150993388138,0
3539707,2024,SP,Sudeste,0.733284020497132,0.26671597950286796,1
4217105,2024,SC,Sul,0.7337090500850912,0.26629094991490876,0
4110102,2024,PR,Sul,0.7337626286464529,0.2662373713535471,0
2501534,2024,PB,Nordeste,0.7360704209598402,0.2639295790401598,1
4312443,2024,RS,Sul,0.7362624693936526,0.2637375306063474,0
3122801,2024,MG,Sudeste,0.7364328926068869,0.26356710739311306,1
3126000,2024,MG,Sudeste,0.7371137518863654,0.2628862481136346,1
4214508,2024,SC,Sul,0.7374260399215091,0.2625739600784909,1
4200200,2024,SC,Sul,0.7376506302777118,0.2623493697222882,0
4313011,2024,RS,Sul,0.7378543272952593,0.26214567270474065,0
3167004,2024,MG,Sudeste,0.7393228273299328,0.2606771726700672,1
3203700,2024,ES,Sudeste,0.7405247158702041,0.2594752841297959,1
3136603,2024,MG,Sudeste,0.7405897945949834,0.2594102054050166,1
3509106,2024,SP,Sudeste,0.7406357881576386,0.25936421184236136,1
4217501,2024,SC,Sul,0.7407988170461672,0.25920118295383276,0
4102505,2024,PR,Sul,0.7413658486206237,0.2586341513793763,0
2706000,2024,AL,Nordeste,0.7418211431468442,0.2581788568531558,1
2202752,2024,PI,Nordeste,0.7418939970850515,0.25810600291494845,1
4121752,2024,PR,Sul,0.7425104958733684,0.25748950412663163,1
5222054,2024,GO,Centro-Oeste,0.7438122069487659,0.25618779305123407,1
2304954,2024,CE,Nordeste,0.7442905717808601,0.2557094282191399,1
4128534,2024,PR,Sul,0.744473348249657,0.25552665175034295,1
2410207,2024,RN,Nordeste,0.7449305169966666,0.25506948300333343,1
4310439,2024,RS,Sul,0.7460775717268184,0.25392242827318157,0
4312757,2024,RS,Sul,0.7463521059788955,0.25364789402110455,0
4118105,2024,PR,Sul,0.7486808509912214,0.2513191490087786,1
5205307,2024,GO,Centro-Oeste,0.7487866101547177,0.2512133898452823,1
3514924,2024,SP,Sudeste,0.749298022699764,0.250701977300236,1
4211850,2024,SC,Sul,0.7505662262999474,0.2494337737000526,1
4112504,2024,PR,Sul,0.7506182708352033,0.24938172916479673,1
2608701,2024,PE,Nordeste,0.7507758189308713,0.2492241810691287,1
5215702,2024,GO,Centro-Oeste,0.7536487548332841,0.24635124516671592,1
3146503,2024,MG,Sudeste,0.753824973170966,0.24617502682903403,1
4306007,2024,RS,Sul,0.7541657476270659,0.2458342523729341,0
4204301,2024,SC,Sul,0.7552044658261994,0.24479553417380062,0
3526001,2024,SP,Sudeste,0.7566054415051322,0.2433945584948678,1
4317954,2024,RS,Sul,0.757410827640488,0.24258917235951205,0
4115200,2024,PR,Sul,0.7577690209261478,0.24223097907385216,0
4321402,2024,RS,Sul,0.7577962576021628,0.24220374239783715,0
4108320,2024,PR,Sul,0.758168546465665,0.241831453534335,1
3159407,2024,MG,Sudeste,0.7591849637546125,0.24081503624538747,1
3148301,2024,MG,Sudeste,0.7603497479297467,0.23965025207025326,1
2512036,2024,PB,Nordeste,0.7607727710104281,0.23922722898957194,1
3166600,2024,MG,Sudeste,0.7620252326620847,0.23797476733791534,1
5215900,2024,GO,Centro-Oeste,0.7624875469013032,0.23751245309869684,1
3505302,2024,SP,Sudeste,0.7640069702538479,0.2359930297461521,1
3520442,2024,SP,Sudeste,0.7647691892711534,0.23523081072884655,1
3123908,2024,MG,Sudeste,0.7652346502349975,0.23476534976500252,1
3104205,2024,MG,Sudeste,0.7654372473538911,0.23456275264610893,1
3167301,2024,MG,Sudeste,0.7659023658717671,0.23409763412823292,1
5213087,2024,GO,Centro-Oeste,0.7661642125910235,0.23383578740897648,1
4205704,2024,SC,Sul,0.7662862947551888,0.23371370524481117,1
5219258,2024,GO,Centro-Oeste,0.7669653942986633,0.23303460570133672,1
4314027,2024,RS,Sul,0.7670856304867119,0.23291436951328814,0
3201902,2024,ES,Sudeste,0.7671777636129322,0.23282223638706778,1
5210562,2024,GO,Centro-Oeste,0.7674218899040762,0.23257811009592377,0
2210706,2024,PI,Nordeste,0.7677250614618073,0.2322749385381927,1
3530003,2024,SP,Sudeste,0.7683341909050531,0.23166580909494694,1
3138351,2024,MG,Sudeste,0.768393609778892,0.23160639022110796,1
3101300,2024,MG,Sudeste,0.7684815339239838,0.23151846607601623,1
4302402,2024,RS,Sul,0.7686425063810695,0.23135749361893054,0
4316436,2024,RS,Sul,0.7688407207381888,0.23115927926181123,1
5213103,2024,GO,Centro-Oeste,0.7692623529945279,0.23073764700547206,1
2205250,2024,PI,Nordeste,0.7704985743034453,0.22950142569655474,1
3159506,2024,MG,Sudeste,0.7706505006857087,0.22934949931429127,1
3122702,2024,MG,Sudeste,0.7714722453443191,0.22852775465568087,1
4209854,2024,SC,Sul,0.771750664286807,0.22824933571319295,1
5106109,2024,MT,Centro-Oeste,0.771993325363406,0.22800667463659396,1
3515400,2024,SP,Sudeste,0.772676307823033,0.22732369217696702,1
4127304,2024,PR,Sul,0.7728702279764537,0.22712977202354634,1
4115457,2024,PR,Sul,0.7729433158314983,0.22705668416850167,1
3513702,2024,SP,Sudeste,0.773740407137238,0.22625959286276198,1
4127957,2024,PR,Sul,0.7743739875982238,0.22562601240177615,1
3537404,2024,SP,Sudeste,0.7745162254508547,0.22548377454914525,1
4215752,2024,SC,Sul,0.7750108771728843,0.2249891228271157,0
3500204,2024,SP,Sudeste,0.7754025614571081,0.22459743854289194,1
3509809,2024,SP,Sudeste,0.7755277064760345,0.22447229352396547,1
4310504,2024,RS,Sul,0.7759924031244166,0.22400759687558336,0
2205102,2024,PI,Nordeste,0.776826293648785,0.22317370635121503,1
3101409,2024,MG,Sudeste,0.7773414418577471,0.22265855814225288,1
4104055,2024,PR,Sul,0.779430198074813,0.22056980192518705,1
3531605,2024,SP,Sudeste,0.7800785032196245,0.21992149678037554,1
2105203,2024,MA,Nordeste,0.7807481708354849,0.21925182916451513,1
3201407,2024,ES,Sudeste,0.7807541152567151,0.21924588474328488,1
4105904,2024,PR,Sul,0.781020234281856,0.21897976571814404,0
3133501,2024,MG,Sudeste,0.7817204263843369,0.21827957361566308,1
3104403,2024,MG,Sudeste,0.7834459147785118,0.21655408522148822,1
4120101,2024,PR,Sul,0.783593339731726,0.21640666026827404,1
4210506,2024,SC,Sul,0.7840447738040978,0.21595522619590224,0
2513653,2024,PB,Nordeste,0.7860733844348992,0.21392661556510084,1
4201208,2024,SC,Sul,0.7873784503460637,0.21262154965393631,0
3136579,2024,MG,Sudeste,0.7894513306949704,0.21054866930502958,1
4127809,2024,PR,Sul,0.7897579329512822,0.21024206704871784,1
4313375,2024,RS,Sul,0.7904735067944706,0.2095264932055294,1
3204054,2024,ES,Sudeste,0.7904826291099624,0.20951737089003764,1
4121703,2024,PR,Sul,0.790679753214256,0.209320246785744,1
3170750,2024,MG,Sudeste,0.7910584155496481,0.20894158445035194,1
4101408,2024,PR,Sul,0.7911105551711051,0.20888944482889493,0
4216107,2024,SC,Sul,0.7912194380487482,0.20878056195125183,0
3501509,2024,SP,Sudeste,0.7913634307498372,0.20863656925016283,1
3201704,2024,ES,Sudeste,0.791624929347589,0.208375070652411,1
4116059,2024,PR,Sul,0.7926950852867661,0.20730491471323387,1
4308458,2024,RS,Sul,0.7938332255416781,0.20616677445832188,0
4208906,2024,SC,Sul,0.7955186655098183,0.2044813344901817,1
5107925,2024,MT,Centro-Oeste,0.796042996335594,0.20395700366440594,1
3203353,2024,ES,Sudeste,0.7961442474952648,0.2038557525047352,0
4103453,2024,PR,Sul,0.7962061718657746,0.20379382813422542,0
4206207,2024,SC,Sul,0.7963546170839417,0.20364538291605827,1
4308250,2024,RS,Sul,0.7970878204695658,0.20291217953043417,0
4201000,2024,SC,Sul,0.7972554253148506,0.2027445746851494,1
4115754,2024,PR,Sul,0.7976449625029703,0.20235503749702966,1
5204854,2024,GO,Centro-Oeste,0.7982339411666564,0.20176605883334364,1
2208304,2024,PI,Nordeste,0.7983549477907772,0.2016450522092228,1
4103909,2024,PR,Sul,0.7986025173629338,0.20139748263706625,0
2210631,2024,PI,Nordeste,0.7988760597351939,0.20112394026480607,0
5216809,2024,GO,Centro-Oeste,0.7990375474174322,0.20096245258256784,1
1600535,2024,AP,Norte,0.7990709677484568,0.20092903225154324,1
3203346,2024,ES,Sudeste,0.7999867316490354,0.20001326835096456,1
2311900,2024,CE,Nordeste,0.800184696374175,0.199815303625825,1
4317806,2024,RS,Sul,0.8002321442029989,0.19976785579700107,0
5206305,2024,GO,Centro-Oeste,0.8006124138163386,0.19938758618366137,1
3160108,2024,MG,Sudeste,0.8017376976193529,0.19826230238064713,1
2204006,2024,PI,Nordeste,0.8017618893599032,0.19823811064009678,1
1301951,2024,AM,Norte,0.8027430485088894,0.19725695149111055,1
4112009,2024,PR,Sul,0.8029728219809337,0.19702717801906633,0
3132206,2024,MG,Sudeste,0.8032092511459691,0.19679074885403092,1
2202455,2024,PI,Nordeste,0.8033308809118624,0.19666911908813756,1
4120358,2024,PR,Sul,0.8047250830219308,0.1952749169780692,0
4121604,2024,PR,Sul,0.804932557770943,0.19506744222905703,1
4122701,2024,PR,Sul,0.8050741155093837,0.19492588449061632,0
4206405,2024,SC,Sul,0.8057620244064737,0.1942379755935263,1
4111100,2024,PR,Sul,0.8059975390853371,0.1940024609146629,1
3100807,2024,MG,Sudeste,0.8066374399013546,0.1933625600986454,1
4122156,2024,PR,Sul,0.8068121848221147,0.1931878151778853,1
2607109,2024,PE,Nordeste,0.8069066422350905,0.19309335776490955,1
4126603,2024,PR,Sul,0.8069251363363278,0.1930748636636722,1
4101309,2024,PR,Sul,0.8073839254760334,0.19261607452396656,1
2411908,2024,RN,Nordeste,0.8074309030258603,0.1925690969741397,1
4123907,2024,PR,Sul,0.8086333205471391,0.1913666794528609,1
4126272,2024,PR,Sul,0.8096802528685034,0.19031974713149657,1
3165701,2024,MG,Sudeste,0.8112765710775085,0.1887234289224915,1
5211701,2024,GO,Centro-Oeste,0.8112998621173038,0.18870013788269624,1
3204252,2024,ES,Sudeste,0.8115221518056018,0.18847784819439817,1
4108908,2024,PR,Sul,0.8116052672034672,0.18839473279653285,1
4126306,2024,PR,Sul,0.8119555800445918,0.18804441995540822,1
4311429,2024,RS,Sul,0.8120156882345121,0.1879843117654879,0
5210406,2024,GO,Centro-Oeste,0.8124086114374488,0.1875913885625512,1
3120607,2024,MG,Sudeste,0.8124626527559466,0.18753734724405335,1
5214408,2024,GO,Centro-Oeste,0.8134777262987579,0.18652227370124208,1
4310363,2024,RS,Sul,0.8135138319590466,0.18648616804095342,0
3504800,2024,SP,Sudeste,0.8135799299781604,0.18642007002183958,1
3132008,2024,MG,Sudeste,0.8137499160784446,0.1862500839215554,1
4128005,2024,PR,Sul,0.8138734909625576,0.18612650903744243,0
4305603,2024,RS,Sul,0.81397662192241,0.18602337807758995,1
3102209,2024,MG,Sudeste,0.8141857550559387,0.1858142449440613,1
4207684,2024,SC,Sul,0.8151530775876376,0.18484692241236245,1
3542305,2024,SP,Sudeste,0.815259560263631,0.184740439736369,1
3100104,2024,MG,Sudeste,0.8162296043978264,0.18377039560217356,1
2410603,2024,RN,Nordeste,0.8164406635563544,0.18355933644364564,1
2313807,2024,CE,Nordeste,0.8166264776101614,0.18337352238983862,1
4102703,2024,PR,Sul,0.8169993604381811,0.1830006395618189,1
4208609,2024,SC,Sul,0.8174590181012159,0.1825409818987841,1
4103800,2024,PR,Sul,0.8177648393108865,0.1822351606891135,1
3111903,2024,MG,Sudeste,0.818459874914883,0.18154012508511697,1
2106003,2024,MA,Nordeste,0.8185203442811854,0.18147965571881464,1
2302206,2024,CE,Nordeste,0.8192580761260625,0.1807419238739375,1
4215679,2024,SC,Sul,0.8194211171281037,0.18057888287189627,0
2414902,2024,RN,Nordeste,0.820289352093235,0.17971064790676505,0
4215356,2024,SC,Sul,0.8209461015350055,0.17905389846499453,0
5204250,2024,GO,Centro-Oeste,0.8209873160494807,0.17901268395051928,1
3204351,2024,ES,Sudeste,0.8210758454206323,0.17892415457936772,1
3161502,2024,MG,Sudeste,0.8214353908361701,0.17856460916382988,1
5210802,2024,GO,Centro-Oeste,0.8224593034472627,0.1775406965527373,1
3166006,2024,MG,Sudeste,0.8228794585325276,0.17712054146747236,1
2609709,2024,PE,Nordeste,0.8232149957027048,0.17678500429729516,1
4304622,2024,RS,Sul,0.8232570981957025,0.17674290180429753,0
5213004,2024,GO,Centro-Oeste,0.823727808613105,0.17627219138689498,1
4103354,2024,PR,Sul,0.8239739226465912,0.1760260773534088,1
5204409,2024,GO,Centro-Oeste,0.8244091121568101,0.17559088784318988,1
4212403,2024,SC,Sul,0.825265528103277,0.17473447189672298,0
3161908,2024,MG,Sudeste,0.8253140639999542,0.17468593600004578,1
3517307,2024,SP,Sudeste,0.8263711395614222,0.17362886043857784,1
4320206,2024,RS,Sul,0.8264731488680546,0.17352685113194544,0
5211602,2024,GO,Centro-Oeste,0.8274960837907521,0.17250391620924788,0
4312955,2024,RS,Sul,0.8277444836537048,0.1722555163462952,0
3152709,2024,MG,Sudeste,0.8280460420738601,0.17195395792613988,1
2207108,2024,PI,Nordeste,0.8283526591795766,0.17164734082042343,1
4108551,2024,PR,Sul,0.8291820955117042,0.1708179044882958,0
4301008,2024,RS,Sul,0.8292206439896173,0.17077935601038274,0
4106803,2024,PR,Sul,0.830641685609452,0.16935831439054805,1
3204658,2024,ES,Sudeste,0.8307524995960686,0.16924750040393144,1
3517109,2024,SP,Sudeste,0.8314065198096995,0.16859348019030052,1
4314787,2024,RS,Sul,0.8320314696191745,0.1679685303808255,0
4202156,2024,SC,Sul,0.8325224697861464,0.1674775302138536,1
4128658,2024,PR,Sul,0.8333521127055238,0.16664788729447622,1
3200409,2024,ES,Sudeste,0.8340487170165557,0.1659512829834443,1
5203962,2024,GO,Centro-Oeste,0.8343959590919012,0.16560404090809877,1
5211800,2024,GO,Centro-Oeste,0.8344581929275147,0.16554180707248534,1
5221452,2024,GO,Centro-Oeste,0.8354702645193813,0.16452973548061867,1
3130804,2024,MG,Sudeste,0.8359793615103058,0.16402063848969417,1
4316006,2024,RS,Sul,0.8370450771466275,0.16295492285337254,0
4118709,2024,PR,Sul,0.8371068089695125,0.1628931910304875,1
4108106,2024,PR,Sul,0.837375770132395,0.16262422986760505,1
2504850,2024,PB,Nordeste,0.8374135945301941,0.16258640546980585,1
3145455,2024,MG,Sudeste,0.8376780035841931,0.1623219964158069,1
4215406,2024,SC,Sul,0.8378160627231303,0.16218393727686975,0
4201604,2024,SC,Sul,0.838517348304162,0.16148265169583798,0
4305871,2024,RS,Sul,0.8385552417712164,0.16144475822878357,0
2308401,2024,CE,Nordeste,0.8390516436197428,0.16094835638025717,1
4115804,2024,PR,Sul,0.8394153007113766,0.1605846992886234,0
5220280,2024,GO,Centro-Oeste,0.8403069308204492,0.15969306917955084,1
4101655,2024,PR,Sul,0.8407034138821797,0.15929658611782027,1
3533106,2024,SP,Sudeste,0.8415391040879575,0.1584608959120425,1
4217402,2024,SC,Sul,0.8416066304317104,0.15839336956828964,1
4126009,2024,PR,Sul,0.8416985959373552,0.1583014040626448,1
4311791,2024,RS,Sul,0.8416991873086395,0.15830081269136054,0
2703502,2024,AL,Nordeste,0.8420697339112471,0.15793026608875294,1
4126207,2024,PR,Sul,0.8434300176829453,0.15656998231705466,1
4210100,2024,SC,Sul,0.8443802815605467,0.15561971843945333,1
4126355,2024,PR,Sul,0.8445424851208165,0.15545751487918347,1
3121100,2024,MG,Sudeste,0.844848219752002,0.15515178024799803,1
4111407,2024,PR,Sul,0.8457061506214312,0.15429384937856883,1
5211206,2024,GO,Centro-Oeste,0.8458927026789471,0.15410729732105288,1
2603900,2024,PE,Nordeste,0.845934444741423,0.154065555258577,1
4209201,2024,SC,Sul,0.8459901037226444,0.15400989627735562,1
2300754,2024,CE,Nordeste,0.8467391347969107,0.15326086520308935,1
4123808,2024,PR,Sul,0.8474382843420756,0.15256171565792442,1
3115003,2024,MG,Sudeste,0.8474806714811852,0.15251932851881478,1
4208005,2024,SC,Sul,0.8482203408932552,0.15177965910674485,1
3164431,2024,MG,Sudeste,0.8484381747484295,0.15156182525157047,1
5220058,2024,GO,Centro-Oeste,0.8485754956959985,0.15142450430400145,1
4210605,2024,SC,Sul,0.849075167365061,0.15092483263493905,1
4321956,2024,RS,Sul,0.8492882664933477,0.15071173350665235,0
5217708,2024,GO,Centro-Oeste,0.8504511238266808,0.14954887617331925,1
4312807,2024,RS,Sul,0.8507052059219354,0.14929479407806456,0
4107850,2024,PR,Sul,0.8508546906361508,0.14914530936384918,1
4207601,2024,SC,Sul,0.851037585229431,0.14896241477056904,1
3164803,2024,MG,Sudeste,0.8522054832912923,0.1477945167087077,1
3503356,2024,SP,Sudeste,0.8522575580104732,0.1477424419895268,1
4215802,2024,SC,Sul,0.8527149113284215,0.14728508867157852,1
4102000,2024,PR,Sul,0.8527273013262227,0.14727269867377735,1
4217303,2024,SC,Sul,0.8534651040790525,0.14653489592094748,1
3506201,2024,SP,Sudeste,0.853785516534853,0.14621448346514698,1
4113429,2024,PR,Sul,0.8547604793817909,0.1452395206182091,1
4302659,2024,RS,Sul,0.8556383802572122,0.14436161974278783,0
4125753,2024,PR,Sul,0.8560413410369414,0.1439586589630586,1
4106308,2024,PR,Sul,0.8562346828128163,0.14376531718718366,1
3123304,2024,MG,Sudeste,0.8566182911290133,0.14338170887098667,1
3205069,2024,ES,Sudeste,0.857600190235744,0.14239980976425604,1
4124301,2024,PR,Sul,0.8576809831329626,0.1423190168670374,1
4112801,2024,PR,Sul,0.8577694361365245,0.14223056386347555,1
4127965,2024,PR,Sul,0.8583108990467598,0.14168910095324017,1
3204559,2024,ES,Sudeste,0.8589577934988255,0.1410422065011745,0
2202703,2024,PI,Nordeste,0.859699836096501,0.14030016390349898,1
3201803,2024,ES,Sudeste,0.8604483477110716,0.1395516522889284,1
3110400,2024,MG,Sudeste,0.8612166788291974,0.1387833211708026,1
4107736,2024,PR,Sul,0.861437118475712,0.13856288152428797,0
4215208,2024,SC,Sul,0.8615631967717449,0.13843680322825513,1
2202251,2024,PI,Nordeste,0.8617889881523564,0.13821101184764362,1
4321857,2024,RS,Sul,0.8619130009468542,0.1380869990531458,0
4205506,2024,SC,Sul,0.8627763208219968,0.13722367917800316,1
4124400,2024,PR,Sul,0.8632577608877798,0.13674223911222017,1
3533205,2024,SP,Sudeste,0.8637430998278762,0.13625690017212377,1
4300505,2024,RS,Sul,0.8644060755098807,0.1355939244901193,0
2200301,2024,PI,Nordeste,0.8644385688534405,0.1355614311465595,1
4314308,2024,RS,Sul,0.8648095677256215,0.13519043227437855,0
2308104,2024,CE,Nordeste,0.86490824697961,0.13509175302039,1
3119708,2024,MG,Sudeste,0.865041160485075,0.13495883951492504,1
3202900,2024,ES,Sudeste,0.8656924963968191,0.1343075036031809,1
5205000,2024,GO,Centro-Oeste,0.8659950400748216,0.13400495992517836,1
4204004,2024,SC,Sul,0.8664312900366533,0.1335687099633467,1
4307815,2024,RS,Sul,0.8670355386039617,0.13296446139603835,0
5103452,2024,MT,Centro-Oeste,0.867996074799598,0.13200392520040205,1
3112000,2024,MG,Sudeste,0.8680636371963567,0.1319363628036433,1
3539608,2024,SP,Sudeste,0.868090769826863,0.13190923017313705,1
4112751,2024,PR,Sul,0.8681864329685713,0.13181356703142866,1
5210604,2024,GO,Centro-Oeste,0.8683500359033963,0.13164996409660368,1
4101903,2024,PR,Sul,0.8684460783970492,0.13155392160295076,1
4120606,2024,PR,Sul,0.8687824521747587,0.1312175478252413,1
4210555,2024,SC,Sul,0.8699552378292763,0.1300447621707237,0
3535705,2024,SP,Sudeste,0.8701779722956398,0.12982202770436024,1
4127700,2024,PR,Sul,0.8703712889215145,0.1296287110784855,1
2313757,2024,CE,Nordeste,0.8703894023100425,0.12961059768995753,1
5106174,2024,MT,Centro-Oeste,0.8703936283470348,0.12960637165296518,1
4208401,2024,SC,Sul,0.870433012600679,0.12956698739932104,1
4215554,2024,SC,Sul,0.8718181332484625,0.12818186675153753,0
4107751,2024,PR,Sul,0.8718795661244259,0.12812043387557415,0
2307700,2024,CE,Nordeste,0.872083229664593,0.12791677033540705,1
3200904,2024,ES,Sudeste,0.8724592556678086,0.12754074433219142,1
4309951,2024,RS,Sul,0.872467919594958,0.12753208040504205,0
4218756,2024,SC,Sul,0.8731874398140789,0.12681256018592113,0
4322558,2024,RS,Sul,0.8740423875019786,0.1259576124980214,0
3540408,2024,SP,Sudeste,0.8750337988489171,0.12496620115108292,1
2309458,2024,CE,Nordeste,0.8754487629414986,0.12455123705850135,1
5208608,2024,GO,Centro-Oeste,0.8759105073493432,0.12408949265065683,1
5221551,2024,GO,Centro-Oeste,0.8761101173464452,0.12388988265355483,1
5219209,2024,GO,Centro-Oeste,0.8765606915305589,0.12343930846944107,1
5200159,2024,GO,Centro-Oeste,0.8778744464120422,0.12212555358795785,1
4217204,2024,SC,Sul,0.8785710336937443,0.12142896630625566,1
2203701,2024,PI,Nordeste,0.879290586758041,0.12070941324195905,1
4104501,2024,PR,Sul,0.8794389559768035,0.12056104402319645,1
3533700,2024,SP,Sudeste,0.8794882208765379,0.12051177912346211,1
5101852,2024,MT,Centro-Oeste,0.8795962334130638,0.12040376658693619,1
4120002,2024,PR,Sul,0.8797049749446342,0.12029502505536582,1
4212908,2024,SC,Sul,0.8804105319559404,0.11958946804405957,0
3155306,2024,MG,Sudeste,0.8810099258745083,0.11899007412549167,1
3130655,2024,MG,Sudeste,0.8817406471811416,0.11825935281885835,1
4123824,2024,PR,Sul,0.8820908485273828,0.11790915147261716,1
4313805,2024,RS,Sul,0.8848007583223139,0.11519924167768614,0
3200359,2024,ES,Sudeste,0.8849865454991409,0.11501345450085909,1
3127602,2024,MG,Sudeste,0.8850611871254351,0.11493881287456487,1
3203163,2024,ES,Sudeste,0.885672941730246,0.11432705826975398,1
3201001,2024,ES,Sudeste,0.8860494455986191,0.11395055440138091,1
4314068,2024,RS,Sul,0.8867464498509811,0.11325355014901894,0
2300150,2024,CE,Nordeste,0.8871844177387447,0.11281558226125532,1
4121802,2024,PR,Sul,0.8872098411141324,0.11279015888586763,1
4110656,2024,PR,Sul,0.8877584142021512,0.11224158579784882,1
4212239,2024,SC,Sul,0.8885639688322483,0.11143603116775169,1
4218202,2024,SC,Sul,0.8890353682497648,0.11096463175023519,1
4125357,2024,PR,Sul,0.8891031199883372,0.11089688001166276,1
5203559,2024,GO,Centro-Oeste,0.889315398360575,0.11068460163942495,1
4208500,2024,SC,Sul,0.8895885268643421,0.11041147313565791,1
2507101,2024,PB,Nordeste,0.8896019397667638,0.11039806023323617,1
4216008,2024,SC,Sul,0.8904586648344928,0.10954133516550724,1
4207403,2024,SC,Sul,0.8915010016168573,0.1084989983831427,1
3502705,2024,SP,Sudeste,0.8918581196212139,0.10814188037878614,1
5213509,2024,GO,Centro-Oeste,0.8927674855949007,0.10723251440509929,1
4124806,2024,PR,Sul,0.8930340261892104,0.10696597381078965,1
5210000,2024,GO,Centro-Oeste,0.8931705838948669,0.10682941610513308,1
4312179,2024,RS,Sul,0.8932075758112776,0.10679242418872237,0
4107124,2024,PR,Sul,0.8934908246830492,0.10650917531695081,1
4305116,2024,RS,Sul,0.8935515877969725,0.10644841220302748,0
4204509,2024,SC,Sul,0.8936968031200588,0.10630319687994116,1
4207908,2024,SC,Sul,0.8937441018566245,0.10625589814337555,1
5205208,2024,GO,Centro-Oeste,0.8943931842655646,0.10560681573443542,1
4304804,2024,RS,Sul,0.8951751703426051,0.10482482965739492,0
1600238,2024,AP,Norte,0.8959245837287684,0.10407541627123162,0
4316501,2024,RS,Sul,0.8969597331342285,0.1030402668657715,0
2102754,2024,MA,Nordeste,0.8976778371368037,0.10232216286319629,1
3135407,2024,MG,Sudeste,0.8980137552388658,0.10198624476113416,1
2101939,2024,MA,Nordeste,0.8980277010550664,0.10197229894493365,1
5106455,2024,MT,Centro-Oeste,0.8991647939714565,0.10083520602854346,1
3521903,2024,SP,Sudeste,0.8992688229580655,0.10073117704193446,1
4114906,2024,PR,Sul,0.8993041713554011,0.10069582864459892,1
4309258,2024,RS,Sul,0.900653121517404,0.09934687848259605,0
4121406,2024,PR,Sul,0.9015009740928621,0.09849902590713788,0
4207858,2024,SC,Sul,0.9015603637179878,0.09843963628201224,1
4114351,2024,PR,Sul,0.9015695895971625,0.09843041040283751,0
4114203,2024,PR,Sul,0.9018949948184586,0.09810500518154142,1
4323309,2024,RS,Sul,0.9021155152892343,0.09788448471076572,0
4103958,2024,PR,Sul,0.902351496020699,0.09764850397930103,1
1505601,2024,PA,Norte,0.9028622617642256,0.09713773823577443,1
4111605,2024,PR,Sul,0.9029156231353481,0.09708437686465188,1
5207352,2024,GO,Centro-Oeste,0.9029487636458275,0.09705123635417245,1
3555208,2024,SP,Sudeste,0.9030936625413925,0.09690633745860755,1
4125209,2024,PR,Sul,0.9031320695276448,0.0968679304723552,1
4113734,2024,PR,Sul,0.9033896200357499,0.09661037996425015,1
3147956,2024,MG,Sudeste,0.9035746022323957,0.09642539776760428,1
3516507,2024,SP,Sudeste,0.9041917167521925,0.09580828324780755,1
1505908,2024,PA,Norte,0.9043178003015907,0.0956821996984093,1
4119657,2024,PR,Sul,0.9044846754098977,0.09551532459010226,1
2604908,2024,PE,Nordeste,0.9050727520119278,0.09492724798807217,1
4110805,2024,PR,Sul,0.9055686160422934,0.09443138395770656,1
4119707,2024,PR,Sul,0.9057233328304184,0.09427666716958161,1
5205901,2024,GO,Centro-Oeste,0.9058884063273203,0.09411159367267974,1
2403301,2024,RN,Nordeste,0.9059278179511528,0.09407218204884715,1
4312252,2024,RS,Sul,0.9063005844090413,0.09369941559095873,0
4308706,2024,RS,Sul,0.9069538482699622,0.09304615173003783,0
4308003,2024,RS,Sul,0.9073568883670627,0.09264311163293726,0
2611533,2024,PE,Nordeste,0.907477487843169,0.09252251215683105,1
4313391,2024,RS,Sul,0.9075967201868868,0.09240327981311325,0
3168309,2024,MG,Sudeste,0.9087468051460066,0.09125319485399341,1
3515608,2024,SP,Sudeste,0.9088983941041658,0.09110160589583416,1
4318440,2024,RS,Sul,0.9089035369476021,0.09109646305239794,0
2303501,2024,CE,Nordeste,0.9089158966694669,0.09108410333053307,1
5209937,2024,GO,Centro-Oeste,0.9095710709167981,0.09042892908320188,1
4205431,2024,SC,Sul,0.9096540812035521,0.09034591879644793,1
2701001,2024,AL,Nordeste,0.9099696187041613,0.09003038129583874,1
4103305,2024,PR,Sul,0.9101551148164962,0.08984488518350375,0
2511103,2024,PB,Nordeste,0.9106543536933166,0.0893456463066834,1
3200300,2024,ES,Sudeste,0.911079728568458,0.08892027143154202,1
4117214,2024,PR,Sul,0.911298275832622,0.08870172416737798,0
3116308,2024,MG,Sudeste,0.9124511482488705,0.08754885175112948,1
4210852,2024,SC,Sul,0.912500385157851,0.08749961484214897,1
5220009,2024,GO,Centro-Oeste,0.9127774605677651,0.0872225394322349,1
2112233,2024,MA,Nordeste,0.9133446261859883,0.08665537381401167,1
3122900,2024,MG,Sudeste,0.9134696779252243,0.08653032207477573,1
4121307,2024,PR,Sul,0.9137915290573064,0.08620847094269357,1
4215695,2024,SC,Sul,0.9140421034258881,0.0859578965741119,1
3138708,2024,MG,Sudeste,0.9141338116049021,0.08586618839509785,1
5218789,2024,GO,Centro-Oeste,0.9141577400786859,0.08584225992131411,1
5220157,2024,GO,Centro-Oeste,0.9144038575033585,0.08559614249664149,1
4104402,2024,PR,Sul,0.914536109690388,0.08546389030961199,1
2209971,2024,PI,Nordeste,0.914708773987511,0.08529122601248895,1
4107207,2024,PR,Sul,0.9147096696159053,0.08529033038409473,1
4115408,2024,PR,Sul,0.91548031082202,0.08451968917798003,1
3124708,2024,MG,Sudeste,0.9154860109756465,0.08451398902435348,1
4201653,2024,SC,Sul,0.9164769184385505,0.0835230815614495,1
2310852,2024,CE,Nordeste,0.9165213147178691,0.08347868528213087,1
2201150,2024,PI,Nordeste,0.916562018393297,0.08343798160670302,1
4202131,2024,SC,Sul,0.9174977645053399,0.08250223549466007,1
2302701,2024,CE,Nordeste,0.9183765573426337,0.08162344265736632,1
4210035,2024,SC,Sul,0.9197678563685445,0.08023214363145548,1
4116802,2024,PR,Sul,0.9198159766970471,0.08018402330295293,1
4312351,2024,RS,Sul,0.920170555258546,0.07982944474145404,0
2303600,2024,CE,Nordeste,0.9211009901128218,0.07889900988717824,1
5107883,2024,MT,Centro-Oeste,0.9213579760146756,0.07864202398532438,1
4105300,2024,PR,Sul,0.9213947889469084,0.0786052110530916,1
4112405,2024,PR,Sul,0.921634710818767,0.07836528918123298,1
4205159,2024,SC,Sul,0.921727303750405,0.07827269624959499,0
5203104,2024,GO,Centro-Oeste,0.9221738475531671,0.07782615244683289,1
4125803,2024,PR,Sul,0.9221959127964307,0.07780408720356935,1
3114907,2024,MG,Sudeste,0.9225121294377573,0.07748787056224271,1
5208905,2024,GO,Centro-Oeste,0.923061728386884,0.07693827161311595,1
5202502,2024,GO,Centro-Oeste,0.9234624499591767,0.0765375500408233,1
3141207,2024,MG,Sudeste,0.9241146344967394,0.07588536550326064,1
4318424,2024,RS,Sul,0.925075969699068,0.07492403030093198,0
1706258,2024,TO,Norte,0.9265123460624936,0.07348765393750645,1
2203107,2024,PI,Nordeste,0.9281763306637169,0.07182366933628315,1
1300201,2024,AM,Norte,0.9285326558390635,0.07146734416093647,1
5214804,2024,GO,Centro-Oeste,0.9287720893210213,0.07122791067897871,1
2614402,2024,PE,Nordeste,0.9289917251898648,0.07100827481013516,1
4306759,2024,RS,Sul,0.9293354868986478,0.07066451310135224,1
2306256,2024,CE,Nordeste,0.9293534286722565,0.07064657132774355,1
2401503,2024,RN,Nordeste,0.9298333853288058,0.07016661467119423,1
4303301,2024,RS,Sul,0.9308807855975827,0.0691192144024173,0
2209500,2024,PI,Nordeste,0.9315592844457881,0.06844071555421194,1
3152907,2024,MG,Sudeste,0.9321109572932728,0.06788904270672724,1
4305009,2024,RS,Sul,0.9336837498177887,0.06631625018221132,0
2310308,2024,CE,Nordeste,0.933972345672868,0.06602765432713198,1
4119103,2024,PR,Sul,0.9344436683547495,0.06555633164525054,1
3103900,2024,MG,Sudeste,0.9348260334254227,0.0651739665745773,1
5219738,2024,GO,Centro-Oeste,0.9350290637916776,0.0649709362083224,1
4119004,2024,PR,Sul,0.9350302360421885,0.06496976395781151,1
4119806,2024,PR,Sul,0.9354807966017097,0.06451920339829031,0
3204104,2024,ES,Sudeste,0.935490862856658,0.06450913714334205,1
2516508,2024,PB,Nordeste,0.9354998193883342,0.06450018061166585,1
3148905,2024,MG,Sudeste,0.9355909632879269,0.0644090367120731,1
4200606,2024,SC,Sul,0.9359250989055401,0.0640749010944599,0
4110508,2024,PR,Sul,0.9360587195320407,0.06394128046795933,1
3557154,2024,SP,Sudeste,0.936246826773118,0.06375317322688201,1
5200175,2024,GO,Centro-Oeste,0.9363821341575248,0.0636178658424752,1
5212808,2024,GO,Centro-Oeste,0.93655515959052,0.06344484040947995,1
2313104,2024,CE,Nordeste,0.9367071675668582,0.06329283243314177,1
4116950,2024,PR,Sul,0.9368951422409447,0.06310485775905528,1
2302909,2024,CE,Nordeste,0.9370220951262427,0.06297790487375732,1
4121901,2024,PR,Sul,0.9372455995902729,0.06275440040972713,1
4211256,2024,SC,Sul,0.9374307792021889,0.06256922079781113,1
4309506,2024,RS,Sul,0.9374737261933668,0.06252627380663323,0
3201159,2024,ES,Sudeste,0.9374873493795733,0.06251265062042666,1
4212007,2024,SC,Sul,0.9375485474758753,0.06245145252412465,0
4321006,2024,RS,Sul,0.9376657476702255,0.06233425232977452,1
2303204,2024,CE,Nordeste,0.9377108733479984,0.06228912665200159,1
2501351,2024,PB,Nordeste,0.9378969114186931,0.062103088581306864,1
5215504,2024,GO,Centro-Oeste,0.9380402179983928,0.06195978200160723,1
2106672,2024,MA,Nordeste,0.9388297157518701,0.06117028424812987,1
2301406,2024,CE,Nordeste,0.9389549966369991,0.061045003363000894,1
3100302,2024,MG,Sudeste,0.9390311530977855,0.06096884690221449,1
4207650,2024,SC,Sul,0.939130786764736,0.06086921323526395,1
4211603,2024,SC,Sul,0.9392898839214257,0.06071011607857435,1
4322004,2024,RS,Sul,0.9400062859851744,0.05999371401482556,0
5205513,2024,GO,Centro-Oeste,0.9410255502646313,0.058974449735368695,1
3202702,2024,ES,Sudeste,0.9411594616559857,0.05884053834401426,1
4108205,2024,PR,Sul,0.9422758063948912,0.05772419360510883,1
2203453,2024,PI,Nordeste,0.9427267600674822,0.05727323993251776,1
4304903,2024,RS,Sul,0.9428112631381267,0.05718873686187331,0
2302107,2024,CE,Nordeste,0.9430475619794927,0.05695243802050731,1
4210209,2024,SC,Sul,0.9433924213092147,0.056607578690785254,1
2205151,2024,PI,Nordeste,0.9434038720257334,0.05659612797426661,1
2517001,2024,PB,Nordeste,0.943497267076888,0.05650273292311203,1
2205409,2024,PI,Nordeste,0.9439699350615061,0.05603006493849394,1
5221908,2024,GO,Centro-Oeste,0.9445672876848735,0.055432712315126476,1
4102752,2024,PR,Sul,0.944807113916825,0.055192886083174963,1
2205359,2024,PI,Nordeste,0.9457209155134487,0.05427908448655128,1
4211652,2024,SC,Sul,0.9461354109856512,0.05386458901434876,1
4120705,2024,PR,Sul,0.9463250917455074,0.053674908254492615,1
4310900,2024,RS,Sul,0.9464173658069224,0.05358263419307763,0
4210001,2024,SC,Sul,0.9472231451234524,0.052776854876547596,0
4107546,2024,PR,Sul,0.9474668960748065,0.0525331039251935,1
3116803,2024,MG,Sudeste,0.9476885154206008,0.05231148457939916,1
4127007,2024,PR,Sul,0.9486462800737032,0.05135371992629678,1
4307054,2024,RS,Sul,0.9490314688050316,0.05096853119496836,0
3106408,2024,MG,Sudeste,0.949061682885775,0.05093831711422503,1
3158805,2024,MG,Sudeste,0.9495511738494478,0.05044882615055224,1
2209906,2024,PI,Nordeste,0.9498997116322019,0.05010028836779812,1
3204955,2024,ES,Sudeste,0.9514487385459497,0.04855126145405031,1
4116406,2024,PR,Sul,0.9517575521554656,0.04824244784453435,1
4204707,2024,SC,Sul,0.9522409778277444,0.04775902217225558,0
4201505,2024,SC,Sul,0.9527901513594675,0.04720984864053246,1
4219200,2024,SC,Sul,0.9528397838537284,0.04716021614627164,1
3129400,2024,MG,Sudeste,0.9532265248722761,0.046773475127723896,1
3544202,2024,SP,Sudeste,0.9543658956833595,0.0456341043166405,1
4323101,2024,RS,Sul,0.9551003664192295,0.04489963358077054,0
5203609,2024,GO,Centro-Oeste,0.9556689747267232,0.044331025273276814,1
2300101,2024,CE,Nordeste,0.9559578508567635,0.04404214914323645,1
3114709,2024,MG,Sudeste,0.9560434439518225,0.0439565560481775,1
2301000,2024,CE,Nordeste,0.9563951648057274,0.043604835194272606,1
2207850,2024,PI,Nordeste,0.9564680715431545,0.0435319284568455,1
5220603,2024,GO,Centro-Oeste,0.9568927945652659,0.04310720543473412,1
4120853,2024,PR,Sul,0.9568955758731778,0.04310442412682225,1
2112704,2024,MA,Nordeste,0.9571640099158236,0.04283599008417638,1
3530201,2024,SP,Sudeste,0.9578165741189303,0.042183425881069714,1
3515301,2024,SP,Sudeste,0.9579707337258182,0.0420292662741818,1
4110953,2024,PR,Sul,0.9590144581465461,0.04098554185345393,1
2412104,2024,RN,Nordeste,0.9590426158951666,0.040957384104833405,1
5219456,2024,GO,Centro-Oeste,0.9591843018131849,0.040815698186815075,1
4123600,2024,PR,Sul,0.9598196411022747,0.04018035889772531,1
2307650,2024,CE,Nordeste,0.9602115129272288,0.03978848707277116,1
4302220,2024,RS,Sul,0.9603004835388856,0.03969951646111436,0
5205471,2024,GO,Centro-Oeste,0.9612240601949305,0.03877593980506955,1
4124202,2024,PR,Sul,0.9613362759415942,0.03866372405840579,1
2513208,2024,PB,Nordeste,0.9617407449164825,0.03825925508351746,1
4200903,2024,SC,Sul,0.9618268623919325,0.03817313760806751,1
2510402,2024,PB,Nordeste,0.9620249025801789,0.03797509741982108,1
4106555,2024,PR,Sul,0.9620729642660232,0.03792703573397682,1
5208103,2024,GO,Centro-Oeste,0.9623714311583186,0.03762856884168142,1
2208908,2024,PI,Nordeste,0.9624034120044278,0.037596587995572195,1
4309555,2024,RS,Sul,0.9629389090709131,0.03706109092908694,0
3555604,2024,SP,Sudeste,0.9631707813216025,0.0368292186783975,1
2611903,2024,PE,Nordeste,0.9633071796608955,0.03669282033910448,1
2201176,2024,PI,Nordeste,0.9633253428458267,0.036674657154173285,1
3542503,2024,SP,Sudeste,0.9638290577054279,0.03617094229457207,1
4323770,2024,RS,Sul,0.9642140262812793,0.03578597371872072,0
4113908,2024,PR,Sul,0.9646604246497917,0.03533957535020826,1
4317756,2024,RS,Sul,0.9647390135907947,0.035260986409205275,0
4117206,2024,PR,Sul,0.9649857752222784,0.03501422477772165,1
4204459,2024,SC,Sul,0.9651732553965654,0.0348267446034346,1
2313401,2024,CE,Nordeste,0.9656247765970597,0.0343752234029403,1
4306056,2024,RS,Sul,0.9658615495368792,0.034138450463120806,1
4110706,2024,PR,Sul,0.9663623553931504,0.03363764460684959,1
5214051,2024,GO,Centro-Oeste,0.966671342652008,0.03332865734799195,1
3146602,2024,MG,Sudeste,0.9667105440474542,0.03328945595254584,1
4300646,2024,RS,Sul,0.9669684162650263,0.033031583734973724,1
4205100,2024,SC,Sul,0.967075626356239,0.032924373643760996,1
4103008,2024,PR,Sul,0.9675221461794191,0.03247785382058088,1
2210300,2024,PI,Nordeste,0.9680138087965406,0.03198619120345936,1
3150505,2024,MG,Sudeste,0.9684561493135652,0.03154385068643484,1
3552551,2024,SP,Sudeste,0.9695631816549182,0.03043681834508183,1
4306320,2024,RS,Sul,0.9696200935983466,0.030379906401653445,1
2111748,2024,MA,Nordeste,0.9696374945838299,0.030362505416170138,1
4216701,2024,SC,Sul,0.9697146112886175,0.030285388711382533,1
3163904,2024,MG,Sudeste,0.9699063513890758,0.03009364861092423,1
4211801,2024,SC,Sul,0.969917605424034,0.030082394575965954,1
5214861,2024,GO,Centro-Oeste,0.9699650952716913,0.03003490472830872,1
4304655,2024,RS,Sul,0.9702328310440417,0.029767168955958323,0
4127205,2024,PR,Sul,0.9702459011795791,0.029754098820420904,1
5202601,2024,GO,Centro-Oeste,0.9712313661438526,0.028768633856147363,1
5200829,2024,GO,Centro-Oeste,0.9713775114512344,0.02862248854876559,1
3103702,2024,MG,Sudeste,0.9715477472673073,0.028452252732692696,1
5222005,2024,GO,Centro-Oeste,0.9722105074243345,0.027789492575665542,1
5103437,2024,MT,Centro-Oeste,0.9725152635991728,0.02748473640082716,1
3547106,2024,SP,Sudeste,0.9731077111298956,0.02689228887010442,1
2305803,2024,CE,Nordeste,0.9731119832629334,0.026888016737066645,1
5104203,2024,MT,Centro-Oeste,0.9732928363942531,0.026707163605746875,1
4122008,2024,PR,Sul,0.9736932879654048,0.026306712034595225,1
4107405,2024,PR,Sul,0.9741266640527214,0.025873335947278586,1
4308854,2024,RS,Sul,0.9745214801880456,0.02547851981195437,1
4103024,2024,PR,Sul,0.97465934678516,0.025340653214840025,1
4212601,2024,SC,Sul,0.9747344051103203,0.02526559488967972,1
5202353,2024,GO,Centro-Oeste,0.9749710177511627,0.025028982248837317,1
2515005,2024,PB,Nordeste,0.9752603177126247,0.02473968228737533,1
4302253,2024,RS,Sul,0.9756282596277226,0.024371740372277406,0
3535408,2024,SP,Sudeste,0.975902064620708,0.024097935379291946,1
3540853,2024,SP,Sudeste,0.9763858710934681,0.023614128906531917,1
5107248,2024,MT,Centro-Oeste,0.976605259760695,0.02339474023930499,1
3536901,2024,SP,Sudeste,0.9767763113575612,0.023223688642438844,1
2309607,2024,CE,Nordeste,0.9768627969678526,0.02313720303214739,1
5204300,2024,GO,Centro-Oeste,0.9769765842853794,0.023023415714620632,1
2512309,2024,PB,Nordeste,0.9771724822755008,0.022827517724499202,1
2301208,2024,CE,Nordeste,0.9772773927528846,0.02272260724711539,1
5218904,2024,GO,Centro-Oeste,0.9774516175234892,0.02254838247651081,1
5205059,2024,GO,Centro-Oeste,0.9775433617121184,0.02245663828788158,1
4107553,2024,PR,Sul,0.9776432473545005,0.022356752645499522,1
5213855,2024,GO,Centro-Oeste,0.9777208714766518,0.022279128523348235,1
3155009,2024,MG,Sudeste,0.9782577414937824,0.021742258506217582,1
4320701,2024,RS,Sul,0.978396896132109,0.021603103867890994,0
4315172,2024,RS,Sul,0.9784616509315424,0.02153834906845764,0
4312385,2024,RS,Sul,0.9786456960264959,0.02135430397350413,0
3204005,2024,ES,Sudeste,0.9786716065658646,0.021328393434135395,1
3514700,2024,SP,Sudeste,0.9788712181935737,0.0211287818064263,1
5108204,2024,MT,Centro-Oeste,0.9790083687351403,0.0209916312648597,1
4122305,2024,PR,Sul,0.9790085501935755,0.020991449806424534,1
4316204,2024,RS,Sul,0.9790141430689198,0.020985856931080238,0
3165008,2024,MG,Sudeste,0.9797201540546576,0.02027984594534238,1
5215256,2024,GO,Centro-Oeste,0.9799595327620128,0.020040467237987247,1
4213104,2024,SC,Sul,0.9800478144417023,0.019952185558297697,1
4106571,2024,PR,Sul,0.9801205839700288,0.01987941602997123,1
3203601,2024,ES,Sudeste,0.9801650706824014,0.01983492931759856,1
2508554,2024,PB,Nordeste,0.9805377552871966,0.019462244712803445,1
4311601,2024,RS,Sul,0.98081976041692,0.019180239583080017,0
4217956,2024,SC,Sul,0.9808827863888151,0.019117213611184902,1
3121506,2024,MG,Sudeste,0.9808873972577535,0.019112602742246465,1
3547007,2024,SP,Sudeste,0.981326600922878,0.018673399077121955,1
2205276,2024,PI,Nordeste,0.9813776315389241,0.0186223684610759,1
4120150,2024,PR,Sul,0.9813790139810338,0.018620986018966224,1
4117271,2024,PR,Sul,0.9814873084639113,0.0185126915360887,1
5204607,2024,GO,Centro-Oeste,0.9814921558715763,0.018507844128423656,1
5221502,2024,GO,Centro-Oeste,0.9815238404336657,0.018476159566334305,1
4219606,2024,SC,Sul,0.9816030757032319,0.01839692429676809,1
4100301,2024,PR,Sul,0.9818524297906593,0.018147570209340658,1
3510104,2024,SP,Sudeste,0.9819534250041381,0.01804657499586193,1
1501725,2024,PA,Norte,0.9820789066202675,0.017921093379732467,1
4201901,2024,SC,Sul,0.9821235126158478,0.01787648738415215,1
1302108,2024,AM,Norte,0.9822470716989756,0.017752928301024373,1
3534757,2024,SP,Sudeste,0.9823860642803002,0.017613935719699825,1
2202729,2024,PI,Nordeste,0.9831368284684168,0.016863171531583232,1
5203807,2024,GO,Centro-Oeste,0.9832425497858638,0.016757450214136216,1
4200556,2024,SC,Sul,0.9833449909997598,0.016655009000240195,1
2309508,2024,CE,Nordeste,0.9833976302324088,0.01660236976759122,1
4316303,2024,RS,Sul,0.9835012733251823,0.016498726674817665,0
5212055,2024,GO,Centro-Oeste,0.9837823434670562,0.016217656532943825,1
4124905,2024,PR,Sul,0.9838196062349932,0.016180393765006795,1
2603926,2024,PE,Nordeste,0.984045884392172,0.015954115607828,1
4307864,2024,RS,Sul,0.9840469440877271,0.015953055912272918,0
2501104,2024,PB,Nordeste,0.9841264745089472,0.01587352549105281,1
4122800,2024,PR,Sul,0.9841696381913432,0.015830361808656823,1
3147501,2024,MG,Sudeste,0.9844618914494243,0.015538108550575691,1
3106804,2024,MG,Sudeste,0.984869386701529,0.015130613298470985,1
3151909,2024,MG,Sudeste,0.9851924133192501,0.014807586680749885,1
4123105,2024,PR,Sul,0.9852726943768354,0.0147273056231646,1
2205953,2024,PI,Nordeste,0.9853504688390642,0.014649531160935814,1
2303402,2024,CE,Nordeste,0.9853985630080239,0.014601436991976136,1
4117453,2024,PR,Sul,0.9854967565459793,0.014503243454020653,1
4314498,2024,RS,Sul,0.9859593750725969,0.0140406249274031,0
4311908,2024,RS,Sul,0.9861283507251415,0.01387164927485851,1
2401651,2024,RN,Nordeste,0.986738953084292,0.013261046915707952,0
5214879,2024,GO,Centro-Oeste,0.9867518219718657,0.013248178028134272,1
4302204,2024,RS,Sul,0.9867663584420981,0.013233641557901854,0
2313708,2024,CE,Nordeste,0.9868272078831188,0.01317279211688116,1
5204003,2024,GO,Centro-Oeste,0.9868742339092529,0.013125766090747115,1
2203420,2024,PI,Nordeste,0.9871283394534953,0.012871660546504682,1
2312403,2024,CE,Nordeste,0.9872353793926177,0.01276462060738226,1
5218805,2024,GO,Centro-Oeste,0.987302374622321,0.012697625377679045,1
4217154,2024,SC,Sul,0.9873122065032417,0.012687793496758304,1
4208955,2024,SC,Sul,0.9874877339525998,0.012512266047400189,0
5219605,2024,GO,Centro-Oeste,0.9875780148304165,0.012421985169583483,1
4206751,2024,SC,Sul,0.9876276689729984,0.012372331027001637,1
2301901,2024,CE,Nordeste,0.9878278265340041,0.012172173465995861,1
5108956,2024,MT,Centro-Oeste,0.9878974390236109,0.012102560976389065,1
4112603,2024,PR,Sul,0.9879068599756012,0.012093140024398763,1
2311355,2024,CE,Nordeste,0.9882148830458239,0.011785116954176056,1
2306405,2024,CE,Nordeste,0.9884781527197486,0.011521847280251407,1
3202108,2024,ES,Sudeste,0.988609840051705,0.011390159948294953,1
4204400,2024,SC,Sul,0.988654992877749,0.01134500712225095,1
2610202,2024,PE,Nordeste,0.9891354884102715,0.010864511589728454,1
2205524,2024,PI,Nordeste,0.9893217570344182,0.010678242965581841,1
3545506,2024,SP,Sudeste,0.989441639223697,0.01055836077630301,1
2403905,2024,RN,Nordeste,0.9894471724092717,0.010552827590728286,1
2305704,2024,CE,Nordeste,0.989471125454457,0.010528874545542966,1
2308377,2024,CE,Nordeste,0.989639912587773,0.010360087412227048,1
4301701,2024,RS,Sul,0.9896751960880726,0.01032480391192736,0
4200804,2024,SC,Sul,0.9896906823153178,0.01030931768468224,1
3119906,2024,MG,Sudeste,0.9897758585251525,0.010224141474847515,1
3555901,2024,SP,Sudeste,0.9898481694827213,0.010151830517278748,1
3119955,2024,MG,Sudeste,0.9900467779673277,0.009953222032672349,1
2609105,2024,PE,Nordeste,0.9900830200041465,0.009916979995853503,1
5203939,2024,GO,Centro-Oeste,0.9900869916849796,0.0099130083150204,1
2306900,2024,CE,Nordeste,0.9905055917361353,0.009494408263864718,1
2306306,2024,CE,Nordeste,0.9905540894331308,0.009445910566869165,1
2612109,2024,PE,Nordeste,0.9905937623768256,0.009406237623174385,1
2509602,2024,PB,Nordeste,0.99072277032675,0.009277229673249954,1
3166956,2024,MG,Sudeste,0.9907657757397346,0.009234224260265433,1
5212006,2024,GO,Centro-Oeste,0.9907745275451572,0.009225472454842842,1
2205540,2024,PI,Nordeste,0.9910771531110826,0.008922846888917424,1
4312476,2024,RS,Sul,0.9911322635309666,0.008867736469033383,1
2500403,2024,PB,Nordeste,0.9913563748076439,0.008643625192356064,1
4106852,2024,PR,Sul,0.9913716629451176,0.008628337054882418,1
4300208,2024,RS,Sul,0.9913867899802354,0.008613210019764561,1
5219001,2024,GO,Centro-Oeste,0.9916088539395645,0.00839114606043545,1
4303673,2024,RS,Sul,0.9916115790438548,0.008388420956145226,1
5107750,2024,MT,Centro-Oeste,0.9916944426866177,0.008305557313382339,1
4126405,2024,PR,Sul,0.9919000863838129,0.008099913616187115,1
5218706,2024,GO,Centro-Oeste,0.9921824208631593,0.007817579136840669,1
2702306,2024,AL,Nordeste,0.9922292241840414,0.0077707758159586415,1
3553955,2024,SP,Sudeste,0.9922521010058201,0.007747898994179936,1
4118451,2024,PR,Sul,0.9922666068095436,0.007733393190456406,1
3543238,2024,SP,Sudeste,0.9924234084606804,0.007576591539319555,1
4313359,2024,RS,Sul,0.9924594421357757,0.007540557864224251,1
4315073,2024,RS,Sul,0.9924808886686339,0.0075191113313660685,1
4108650,2024,PR,Sul,0.9927458444851616,0.007254155514838434,1
3527108,2024,SP,Sudeste,0.992823434072658,0.007176565927341949,1
5220207,2024,GO,Centro-Oeste,0.9929609958953274,0.007039004104672619,1
4305504,2024,RS,Sul,0.9929734909277566,0.0070265090722434476,1
2309102,2024,CE,Nordeste,0.9930421495593483,0.0069578504406516695,1
4115853,2024,PR,Sul,0.993240501866374,0.006759498133625974,1
4215687,2024,SC,Sul,0.9934158525367524,0.006584147463247647,1
2708303,2024,AL,Nordeste,0.9934574981926234,0.006542501807376588,1
4315354,2024,RS,Sul,0.9935293074374749,0.006470692562525082,1
3549300,2024,SP,Sudeste,0.9936524370006425,0.006347562999357459,1
4215604,2024,SC,Sul,0.9937061295477753,0.006293870452224737,1
3528858,2024,SP,Sudeste,0.9937910968639416,0.006208903136058375,1
3200136,2024,ES,Sudeste,0.9938791390881835,0.006120860911816517,1
5215405,2024,GO,Centro-Oeste,0.9938974196264387,0.006102580373561262,1
5219506,2024,GO,Centro-Oeste,0.9939330703523893,0.006066929647610686,1
2504108,2024,PB,Nordeste,0.9939363423841427,0.006063657615857254,1
3536257,2024,SP,Sudeste,0.9941001344975716,0.005899865502428381,1
2200202,2024,PI,Nordeste,0.9941798581414761,0.005820141858523864,1
5219704,2024,GO,Centro-Oeste,0.9942508251068365,0.005749174893163511,1
2307403,2024,CE,Nordeste,0.994375592015796,0.0056244079842040495,1
4320263,2024,RS,Sul,0.9944395956769128,0.005560404323087242,1
4315206,2024,RS,Sul,0.9945737232750409,0.0054262767249591,1
2307007,2024,CE,Nordeste,0.9946268300535408,0.0053731699464592,1
3519105,2024,SP,Sudeste,0.9947394203708362,0.00526057962916382,1
2708105,2024,AL,Nordeste,0.9948083746476395,0.005191625352360507,1
3528809,2024,SP,Sudeste,0.9948507467104613,0.005149253289538747,1
3528106,2024,SP,Sudeste,0.9948771640291488,0.0051228359708511695,1
2201988,2024,PI,Nordeste,0.9948832223568779,0.005116777643122128,1
4117297,2024,PR,Sul,0.9949318086649633,0.005068191335036665,1
3160959,2024,MG,Sudeste,0.9950775264594102,0.0049224735405898334,1
2513000,2024,PB,Nordeste,0.9950946564961661,0.00490534350383387,1
4102208,2024,PR,Sul,0.9951009482160444,0.004899051783955555,1
3548302,2024,SP,Sudeste,0.9951419780771837,0.004858021922816258,1
4310579,2024,RS,Sul,0.9951454147259534,0.004854585274046586,0
5210158,2024,GO,Centro-Oeste,0.995161488385637,0.004838511614362995,1
2311504,2024,CE,Nordeste,0.995167693735496,0.004832306264504038,1
4313037,2024,RS,Sul,0.9951916460884181,0.004808353911581853,1
4201703,2024,SC,Sul,0.9951935445938603,0.004806455406139665,1
4213153,2024,SC,Sul,0.9952990244889119,0.004700975511088057,1
3130309,2024,MG,Sudeste,0.9954240572818083,0.004575942718191728,1
5106281,2024,MT,Centro-Oeste,0.9954744833235504,0.004525516676449626,1
2106375,2024,MA,Nordeste,0.9955516274305393,0.0044483725694607346,1
5211404,2024,GO,Centro-Oeste,0.9958251317522044,0.00417486824779556,1
3520806,2024,SP,Sudeste,0.9958298116048352,0.004170188395164809,1
2709301,2024,AL,Nordeste,0.9958847297245703,0.004115270275429683,1
2201556,2024,PI,Nordeste,0.9960232358741902,0.0039767641258098285,1
3203304,2024,ES,Sudeste,0.9961389344758599,0.003861065524140117,1
4103156,2024,PR,Sul,0.9964326645889598,0.003567335411040151,1
2303907,2024,CE,Nordeste,0.9964830058596209,0.0035169941403790927,1
3200102,2024,ES,Sudeste,0.9966417416862836,0.003358258313716389,1
2200608,2024,PI,Nordeste,0.9967012229287254,0.0032987770712745723,1
2502052,2024,PB,Nordeste,0.9967186525933603,0.0032813474066396564,1
2306504,2024,CE,Nordeste,0.9968316907206786,0.003168309279321435,1
2307601,2024,CE,Nordeste,0.9969125898936854,0.0030874101063146364,1
4119251,2024,PR,Sul,0.9969809344714627,0.003019065528537257,1
3168200,2024,MG,Sudeste,0.9970141058821622,0.002985894117837784,1
4323606,2024,RS,Sul,0.9971444241160611,0.002855575883938921,1
4107538,2024,PR,Sul,0.9971751270614865,0.002824872938513523,1
5216304,2024,GO,Centro-Oeste,0.9972794045592183,0.0027205954407817368,1
5200506,2024,GO,Centro-Oeste,0.9973174168987798,0.0026825831012201595,1
2513984,2024,PB,Nordeste,0.9973571584791975,0.002642841520802519,1
4307450,2024,RS,Sul,0.9973731956331545,0.002626804366845481,1
2503100,2024,PB,Nordeste,0.9975471561445791,0.002452843855420883,1
4310652,2024,RS,Sul,0.9975912920697677,0.00240870793023229,1
5219712,2024,GO,Centro-Oeste,0.9976253630566755,0.002374636943324515,1
3528304,2024,SP,Sudeste,0.997628029732,0.0023719702679999566,1
3544707,2024,SP,Sudeste,0.9976659994251234,0.002334000574876649,1
2209955,2024,PI,Nordeste,0.9977225459496966,0.00227745405030344,1
2301950,2024,CE,Nordeste,0.9978726135164585,0.0021273864835414935,1
4216255,2024,SC,Sul,0.9979135069300198,0.002086493069980211,1
2302404,2024,CE,Nordeste,0.9979739298824262,0.0020260701175738305,1
5206800,2024,GO,Centro-Oeste,0.997989144115785,0.0020108558842150126,1
2203230,2024,PI,Nordeste,0.997989688385729,0.00201031161427101,1
2512507,2024,PB,Nordeste,0.9980133485851563,0.0019866514148436654,1
2703759,2024,AL,Nordeste,0.9980599731572408,0.0019400268427591794,1
3546504,2024,SP,Sudeste,0.9980658300881727,0.001934169911827266,1
2206753,2024,PI,Nordeste,0.9980790232003206,0.001920976799679397,1
4201273,2024,SC,Sul,0.9981103030110009,0.001889696988999101,1
4101150,2024,PR,Sul,0.9981229945943146,0.0018770054056853613,1
5221700,2024,GO,Centro-Oeste,0.9982073603534539,0.0017926396465460792,1
2509156,2024,PB,Nordeste,0.9982492480183996,0.0017507519816003514,1
4315552,2024,RS,Sul,0.9982623629308802,0.0017376370691197796,1
5207501,2024,GO,Centro-Oeste,0.9983292555324816,0.0016707444675183591,1
5205703,2024,GO,Centro-Oeste,0.9983320158680143,0.0016679841319856559,1
2310100,2024,CE,Nordeste,0.9984219919982402,0.0015780080017597786,1
2210052,2024,PI,Nordeste,0.9984675260008131,0.0015324739991868785,1
2306801,2024,CE,Nordeste,0.9985104654796849,0.0014895345203150834,1
3507753,2024,SP,Sudeste,0.9985223202254505,0.0014776797745494896,1
5214705,2024,GO,Centro-Oeste,0.998531537476208,0.001468462523791958,1
2300804,2024,CE,Nordeste,0.9985334271362978,0.0014665728637022202,1
3532108,2024,SP,Sudeste,0.9985673699095517,0.0014326300904482503,1
3149408,2024,MG,Sudeste,0.9985750340159817,0.0014249659840183115,1
2206902,2024,PI,Nordeste,0.9987513925826031,0.001248607417396852,1
2306553,2024,CE,Nordeste,0.9987684160510536,0.001231583948946402,1
3555109,2024,SP,Sudeste,0.9987782203597857,0.0012217796402143044,1
4321329,2024,RS,Sul,0.9988155352578935,0.001184464742106539,1
3529104,2024,SP,Sudeste,0.9988653499078805,0.001134650092119549,1
5201603,2024,GO,Centro-Oeste,0.9988701770311891,0.001129822968810923,1
2311603,2024,CE,Nordeste,0.9988730657391675,0.0011269342608325461,1
2303303,2024,CE,Nordeste,0.9988895869817124,0.001110413018287626,1
2306009,2024,CE,Nordeste,0.9988970643678452,0.0011029356321548,1
2314003,2024,CE,Nordeste,0.9989449175331028,0.001055082466897228,1
4322905,2024,RS,Sul,0.9989731704002854,0.0010268295997145627,1
2314102,2024,CE,Nordeste,0.9989794781008409,0.0010205218991591325,1
2505709,2024,PB,Nordeste,0.998987503837466,0.0010124961625339601,1
2513505,2024,PB,Nordeste,0.999041338725537,0.0009586612744629797,1
2504405,2024,PB,Nordeste,0.9990427359374828,0.0009572640625171713,1
4313003,2024,RS,Sul,0.999045657734654,0.0009543422653459643,1
2202026,2024,PI,Nordeste,0.9990610090009188,0.0009389909990812351,1
4210902,2024,SC,Sul,0.9990663704530731,0.000933629546926884,1
2202133,2024,PI,Nordeste,0.9990768741178717,0.000923125882128284,1
2311306,2024,CE,Nordeste,0.999123137716423,0.0008768622835769735,1
2311207,2024,CE,Nordeste,0.9991568867265254,0.0008431132734746383,1
4202578,2024,SC,Sul,0.9991868173174345,0.000813182682565472,1
4217550,2024,SC,Sul,0.9992240912443779,0.0007759087556220567,1
3540101,2024,SP,Sudeste,0.9992553635060238,0.0007446364939761585,1
5209291,2024,GO,Centro-Oeste,0.9992635955961839,0.00073640440381606,1
2306207,2024,CE,Nordeste,0.9992862148180486,0.0007137851819514207,1
3537107,2024,SP,Sudeste,0.9992960928272885,0.0007039071727115154,1
5106703,2024,MT,Centro-Oeste,0.9993122853952565,0.0006877146047434834,1
2211605,2024,PI,Nordeste,0.9993124288782761,0.0006875711217239067,1
2210201,2024,PI,Nordeste,0.9993339950186578,0.000666004981342172,1
2302503,2024,CE,Nordeste,0.9993351861502203,0.0006648138497796774,1
2311801,2024,CE,Nordeste,0.999356505246359,0.0006434947536410052,1
2413805,2024,RN,Nordeste,0.9993598219829704,0.0006401780170296467,1
2301109,2024,CE,Nordeste,0.9993835740921688,0.0006164259078311751,1
5205406,2024,GO,Centro-Oeste,0.9994047615609444,0.0005952384390556231,1
2202737,2024,PI,Nordeste,0.9994155951223954,0.0005844048776045829,1
2301802,2024,CE,Nordeste,0.9994313605146529,0.0005686394853471333,1
5218607,2024,GO,Centro-Oeste,0.9994382879715961,0.0005617120284039379,1
3515905,2024,SP,Sudeste,0.9994523445847432,0.0005476554152568092,1
2513307,2024,PB,Nordeste,0.999484959686803,0.000515040313197046,1
5202809,2024,GO,Centro-Oeste,0.999495012348949,0.0005049876510510032,1
2308500,2024,CE,Nordeste,0.9995419227384177,0.00045807726158231254,1
2313500,2024,CE,Nordeste,0.999543623034779,0.0004563769652210503,1
2304806,2024,CE,Nordeste,0.9995476606429635,0.00045233935703647976,1
2304285,2024,CE,Nordeste,0.9995509908275919,0.000449009172408088,1
2304277,2024,CE,Nordeste,0.999560198241021,0.0004398017589789527,1
2209856,2024,PI,Nordeste,0.9996048555380809,0.000395144461919128,1
2700904,2024,AL,Nordeste,0.9996474793927247,0.00035252060727530843,1
5219100,2024,GO,Centro-Oeste,0.9996543076648097,0.0003456923351903285,1
5201306,2024,GO,Centro-Oeste,0.9996619400969988,0.0003380599030011755,1
2309805,2024,CE,Nordeste,0.999669810393772,0.000330189606227993,1
2311108,2024,CE,Nordeste,0.9996815733978407,0.0003184266021593052,1
4323705,2024,RS,Sul,0.9996855110524147,0.0003144889475853452,1
2205532,2024,PI,Nordeste,0.9996859106918243,0.00031408930817566905,1
3546108,2024,SP,Sudeste,0.9996871324839732,0.0003128675160267713,1
3521606,2024,SP,Sudeste,0.9996871324839732,0.0003128675160267713,1
2310407,2024,CE,Nordeste,0.9997120808852905,0.0002879191147094895,1
1600709,2024,AP,Norte,0.9997230534148295,0.0002769465851705233,1
2201572,2024,PI,Nordeste,0.9997585275239559,0.00024147247604411337,1
2101350,2024,MA,Nordeste,0.9997720266576392,0.0002279733423607988,1
2204154,2024,PI,Nordeste,0.999792341298012,0.00020765870198802272,1
5209457,2024,GO,Centro-Oeste,0.999796167921065,0.00020383207893504007,1
2313252,2024,CE,Nordeste,0.9997967296104551,0.00020327038954492949,1
2302800,2024,CE,Nordeste,0.9998117947280972,0.00018820527190277492,1
2313302,2024,CE,Nordeste,0.9998156639360669,0.0001843360639330882,1
2310704,2024,CE,Nordeste,0.999832341497285,0.00016765850271505123,1
2201002,2024,PI,Nordeste,0.9998347453214693,0.00016525467853067966,1
2208858,2024,PI,Nordeste,0.9998354860861268,0.0001645139138731766,1
4315131,2024,RS,Sul,0.9998406520177182,0.00015934798228178781,1
4305405,2024,RS,Sul,0.9998451321363092,0.00015486786369078853,1
4315008,2024,RS,Sul,0.9998528418669003,0.00014715813309973402,1
4315057,2024,RS,Sul,0.9998590438276606,0.0001409561723394459,1
2304269,2024,CE,Nordeste,0.99986323012964,0.00013676987036004284,1
2308005,2024,CE,Nordeste,0.9998648459463757,0.0001351540536242979,1
2313559,2024,CE,Nordeste,0.9998648459463757,0.0001351540536242979,1
2305308,2024,CE,Nordeste,0.9998690811154306,0.0001309188845693976,1
2303956,2024,CE,Nordeste,0.9998696617151765,0.00013033828482345022,1
5207600,2024,GO,Centro-Oeste,0.9998712221758627,0.0001287778241373383,1
2306108,2024,CE,Nordeste,0.9998729996378737,0.00012700036212631716,1
2313609,2024,CE,Nordeste,0.9998749600197961,0.00012503998020385598,1
3552601,2024,SP,Sudeste,0.9998871798082656,0.0001128201917344196,1
2310803,2024,CE,Nordeste,0.9998975530852527,0.0001024469147472562,1
2306702,2024,CE,Nordeste,0.9998982338466305,0.00010176615336954242,1
2310258,2024,CE,Nordeste,0.999899358412189,0.00010064158781097898,1
2304459,2024,CE,Nordeste,0.9999017889109111,9.821108908891762e-05,1
2300705,2024,CE,Nordeste,0.999902874195094,9.712580490595091e-05,1
2204303,2024,PI,Nordeste,0.9999040584675303,9.594153246972326e-05,1
2302057,2024,CE,Nordeste,0.9999054987182739,9.450128172605599e-05,1
2311959,2024,CE,Nordeste,0.9999120497654062,8.795023459384765e-05,1
2312205,2024,CE,Nordeste,0.999913537009978,8.646299002201818e-05,1
2312304,2024,CE,Nordeste,0.9999150606909647,8.493930903530345e-05,1
2504207,2024,PB,Nordeste,0.9999184383127321,8.156168726791702e-05,1
2506509,2024,PB,Nordeste,0.9999207829648487,7.921703515134659e-05,1
2310209,2024,CE,Nordeste,0.9999254989968286,7.450100317141217e-05,1
2312106,2024,CE,Nordeste,0.9999309211376741,6.907886232587757e-05,1
5101001,2024,MT,Centro-Oeste,0.9999321565950449,6.784340495513685e-05,1
2307809,2024,CE,Nordeste,0.9999359486834555,6.405131654452223e-05,1
4319364,2024,RS,Sul,0.9999384019795697,6.159802043026463e-05,1
2302602,2024,CE,Nordeste,0.9999389608971225,6.103910287746928e-05,1
4207577,2024,SC,Sul,0.9999490978328679,5.090216713210527e-05,1
2204808,2024,PI,Nordeste,0.9999515059682029,4.849403179707501e-05,1
2505006,2024,PB,Nordeste,0.9999518246840745,4.8175315925491624e-05,1
2300606,2024,CE,Nordeste,0.9999553839819901,4.4616018009868696e-05,1
2304905,2024,CE,Nordeste,0.9999556440692481,4.4355930751915906e-05,1
2308351,2024,CE,Nordeste,0.9999614395598048,3.856044019523441e-05,1
3504701,2024,SP,Sudeste,0.9999623665201715,3.7633479828547145e-05,1
2304202,2024,CE,Nordeste,0.9999625938126097,3.740618739034307e-05,1
2303808,2024,CE,Nordeste,0.9999626479975916,3.735200240839731e-05,1
2308807,2024,CE,Nordeste,0.9999630357774881,3.696422251187048e-05,1
2209104,2024,PI,Nordeste,0.9999670828157498,3.2917184250247367e-05,1
2303931,2024,CE,Nordeste,0.9999691018305724,3.08981694275845e-05,1
2305001,2024,CE,Nordeste,0.9999703135440495,2.9686455950472812e-05,1
2300200,2024,CE,Nordeste,0.9999707280198127,2.927198018731758e-05,1
2304103,2024,CE,Nordeste,0.9999710515126432,2.8948487356794672e-05,1
2202109,2024,PI,Nordeste,0.9999713408846455,2.8659115354545683e-05,1
5214101,2024,GO,Centro-Oeste,0.999971839672147,2.8160327853021805e-05,1
2205607,2024,PI,Nordeste,0.999972889869032,2.711013096801107e-05,1
2307635,2024,CE,Nordeste,0.9999730792273486,2.692077265142867e-05,1
2312007,2024,CE,Nordeste,0.9999747218209475,2.5278179052512506e-05,1
2307254,2024,CE,Nordeste,0.9999769747010814,2.3025298918621928e-05,1
2305332,2024,CE,Nordeste,0.9999775145132774,2.248548672256767e-05,1
2312502,2024,CE,Nordeste,0.9999783821978883,2.1617802111739692e-05,1
2304509,2024,CE,Nordeste,0.9999795787821324,2.0421217867605534e-05,1
2510600,2024,PB,Nordeste,0.9999796176671457,2.0382332854285146e-05,1
2305233,2024,CE,Nordeste,0.9999827401500735,1.725984992650975e-05,1
2305902,2024,CE,Nordeste,0.999983732876814,1.6267123186031185e-05,1
2305100,2024,CE,Nordeste,0.9999837877755956,1.62122244043994e-05,1
2312700,2024,CE,Nordeste,0.999984359490571,1.564050942903794e-05,1
2304301,2024,CE,Nordeste,0.9999854550532885,1.4544946711492202e-05,1
2313203,2024,CE,Nordeste,0.9999860045156285,1.3995484371531752e-05,1
2202091,2024,PI,Nordeste,0.9999866877922486,1.3312207751359217e-05,1
2313955,2024,CE,Nordeste,0.9999887187406782,1.1281259321815895e-05,1
2304251,2024,CE,Nordeste,0.9999906675560336,9.332443966392212e-06,1
2311009,2024,CE,Nordeste,0.9999912306384183,8.769361581673074e-06,1
2201903,2024,PI,Nordeste,0.9999915156914959,8.484308504086435e-06,1
2302305,2024,CE,Nordeste,0.9999916430668262,8.35693317380315e-06,1
2311231,2024,CE,Nordeste,0.9999935135576555,6.486442344466603e-06,1
2309300,2024,CE,Nordeste,0.9999940432193362,5.956780663840533e-06,1
2309003,2024,CE,Nordeste,0.9999943526438234,5.647356176585738e-06,1
2513943,2024,PB,Nordeste,0.9999947465618666,5.253438133401289e-06,1
2304608,2024,CE,Nordeste,0.9999950320822025,4.967917797471522e-06,1
2305209,2024,CE,Nordeste,0.9999950615190452,4.9384809548413955e-06,1
5102793,2024,MT,Centro-Oeste,0.9999952147461681,4.785253831851577e-06,1
2313906,2024,CE,Nordeste,0.999995881140237,4.1188597630359425e-06,1
3556958,2024,SP,Sudeste,0.999995926057622,4.073942378002293e-06,1
2308609,2024,CE,Nordeste,0.9999965135634378,3.4864365622278015e-06,1
5213905,2024,GO,Centro-Oeste,0.9999966658439361,3.3341560639055245e-06,1
2308906,2024,CE,Nordeste,0.9999975387877824,2.461212217585995e-06,1
2311405,2024,CE,Nordeste,0.9999978571713056,2.142828694373655e-06,1
2310902,2024,CE,Nordeste,0.9999979953926968,2.004607303152106e-06,1
2311702,2024,CE,Nordeste,0.9999980981442294,1.901855770647387e-06,1
2309904,2024,CE,Nordeste,0.9999984091067343,1.590893265679405e-06,1
5101209,2024,MT,Centro-Oeste,0.9999985074579695,1.4925420305234027e-06,1
2309409,2024,CE,Nordeste,0.9999985412010766,1.4587989234371435e-06,1
2303659,2024,CE,Nordeste,0.9999985732669786,1.4267330213924012e-06,1
2312908,2024,CE,Nordeste,0.999998679090766,1.3209092339927508e-06,1
2311264,2024,CE,Nordeste,0.9999986829783493,1.3170216507374377e-06,1
2206506,2024,PI,Nordeste,0.9999987620795315,1.2379204684664913e-06,1
2308203,2024,CE,Nordeste,0.9999988232646055,1.1767353944591719e-06,1
2307908,2024,CE,Nordeste,0.9999989360364057,1.0639635943388015e-06,1
2207207,2024,PI,Nordeste,0.9999989621814381,1.037818561866466e-06,1
2304707,2024,CE,Nordeste,0.9999990105643266,9.894356733930465e-07,1
2303006,2024,CE,Nordeste,0.9999990913588176,9.086411824066332e-07,1
2310506,2024,CE,Nordeste,0.9999991686545774,8.313454226138717e-07,1
2306603,2024,CE,Nordeste,0.9999991869284167,8.130715832832536e-07,1
2305605,2024,CE,Nordeste,0.99999922916356,7.708364400116352e-07,1
2301604,2024,CE,Nordeste,0.9999995671812539,4.3281874606559967e-07,1
2303105,2024,CE,Nordeste,0.9999996687480097,3.3125199028205543e-07,1
2301257,2024,CE,Nordeste,0.9999997049033429,2.950966571102498e-07,1
2313005,2024,CE,Nordeste,0.9999997986566512,2.013433487713101e-07,1
2304657,2024,CE,Nordeste,0.9999998531518521,1.4684814786392053e-07,1
2305654,2024,CE,Nordeste,0.9999998984609509,1.0153904905774169e-07,1
2304236,2024,CE,Nordeste,0.9999999026596514,9.734034855934937e-08,1
2312809,2024,CE,Nordeste,0.9999999111378767,8.8862123326372e-08,1
2300507,2024,CE,Nordeste,0.9999999359053925,6.409460751033436e-08,1
2309201,2024,CE,Nordeste,0.9999999763727211,2.362727891114247e-08,1
2304350,2024,CE,Nordeste,0.999999993842233,6.1577669629997445e-09,1
2310951,2024,CE,Nordeste,0.9999999974801002,2.519899844344309e-09,1
2304004,2024,CE,Nordeste,0.9999999983222074,1.6777925715416586e-09,1
