id_municipio,sigla_uf,regiao,taxa_alfabetizacao,prob_risco,prioridade
2924405,BA,Nordeste,22.51,0.9901908057595366,prioritário
2916609,BA,Nordeste,36.62,0.9868079379795535,prioritário
2902401,BA,Nordeste,33.61,0.9864031985053214,prioritário
2902302,BA,Nordeste,60.0,0.9862852011996058,prioritário
2900900,BA,Nordeste,23.91,0.9843970849843461,prioritário
2907202,BA,Nordeste,20.93,0.9837193682878838,prioritário
2915304,BA,Nordeste,25.0,0.9832207573000309,prioritário
2919009,BA,Nordeste,21.21,0.9831339413941509,prioritário
2908606,BA,Nordeste,28.14,0.980449662180527,prioritário
2910008,BA,Nordeste,41.07,0.9797377127982431,prioritário
2915809,BA,Nordeste,26.98,0.9795197724509026,prioritário
2924108,BA,Nordeste,13.33,0.9788429639302727,prioritário
2910909,BA,Nordeste,23.26,0.9777212204489916,prioritário
2922706,BA,Nordeste,50.0,0.9774356031193266,prioritário
2918308,BA,Nordeste,40.82,0.9770573372306132,prioritário
2915908,BA,Nordeste,24.53,0.9770204696665666,prioritário
2919900,BA,Nordeste,12.5,0.9749139222063324,prioritário
2924207,BA,Nordeste,20.45,0.9748861924525012,prioritário
2910503,BA,Nordeste,32.55,0.9746645168771397,prioritário
2901353,BA,Nordeste,28.44,0.9730471133530758,prioritário
2917805,BA,Nordeste,46.85,0.9724462441756914,prioritário
2932309,BA,Nordeste,41.9,0.9712720120635461,prioritário
2916302,BA,Nordeste,23.44,0.9710510815304699,prioritário
2929305,BA,Nordeste,24.63,0.97079208486869,prioritário
2401859,RN,Nordeste,26.47,0.9707252941930015,prioritário
2929354,BA,Nordeste,27.27,0.9697250463171675,prioritário
2907400,BA,Nordeste,25.71,0.9689140808250913,prioritário
2920601,BA,Nordeste,54.49,0.9688444882128442,prioritário
2921500,BA,Nordeste,27.49,0.9685404076411901,prioritário
2917003,BA,Nordeste,21.05,0.9682747230200973,prioritário
2920007,BA,Nordeste,32.56,0.9681983225598448,prioritário
2915403,BA,Nordeste,15.25,0.9681196565488178,prioritário
2903102,BA,Nordeste,39.62,0.9676946317361673,prioritário
2930501,BA,Nordeste,19.92,0.9674745020069282,prioritário
2904902,BA,Nordeste,33.06,0.967093579225079,prioritário
2905909,BA,Nordeste,28.04,0.9667892235825114,prioritário
2910602,BA,Nordeste,23.96,0.966497178593294,prioritário
2901908,BA,Nordeste,16.52,0.9664219446858462,prioritário
2921708,BA,Nordeste,28.31,0.966170329730417,prioritário
2933059,BA,Nordeste,20.73,0.9660500603787332,prioritário
2924678,BA,Nordeste,42.86,0.9660397618790744,prioritário
2912301,BA,Nordeste,50.0,0.9655219939663524,prioritário
2800704,SE,Nordeste,34.6,0.9654439234139816,prioritário
2914653,BA,Nordeste,24.92,0.9652062643734212,prioritário
2922607,BA,Nordeste,50.52,0.9642269848800499,prioritário
2916401,BA,Nordeste,32.22,0.9638478225865061,prioritário
2906303,BA,Nordeste,28.68,0.9631063386225835,prioritário
2928059,BA,Nordeste,28.42,0.9625257378228332,prioritário
2906402,BA,Nordeste,30.77,0.9625061398994669,prioritário
2906501,BA,Nordeste,36.67,0.961844181134919,prioritário
2925253,BA,Nordeste,36.99,0.961372705070391,prioritário
2931400,BA,Nordeste,30.56,0.9603688028336334,prioritário
2902104,BA,Nordeste,24.47,0.9601088968199506,prioritário
2910701,BA,Nordeste,32.37,0.9600755237595676,prioritário
2918506,BA,Nordeste,43.44,0.9599401370223739,prioritário
2905602,BA,Nordeste,24.61,0.9587464907677206,prioritário
2930402,BA,Nordeste,36.67,0.9582725388784117,prioritário
2802205,SE,Nordeste,26.0,0.9577461140538753,prioritário
2915502,BA,Nordeste,34.09,0.9575885415703517,prioritário
2929008,BA,Nordeste,31.33,0.9571645698472789,prioritário
2914802,BA,Nordeste,29.75,0.9568239156221218,prioritário
2933604,BA,Nordeste,32.25,0.9560597883695161,prioritário
2926004,BA,Nordeste,35.26,0.9551941559473879,prioritário
2913705,BA,Nordeste,30.13,0.9548753162889293,prioritário
2804201,SE,Nordeste,35.07,0.9547878257433258,prioritário
2902203,BA,Nordeste,17.95,0.9541725871869811,prioritário
2907905,BA,Nordeste,31.09,0.9540177913962322,prioritário
2906105,BA,Nordeste,29.55,0.9538895134616975,prioritário
2928604,BA,Nordeste,36.96,0.9538227860987261,prioritário
2931103,BA,Nordeste,30.67,0.9537858633718698,prioritário
2800209,SE,Nordeste,20.53,0.9537232865917531,prioritário
2912103,BA,Nordeste,37.95,0.9536618048926409,prioritário
2926657,BA,Nordeste,52.63,0.9536497566533044,prioritário
2907608,BA,Nordeste,25.64,0.9534473536487231,prioritário
2903201,BA,Nordeste,36.09,0.9526038573703556,prioritário
2925907,BA,Nordeste,34.85,0.952202657129429,prioritário
2900306,BA,Nordeste,59.14,0.952168506711201,prioritário
2408300,RN,Nordeste,28.42,0.9518195930351351,prioritário
2905404,BA,Nordeste,32.87,0.9518066780700128,prioritário
2925303,BA,Nordeste,45.5,0.9515812400576664,prioritário
2805109,SE,Nordeste,11.52,0.9514393999610156,prioritário
2933505,BA,Nordeste,31.17,0.9511204059693055,prioritário
2927507,BA,Nordeste,31.58,0.950935157309612,prioritário
2902252,BA,Nordeste,13.11,0.9503348493990321,prioritário
2901155,BA,Nordeste,43.23,0.950304839737717,prioritário
2928406,BA,Nordeste,32.05,0.9498597625634485,prioritário
2912707,BA,Nordeste,22.06,0.949460977414435,prioritário
2931202,BA,Nordeste,47.52,0.9492108432779692,prioritário
2913457,BA,Nordeste,43.64,0.9491211983134316,prioritário
2918555,BA,Nordeste,31.58,0.9489825757658548,prioritário
2932200,BA,Nordeste,31.13,0.9489010322218593,prioritário
2926301,BA,Nordeste,38.37,0.9488463060380637,prioritário
2920908,BA,Nordeste,26.73,0.9486063074662104,prioritário
2931608,BA,Nordeste,44.76,0.9476023863358057,prioritário
2917508,BA,Nordeste,28.49,0.9475241264374374,prioritário
2908002,BA,Nordeste,39.13,0.9472628212951768,prioritário
2807105,SE,Nordeste,30.35,0.9466688744586241,prioritário
2916500,BA,Nordeste,51.23,0.9463235391356976,prioritário
2932457,BA,Nordeste,22.95,0.9457509088120307,prioritário
2905800,BA,Nordeste,28.39,0.9455155448068371,prioritário
2930105,BA,Nordeste,24.02,0.944600101292364,prioritário
2914000,BA,Nordeste,34.46,0.9443600984201099,prioritário
2906808,BA,Nordeste,23.19,0.9442244851441407,prioritário
2929370,BA,Nordeste,28.41,0.9438649194793537,prioritário
2926509,BA,Nordeste,33.95,0.9426580913807082,prioritário
2931509,BA,Nordeste,29.57,0.9421992102708597,prioritário
2919207,BA,Nordeste,28.75,0.942131209985863,prioritário
2918803,BA,Nordeste,45.45,0.9417373034239821,prioritário
2919157,BA,Nordeste,25.25,0.9415079865701015,prioritário
2903409,BA,Nordeste,33.93,0.9414387093161006,prioritário
2910404,BA,Nordeste,37.25,0.9411799094243011,prioritário
1709005,TO,Norte,38.49,0.9405464653011528,prioritário
2902708,BA,Nordeste,28.48,0.9404931787799431,prioritário
2932408,BA,Nordeste,27.71,0.9404832872540547,prioritário
2911006,BA,Nordeste,41.03,0.940352630032614,prioritário
2917904,BA,Nordeste,36.08,0.940167838571385,prioritário
2412302,RN,Nordeste,49.42,0.9400864251548502,prioritário
2922250,BA,Nordeste,22.03,0.9400146235096788,prioritário
2909901,BA,Nordeste,22.94,0.9397100058053133,prioritário
2927705,BA,Nordeste,37.36,0.9395910523819795,prioritário
2403756,RN,Nordeste,58.82,0.9391400984958113,prioritário
2914901,BA,Nordeste,31.19,0.938802832279822,prioritário
2915205,BA,Nordeste,44.21,0.9386579849053053,prioritário
2919603,BA,Nordeste,30.14,0.9384899376788235,prioritário
2924009,BA,Nordeste,30.51,0.9384404108435146,prioritário
2923209,BA,Nordeste,39.29,0.937557527417153,prioritário
2802700,SE,Nordeste,16.26,0.9374181260072261,prioritário
2905107,BA,Nordeste,36.71,0.9372912654679258,prioritário
2916104,BA,Nordeste,28.57,0.9372510796535993,prioritário
2919108,BA,Nordeste,19.57,0.9371914732381326,prioritário
2906873,BA,Nordeste,29.34,0.9368203701131363,prioritário
2932507,BA,Nordeste,58.16,0.9366537163504998,prioritário
2925402,BA,Nordeste,27.54,0.9365730507114183,prioritário
2912905,BA,Nordeste,37.44,0.9363085744125664,prioritário
2918100,BA,Nordeste,29.53,0.9363041398584343,prioritário
2911105,BA,Nordeste,28.21,0.9359914226415385,prioritário
2806305,SE,Nordeste,22.15,0.9358467826481288,prioritário
2907004,BA,Nordeste,33.04,0.9356763173295999,prioritário
2933109,BA,Nordeste,43.64,0.9354392692216059,prioritário
2921203,BA,Nordeste,36.96,0.9351742713579898,prioritário
2913606,BA,Nordeste,26.35,0.9350581063367934,prioritário
2931905,BA,Nordeste,35.55,0.934987214385871,prioritário
2915106,BA,Nordeste,23.53,0.9343413669330392,prioritário
2925501,BA,Nordeste,28.97,0.9338699184547609,prioritário
2912608,BA,Nordeste,15.62,0.9336611207532052,prioritário
2412807,RN,Nordeste,25.47,0.9335687215714766,prioritário
2930766,BA,Nordeste,42.47,0.9334925892021635,prioritário
2900405,BA,Nordeste,30.43,0.9332562448453536,prioritário
2927200,BA,Nordeste,27.94,0.9331570772437485,prioritário
2906709,BA,Nordeste,30.86,0.9330229273369646,prioritário
2904050,BA,Nordeste,34.0,0.9328364543804295,prioritário
2932101,BA,Nordeste,38.93,0.93277220701093,prioritário
2929800,BA,Nordeste,20.73,0.932650828402995,prioritário
2413201,RN,Nordeste,27.46,0.9326455186819991,prioritário
2930204,BA,Nordeste,24.24,0.9325313425940135,prioritário
2924058,BA,Nordeste,39.22,0.9325100295967739,prioritário
2913804,BA,Nordeste,46.51,0.9321299959935034,prioritário
2911857,BA,Nordeste,36.36,0.9315675923416659,prioritário
1200435,AC,Norte,15.62,0.9315665654239161,prioritário
2932804,BA,Nordeste,33.04,0.9307603560903052,prioritário
2401206,RN,Nordeste,31.22,0.9306500733612135,prioritário
2932705,BA,Nordeste,26.42,0.9304435636963458,prioritário
2933000,BA,Nordeste,37.25,0.9303330718326551,prioritário
1507201,PA,Norte,32.97,0.9302571555716685,prioritário
2800670,SE,Nordeste,33.02,0.9301028710399186,prioritário
2917706,BA,Nordeste,40.77,0.9300661124921985,prioritário
2907558,BA,Nordeste,50.85,0.9300537220083057,prioritário
2921609,BA,Nordeste,28.89,0.9299207664541271,prioritário
2910727,BA,Nordeste,38.37,0.9296931992594264,prioritário
2920809,BA,Nordeste,18.57,0.9296272624617381,prioritário
2910800,BA,Nordeste,33.19,0.9292844640997917,prioritário
2921302,BA,Nordeste,46.05,0.9292553830526207,prioritário
2805703,SE,Nordeste,29.59,0.9291826211279388,prioritário
2902054,BA,Nordeste,38.26,0.9290391495422221,prioritário
2908903,BA,Nordeste,21.3,0.9290182057632766,prioritário
2918209,BA,Nordeste,46.67,0.9290026384772441,prioritário
2924900,BA,Nordeste,42.86,0.9289825899877168,prioritário
2903607,BA,Nordeste,29.82,0.9289541513916226,prioritário
2925105,BA,Nordeste,42.93,0.9285170464140923,prioritário
2929602,BA,Nordeste,64.52,0.9283182106608031,prioritário
2902609,BA,Nordeste,36.78,0.9283116996687344,prioritário
2801207,SE,Nordeste,26.66,0.9281478586143348,prioritário
2917334,BA,Nordeste,25.53,0.928047019597194,prioritário
2908507,BA,Nordeste,37.5,0.9280233408695876,prioritário
2911204,BA,Nordeste,47.2,0.9277176585491046,prioritário
2915353,BA,Nordeste,32.8,0.9275810172341734,prioritário
2922755,BA,Nordeste,48.98,0.92750427224728,prioritário
2904803,BA,Nordeste,50.0,0.9272856043882604,prioritário
2401453,RN,Nordeste,44.48,0.9271536899645103,prioritário
2923407,BA,Nordeste,35.76,0.9268997853527581,prioritário
2927606,BA,Nordeste,28.39,0.9266892904182877,prioritário
2930907,BA,Nordeste,43.31,0.9261469520169261,prioritário
2911808,BA,Nordeste,22.64,0.9261403464048295,prioritário
2922904,BA,Nordeste,31.41,0.9252131998938957,prioritário
2929701,BA,Nordeste,30.68,0.9250836062957234,prioritário
2901700,BA,Nordeste,25.76,0.9249893251886372,prioritário
2918001,BA,Nordeste,39.48,0.9247236972819678,prioritário
2908408,BA,Nordeste,30.94,0.9246658191457799,prioritário
2920403,BA,Nordeste,41.67,0.9246095713365086,prioritário
2922300,BA,Nordeste,51.72,0.9244333244279793,prioritário
2929503,BA,Nordeste,46.1,0.9241895563993916,prioritário
2407005,RN,Nordeste,26.6,0.9235422700304324,prioritário
2929404,BA,Nordeste,36.76,0.9234995460175992,prioritário
2933158,BA,Nordeste,17.95,0.9233921483472654,prioritário
2403608,RN,Nordeste,34.55,0.9233493665027097,prioritário
2926905,BA,Nordeste,15.62,0.923173266592607,prioritário
2925808,BA,Nordeste,30.32,0.9228888723608843,prioritário
2805604,SE,Nordeste,16.87,0.9224997538269435,prioritário
2902500,BA,Nordeste,35.92,0.9216256136467225,prioritário
2910859,BA,Nordeste,36.76,0.9215805694557667,prioritário
2924801,BA,Nordeste,40.58,0.9212676690619286,prioritário
2906006,BA,Nordeste,39.03,0.9211380227306099,prioritário
2904704,BA,Nordeste,29.37,0.9210088594371082,prioritário
2903805,BA,Nordeste,32.14,0.9209851028747288,prioritário
2923357,BA,Nordeste,34.04,0.9205846346989843,prioritário
2927408,BA,Nordeste,36.75,0.9202912207407652,prioritário
2903904,BA,Nordeste,34.55,0.9196540737029363,prioritário
2908200,BA,Nordeste,27.46,0.9195755593909282,prioritário
2930774,BA,Nordeste,34.44,0.9193106627602201,prioritário
1303502,AM,Norte,48.43,0.9191558240035785,prioritário
2806404,SE,Nordeste,22.21,0.9191142807008307,prioritário
2922854,BA,Nordeste,27.03,0.9190442188158313,prioritário
1301407,AM,Norte,23.81,0.9185165199641461,prioritário
2928000,BA,Nordeste,29.15,0.9183895417237578,prioritário
2932903,BA,Nordeste,31.89,0.917958027509289,prioritário
2924603,BA,Nordeste,39.19,0.9173301768629208,prioritário
2930600,BA,Nordeste,25.69,0.9172239215953071,prioritário
2919926,BA,Nordeste,25.81,0.9171512038337224,prioritário
2913101,BA,Nordeste,28.0,0.9162537773860436,prioritário
2923704,BA,Nordeste,24.46,0.9162152911994432,prioritário
2929107,BA,Nordeste,41.13,0.9157404212474655,prioritário
2923100,BA,Nordeste,21.29,0.9154292874467678,prioritário
2805901,SE,Nordeste,31.48,0.9150211134779301,prioritário
2909802,BA,Nordeste,33.56,0.9147609709651572,prioritário
2925931,BA,Nordeste,75.47,0.9147386023922669,prioritário
1707702,TO,Norte,12.63,0.9143885075455466,prioritário
2913903,BA,Nordeste,25.15,0.9136646252787796,prioritário
2409704,RN,Nordeste,21.89,0.9133667782166932,prioritário
2916708,BA,Nordeste,34.25,0.9131352908341447,prioritário
2929750,BA,Nordeste,52.63,0.9130288884369975,prioritário
2412906,RN,Nordeste,37.72,0.9128404709322081,prioritário
2913200,BA,Nordeste,32.87,0.9122083271808081,prioritário
2801009,SE,Nordeste,41.74,0.9121909910289272,prioritário
2405405,RN,Nordeste,31.34,0.9119101431822264,prioritário
2901205,BA,Nordeste,32.17,0.9116553257827172,prioritário
2911501,BA,Nordeste,50.0,0.9111148773747307,prioritário
2913507,BA,Nordeste,31.48,0.910719175204284,prioritário
2928208,BA,Nordeste,38.7,0.9107017580335786,prioritário
2906824,BA,Nordeste,30.13,0.9106019180845871,prioritário
2902906,BA,Nordeste,30.6,0.9106004717546011,prioritário
2909406,BA,Nordeste,41.9,0.909854270060981,prioritário
2907103,BA,Nordeste,31.96,0.9097702385453658,prioritário
2900603,BA,Nordeste,26.32,0.9095936461985097,prioritário
2408904,RN,Nordeste,50.73,0.9094945699171704,prioritário
2907301,BA,Nordeste,30.54,0.908902169886454,prioritário
2900207,BA,Nordeste,18.24,0.9083540568358588,prioritário
2914703,BA,Nordeste,41.07,0.9081977624209282,prioritário
2916807,BA,Nordeste,41.07,0.9073088992625626,prioritário
2403509,RN,Nordeste,47.13,0.9072499720921446,prioritário
1302801,AM,Norte,48.41,0.9069928318265558,prioritário
2905305,BA,Nordeste,30.37,0.9059210349442377,prioritário
2804706,SE,Nordeste,58.77,0.9058648146336135,prioritário
2923605,BA,Nordeste,48.94,0.9058624368120535,prioritário
2402600,RN,Nordeste,32.38,0.9058409309024827,prioritário
1302207,AM,Norte,44.2,0.9056955788985012,prioritário
2903235,BA,Nordeste,29.75,0.9055438966247253,prioritário
2901601,BA,Nordeste,23.17,0.9053320589258006,prioritário
2927002,BA,Nordeste,33.21,0.9051697274993042,prioritário
2933208,BA,Nordeste,38.27,0.9050080250204486,prioritário
2903276,BA,Nordeste,46.15,0.9047548164275864,prioritário
2414407,RN,Nordeste,38.35,0.9045852309923867,prioritário
2911907,BA,Nordeste,28.52,0.904378248853128,prioritário
2922730,BA,Nordeste,31.91,0.9042012660000971,prioritário
2801306,SE,Nordeste,35.78,0.9039336608355864,prioritário
2921054,BA,Nordeste,42.52,0.903671475111701,prioritário
2925600,BA,Nordeste,20.0,0.9035383257159969,prioritário
2910107,BA,Nordeste,42.74,0.9032483005455969,prioritário
2928109,BA,Nordeste,26.29,0.9025347113655448,prioritário
2806602,SE,Nordeste,26.79,0.9021324731528008,prioritário
2915007,BA,Nordeste,45.45,0.9020024963106428,prioritário
2930303,BA,Nordeste,33.09,0.9016275158113648,prioritário
2931707,BA,Nordeste,28.42,0.9010799919082559,prioritário
2917102,BA,Nordeste,28.85,0.9000062795648992,prioritário
2927804,BA,Nordeste,37.04,0.8995269834014782,prioritário
2929206,BA,Nordeste,25.66,0.8992099467641496,prioritário
2414001,RN,Nordeste,36.85,0.8990776012401486,prioritário
2405801,RN,Nordeste,35.88,0.8976697018683476,prioritário
2402204,RN,Nordeste,32.26,0.8973448035728389,prioritário
2930709,BA,Nordeste,42.14,0.8967946403550247,prioritário
2803906,SE,Nordeste,36.75,0.8967831676417517,prioritário
2804409,SE,Nordeste,25.49,0.8964782184722672,prioritário
2923308,BA,Nordeste,50.59,0.8962918646920381,prioritário
2921906,BA,Nordeste,38.82,0.8954772294822807,prioritário
2412005,RN,Nordeste,32.48,0.8954740323721386,prioritário
2908101,BA,Nordeste,51.69,0.8951336539030842,prioritário
1304260,AM,Norte,11.25,0.8949250426876677,prioritário
2922052,BA,Nordeste,28.83,0.8944858090893499,prioritário
2803500,SE,Nordeste,31.27,0.8943950737878852,prioritário
3550308,SP,Sudeste,48.25,0.8943122174157778,prioritário
2922656,BA,Nordeste,26.14,0.8942393567779444,prioritário
4306502,RS,Sul,35.0,0.893957993285871,prioritário
2927101,BA,Nordeste,26.35,0.8937870870643094,prioritário
2807600,SE,Nordeste,39.34,0.89371249743148,prioritário
2908309,BA,Nordeste,41.18,0.8934444262487539,prioritário
2804607,SE,Nordeste,28.39,0.8931845268078974,prioritário
2801702,SE,Nordeste,34.73,0.892812645869752,prioritário
2927903,BA,Nordeste,47.31,0.892648226180351,prioritário
2925006,BA,Nordeste,24.31,0.8916784440246338,prioritário
3304557,RJ,Sudeste,63.75,0.8914153218683181,prioritário
2918407,BA,Nordeste,29.31,0.8902736362865074,prioritário
2805505,SE,Nordeste,40.54,0.8902315318951353,prioritário
2917607,BA,Nordeste,53.7,0.8899891911390257,prioritário
2407708,RN,Nordeste,44.2,0.8899337753263122,prioritário
2901106,BA,Nordeste,47.14,0.8897577728641156,prioritário
2931350,BA,Nordeste,35.04,0.8895972044765701,prioritário
2925709,BA,Nordeste,31.78,0.8895730743604763,prioritário
2910057,BA,Nordeste,32.25,0.8893923790492763,prioritário
2804300,SE,Nordeste,22.01,0.8892105010691806,prioritário
2410108,RN,Nordeste,25.34,0.8888243390552633,prioritário
2926103,BA,Nordeste,23.58,0.8875239374594245,prioritário
1505809,PA,Norte,40.72,0.8871255936532003,prioritário
2931301,BA,Nordeste,41.82,0.8871161141701631,prioritário
2928950,BA,Nordeste,52.94,0.8869607175601921,prioritário
1718501,TO,Norte,50.29,0.8869478275763115,prioritário
2806107,SE,Nordeste,39.01,0.8867354907915448,prioritário
2900702,BA,Nordeste,36.64,0.8862501015812855,prioritário
2918357,BA,Nordeste,53.15,0.8858090122165265,prioritário
2901957,BA,Nordeste,43.24,0.8854053487343183,prioritário
2928802,BA,Nordeste,31.86,0.8853375538877797,prioritário
2804904,SE,Nordeste,28.56,0.8852628533239697,prioritário
2911303,BA,Nordeste,54.32,0.8850459768870906,prioritário
2922003,BA,Nordeste,47.96,0.8848511554576022,prioritário
2910750,BA,Nordeste,49.57,0.8848155317268315,prioritário
2410405,RN,Nordeste,36.22,0.8847137683009275,prioritário
2928505,BA,Nordeste,27.63,0.8846921611544646,prioritário
2901403,BA,Nordeste,28.44,0.8846498712993877,prioritário
2806800,SE,Nordeste,29.79,0.8846380360624266,prioritário
2923506,BA,Nordeste,40.45,0.8844672814876958,prioritário
2914307,BA,Nordeste,36.36,0.883997919723856,prioritário
2919058,BA,Nordeste,43.1,0.8836453408470145,prioritário
2900801,BA,Nordeste,29.6,0.8831885935226873,prioritário
2923803,BA,Nordeste,39.8,0.8829359394771598,prioritário
2919306,BA,Nordeste,37.66,0.8828503093417953,prioritário
2900504,BA,Nordeste,37.21,0.8820092495101262,prioritário
2401701,RN,Nordeste,53.3,0.8814175472467807,prioritário
2928703,BA,Nordeste,40.9,0.8812390958641919,prioritário
2906204,BA,Nordeste,33.73,0.8808859823812181,prioritário
2928307,BA,Nordeste,22.95,0.8808600661797892,prioritário
2400802,RN,Nordeste,51.81,0.8806731444792262,prioritário
2412203,RN,Nordeste,34.77,0.8806062965166089,prioritário
4302600,RS,Sul,20.0,0.8799901963478547,prioritário
2410900,RN,Nordeste,27.78,0.8799114502259717,prioritário
2408805,RN,Nordeste,28.27,0.8797217576198376,prioritário
2804003,SE,Nordeste,31.19,0.8795969459490062,prioritário
2414209,RN,Nordeste,24.98,0.8795546341405991,prioritário
2411403,RN,Nordeste,51.92,0.8793861540635405,prioritário
2924504,BA,Nordeste,38.33,0.8791314338006577,prioritário
2907806,BA,Nordeste,36.31,0.8788279693718486,prioritário
2802106,SE,Nordeste,29.77,0.8781800936799212,prioritário
2923001,BA,Nordeste,37.21,0.877979842607825,prioritário
2903953,BA,Nordeste,24.44,0.8778642095638624,prioritário
2804458,SE,Nordeste,59.01,0.8777220296655761,prioritário
1302306,AM,Norte,30.91,0.8776826071888392,prioritário
2803609,SE,Nordeste,27.35,0.8773864770439049,prioritário
2911709,BA,Nordeste,46.39,0.8771588831708814,prioritário
2406106,RN,Nordeste,43.69,0.876033431083561,prioritário
1707405,TO,Norte,47.82,0.8743118774552848,prioritário
2408102,RN,Nordeste,33.36,0.8740034275627832,prioritário
4312377,RS,Sul,36.2,0.8738120772418346,prioritário
2406155,RN,Nordeste,33.33,0.87333620022318,prioritário
2401800,RN,Nordeste,40.29,0.8733130412005472,prioritário
2807402,SE,Nordeste,46.26,0.8731616083713708,prioritário
2411502,RN,Nordeste,23.56,0.8731001031979012,prioritário
2807303,SE,Nordeste,42.47,0.8727655081839544,prioritário
2805802,SE,Nordeste,34.65,0.8727004062398686,prioritário
1500701,PA,Norte,33.83,0.871955383529819,prioritário
2928901,BA,Nordeste,54.07,0.871938372278584,prioritário
2401602,RN,Nordeste,29.29,0.8718279896672406,prioritário
2806909,SE,Nordeste,81.25,0.8712570301426953,prioritário
2803104,SE,Nordeste,33.65,0.870736581010668,prioritário
2909109,BA,Nordeste,30.71,0.870622145390766,prioritário
2920452,BA,Nordeste,37.29,0.8700889873320705,prioritário
2914505,BA,Nordeste,32.53,0.8698088483244076,prioritário
2700409,AL,Nordeste,44.27,0.8693983035244364,prioritário
2921401,BA,Nordeste,29.41,0.8686362340346268,prioritário
2404200,RN,Nordeste,35.33,0.8686100987106011,prioritário
2925956,BA,Nordeste,33.53,0.868225232653217,prioritário
2903706,BA,Nordeste,46.51,0.8674401097869608,prioritário
4315404,RS,Sul,60.0,0.8668155319857381,prioritário
2703601,AL,Nordeste,27.69,0.8667542620720484,prioritário
4312302,RS,Sul,51.7,0.8667394995807327,prioritário
2803807,SE,Nordeste,37.63,0.8666573006183106,prioritário
2805406,SE,Nordeste,26.61,0.8663533197043325,prioritário
2905503,BA,Nordeste,28.19,0.866238977768804,prioritário
4319208,RS,Sul,7.1,0.8662183735397414,prioritário
2414803,RN,Nordeste,43.56,0.8659671785375795,prioritário
2921450,BA,Nordeste,46.15,0.8658447574892135,prioritário
2922201,BA,Nordeste,41.27,0.8656241898546593,prioritário
2802809,SE,Nordeste,34.31,0.8655863245690062,prioritário
2904852,BA,Nordeste,32.77,0.8655365589029321,prioritário
2932002,BA,Nordeste,40.28,0.865410051442865,prioritário
2912400,BA,Nordeste,36.88,0.8647266488918314,prioritário
1301605,AM,Norte,35.57,0.8642988206111859,prioritário
2407104,RN,Nordeste,30.13,0.864070154211074,prioritário
2406304,RN,Nordeste,28.89,0.8640156168479891,prioritário
2801900,SE,Nordeste,54.53,0.8634915031469257,prioritário
2800407,SE,Nordeste,28.6,0.8633771544629866,prioritário
2807501,SE,Nordeste,40.43,0.8632256824134998,prioritário
2920106,BA,Nordeste,23.42,0.863140745783833,prioritário
2803005,SE,Nordeste,58.61,0.8626033104688116,prioritário
2914208,BA,Nordeste,65.38,0.8625479611908354,prioritário
2917300,BA,Nordeste,29.17,0.8622807974377685,prioritário
2905206,BA,Nordeste,39.02,0.8609733035862424,prioritário
2409308,RN,Nordeste,32.76,0.8608009369062193,prioritário
2802304,SE,Nordeste,37.21,0.8605432604107909,prioritário
2929255,BA,Nordeste,33.54,0.8598656908030856,prioritário
1300904,AM,Norte,70.75,0.8597317547732637,prioritário
1508308,PA,Norte,38.21,0.8595941592470225,prioritário
2910305,BA,Nordeste,35.29,0.8595173339088884,prioritário
2921104,BA,Nordeste,46.9,0.8590912997465708,prioritário
2901304,BA,Nordeste,47.79,0.8590649241494336,prioritário
2915700,BA,Nordeste,36.76,0.8585712014820186,prioritário
2912202,BA,Nordeste,32.53,0.8577107009721157,prioritário
2804805,SE,Nordeste,29.8,0.8575895756329078,prioritário
2920205,BA,Nordeste,33.68,0.856483645538197,prioritário
2414704,RN,Nordeste,45.68,0.8564090881996111,prioritário
2909703,BA,Nordeste,43.75,0.8561378222640743,prioritário
2411700,RN,Nordeste,33.62,0.8561173314700826,prioritário
2904209,BA,Nordeste,47.37,0.8560238902525884,prioritário
2906857,BA,Nordeste,45.45,0.8559766460854764,prioritário
2912806,BA,Nordeste,37.84,0.8559034827737548,prioritário
2913002,BA,Nordeste,37.36,0.8550872002805455,prioritário
2923050,BA,Nordeste,39.06,0.854954556043257,prioritário
2402808,RN,Nordeste,32.68,0.854926725313603,prioritário
2903300,BA,Nordeste,24.72,0.854492269503596,prioritário
2806008,SE,Nordeste,38.48,0.8544831488752667,prioritário
4306908,RS,Sul,39.4,0.8541944858851445,prioritário
1300029,AM,Norte,58.47,0.8540757351631236,prioritário
2909604,BA,Nordeste,43.05,0.8540434914331598,prioritário
2806206,SE,Nordeste,44.89,0.853835788400628,prioritário
2909505,BA,Nordeste,34.55,0.853755495255174,prioritário
2400307,RN,Nordeste,59.25,0.8529722524011666,prioritário
2925204,BA,Nordeste,51.55,0.8529421152508803,prioritário
2906907,BA,Nordeste,49.78,0.852525770600497,prioritário
1501105,PA,Norte,53.31,0.8524981524635836,prioritário
2920502,BA,Nordeste,43.58,0.8519793182291043,prioritário
2904100,BA,Nordeste,32.0,0.8518188404971779,prioritário
2405603,RN,Nordeste,63.05,0.8517905159946585,prioritário
2913408,BA,Nordeste,42.57,0.851501293994661,prioritário
2402303,RN,Nordeste,39.56,0.8512791841396283,prioritário
1502806,PA,Norte,24.03,0.8511784461419483,prioritário
2801504,SE,Nordeste,16.16,0.8504211488896675,prioritário
2801603,SE,Nordeste,45.3,0.8501420393906839,prioritário
2412609,RN,Nordeste,36.91,0.8495214155212367,prioritário
2410306,RN,Nordeste,40.45,0.849046545020106,prioritário
2904407,BA,Nordeste,40.43,0.8486696480188417,prioritário
1507904,PA,Norte,52.41,0.8477384629721438,prioritário
2404408,RN,Nordeste,65.35,0.847648637758029,prioritário
2905701,BA,Nordeste,36.56,0.846925966497968,prioritário
2924652,BA,Nordeste,55.7,0.8468490697383216,prioritário
2919959,BA,Nordeste,47.37,0.8467741087250713,prioritário
1503101,PA,Norte,38.25,0.8466378943292213,prioritário
2803401,SE,Nordeste,39.3,0.8463136752718482,prioritário
4305900,RS,Sul,36.0,0.8460660189325118,prioritário
2903508,BA,Nordeste,33.06,0.8460267916527057,prioritário
2407203,RN,Nordeste,32.32,0.8453474924627704,prioritário
1712801,TO,Norte,20.67,0.8451725848696084,prioritário
2404853,RN,Nordeste,40.01,0.8450711716565963,prioritário
2908804,BA,Nordeste,40.62,0.8448013582328953,prioritário
2802908,SE,Nordeste,41.79,0.8441446945984794,prioritário
2911659,BA,Nordeste,36.78,0.8437739266180134,prioritário
2400208,RN,Nordeste,40.86,0.8435893249538396,prioritário
2923902,BA,Nordeste,34.68,0.8435358811864108,prioritário
2930154,BA,Nordeste,26.65,0.8432552445929831,prioritário
2901809,BA,Nordeste,25.32,0.8431488494332736,prioritário
2906600,BA,Nordeste,41.67,0.8430790607158202,prioritário
2807006,SE,Nordeste,46.34,0.8428711313875192,prioritário
2907707,BA,Nordeste,36.19,0.8426920235182414,prioritário
2909208,BA,Nordeste,36.04,0.8413048253439463,prioritário
4315701,RS,Sul,63.4,0.8411268527677442,prioritário
2706000,AL,Nordeste,80.79,0.8411050975408233,prioritário
4314704,RS,Sul,54.1,0.8404300931747268,prioritário
2413003,RN,Nordeste,47.83,0.8403626616081583,prioritário
1200328,AC,Norte,19.59,0.8402259119903559,prioritário
2911402,BA,Nordeste,29.69,0.8397009576179704,prioritário
2903003,BA,Nordeste,32.43,0.8391547486010499,prioritário
4301909,RS,Sul,43.6,0.838781127850465,prioritário
1302405,AM,Norte,66.7,0.8368702833326902,prioritário
2408201,RN,Nordeste,49.76,0.8358001434482795,prioritário
2901502,BA,Nordeste,55.95,0.8341089739187528,prioritário
2904001,BA,Nordeste,48.96,0.82939236757886,prioritário
1303700,AM,Norte,37.94,0.8281782980466631,prioritário
1715705,TO,Norte,31.27,0.8279317788084284,prioritário
4303301,RS,Sul,63.1,0.8277599709087414,prioritário
1703891,TO,Norte,23.86,0.827540033959655,prioritário
1506401,PA,Norte,52.31,0.827289455960958,prioritário
1702901,TO,Norte,40.2,0.8267071901846709,prioritário
4302006,RS,Sul,46.9,0.8266613922791989,prioritário
1504901,PA,Norte,33.63,0.8248648324838117,prioritário
2909307,BA,Nordeste,26.64,0.8236596617764231,prioritário
2409902,RN,Nordeste,33.3,0.8236556769825961,prioritário
1504604,PA,Norte,37.29,0.8225209873523073,prioritário
1303908,AM,Norte,32.06,0.8221485603201918,prioritário
2910206,BA,Nordeste,52.38,0.8217806095003332,prioritário
2408607,RN,Nordeste,27.59,0.8210844470287728,prioritário
2406601,RN,Nordeste,64.22,0.8209421102999239,prioritário
2406809,RN,Nordeste,47.42,0.8206405614768658,prioritário
2405306,RN,Nordeste,20.55,0.8205639464645308,prioritário
1718709,TO,Norte,46.58,0.8205190008764922,prioritário
2917359,BA,Nordeste,43.16,0.8201810105636937,prioritário
2933455,BA,Nordeste,55.37,0.8199857645817283,prioritário
2407807,RN,Nordeste,50.97,0.8199840812211295,prioritário
2926707,BA,Nordeste,55.74,0.8196743832873877,prioritário
2403806,RN,Nordeste,43.75,0.8193847161473444,prioritário
2803203,SE,Nordeste,39.49,0.8192766986934382,prioritário
2919504,BA,Nordeste,38.06,0.8187201344432202,prioritário
2700508,AL,Nordeste,32.98,0.8186561221037943,prioritário
4302303,RS,Sul,40.2,0.818436370118476,prioritário
4311429,RS,Sul,60.0,0.817200095463878,prioritário
2405108,RN,Nordeste,29.91,0.8168882289874322,prioritário
4300851,RS,Sul,55.0,0.8168687261868325,prioritário
2513703,PB,Nordeste,35.79,0.8168656562923955,prioritário
4311007,RS,Sul,33.6,0.816836626678272,prioritário
4304002,RS,Sul,46.8,0.8159556134976115,prioritário
1703826,TO,Norte,64.0,0.8159464526525338,prioritário
2411205,RN,Nordeste,32.73,0.8157304076812086,prioritário
1720937,TO,Norte,55.56,0.8150475753960025,prioritário
1301803,AM,Norte,63.28,0.8150316445761955,prioritário
2707909,AL,Nordeste,38.52,0.8149534113138355,prioritário
1720200,TO,Norte,36.9,0.8146843251827091,prioritário
2933406,BA,Nordeste,45.0,0.8146404205097022,prioritário
4319505,RS,Sul,37.1,0.8141901687904977,prioritário
2414456,RN,Nordeste,10.95,0.8137622317787879,prioritário
2409506,RN,Nordeste,44.5,0.8137505313316108,prioritário
2409100,RN,Nordeste,41.07,0.813139700382374,prioritário
2407609,RN,Nordeste,26.32,0.8125430489522858,prioritário
2905156,BA,Nordeste,46.43,0.8123648478779546,prioritário
2907509,BA,Nordeste,39.39,0.8110528705286383,prioritário
2806701,SE,Nordeste,68.53,0.8109765019660844,prioritário
2802502,SE,Nordeste,21.91,0.8094341854862023,prioritário
2413904,RN,Nordeste,17.68,0.8092295920281132,prioritário
2801405,SE,Nordeste,34.24,0.8091856204004587,prioritário
2931004,BA,Nordeste,47.42,0.8089412173638593,prioritário
1703206,TO,Norte,59.26,0.8086997555491188,prioritário
2801108,SE,Nordeste,64.29,0.8081904901720619,prioritário
2404705,RN,Nordeste,43.03,0.8075578530411126,prioritário
1707207,TO,Norte,52.81,0.8075039806947419,prioritário
2406205,RN,Nordeste,11.65,0.8074133985414137,prioritário
1304237,AM,Norte,30.02,0.8072988093451531,prioritário
2412559,RN,Nordeste,30.54,0.8071093144580241,prioritário
4304200,RS,Sul,53.2,0.8070336508991235,prioritário
1711951,TO,Norte,15.09,0.8070157429777747,prioritário
2405009,RN,Nordeste,39.09,0.8069101870186653,prioritário
1703800,TO,Norte,50.39,0.8065976390466144,prioritário
2911600,BA,Nordeste,29.08,0.8065533777408723,prioritário
2914406,BA,Nordeste,44.24,0.8048053003247281,prioritário
2933307,BA,Nordeste,42.75,0.8034943225730252,prioritário
2916906,BA,Nordeste,30.0,0.8025422739677632,prioritário
2902005,BA,Nordeste,28.92,0.8020301047321045,prioritário
2916203,BA,Nordeste,35.38,0.8016051827677131,prioritário
2919801,BA,Nordeste,31.5,0.8015557633709882,prioritário
1503077,PA,Norte,32.89,0.8015211851901296,prioritário
4300604,RS,Sul,37.0,0.8012023206949831,prioritário
4302501,RS,Sul,38.4,0.8011544721432584,prioritário
2926608,BA,Nordeste,40.72,0.8004779682620584,prioritário
1501204,PA,Norte,38.16,0.8004564779648491,prioritário
1703883,TO,Norte,27.47,0.8004552858607877,prioritário
2400604,RN,Nordeste,21.43,0.8002748290170277,prioritário
2404002,RN,Nordeste,47.06,0.8002630872130365,prioritário
2414605,RN,Nordeste,44.01,0.7992336794436619,prioritário
2701308,AL,Nordeste,33.4,0.7991968713702746,prioritário
2931806,BA,Nordeste,42.86,0.7991448132562443,prioritário
2705309,AL,Nordeste,27.99,0.7982953201882866,prioritário
1300680,AM,Norte,31.41,0.798127275078561,prioritário
2407302,RN,Nordeste,22.73,0.7979338921066653,prioritário
1712504,TO,Norte,36.72,0.7979226759450516,prioritário
2922409,BA,Nordeste,48.92,0.7971903763170693,prioritário
2405207,RN,Nordeste,37.93,0.7967013187956888,prioritário
2406502,RN,Nordeste,35.61,0.7955065552162157,prioritário
1505908,PA,Norte,81.16,0.7947436866342081,prioritário
2708006,AL,Nordeste,44.16,0.794591779809202,prioritário
2703809,AL,Nordeste,27.93,0.794424688509794,prioritário
4301305,RS,Sul,38.1,0.7941083371642367,prioritário
4304358,RS,Sul,41.0,0.7937563647475676,prioritário
1700301,TO,Norte,40.89,0.7913303417070269,prioritário
4306601,RS,Sul,43.7,0.7912927216857697,prioritário
1600238,AP,Norte,74.96,0.7911066171039347,prioritário
1600212,AP,Norte,53.36,0.7909025403917542,prioritário
2705705,AL,Nordeste,45.46,0.7908180285660763,prioritário
4301636,RS,Sul,43.6,0.789399007189638,prioritário
2914109,BA,Nordeste,59.15,0.7890464457526861,prioritário
2413706,RN,Nordeste,48.74,0.7888598460852442,prioritário
4314209,RS,Sul,22.3,0.7884406120983785,prioritário
2902658,BA,Nordeste,36.73,0.7883479913110688,prioritário
2933174,BA,Nordeste,40.0,0.7882540439863421,prioritário
2705101,AL,Nordeste,48.77,0.7881543363717316,prioritário
4313102,RS,Sul,35.9,0.7880103783449544,prioritário
2901007,BA,Nordeste,51.0,0.7869460166423494,prioritário
4305454,RS,Sul,28.2,0.7869139527170075,prioritário
2904506,BA,Nordeste,60.98,0.7866389324131842,prioritário
2910776,BA,Nordeste,45.45,0.786244874932036,prioritário
2800506,SE,Nordeste,44.81,0.7858278837991528,prioritário
4315800,RS,Sul,45.0,0.7854577421124102,prioritário
1300300,AM,Norte,35.04,0.7852079938439115,prioritário
2701506,AL,Nordeste,37.4,0.7848134696259821,prioritário
4314068,RS,Sul,75.0,0.7843209332378575,prioritário
2705408,AL,Nordeste,31.11,0.7838542247694125,prioritário
1719004,TO,Norte,24.65,0.7836497157581213,prioritário
1504976,PA,Norte,52.55,0.7835489898853517,prioritário
2911253,BA,Nordeste,47.37,0.7833670339664865,prioritário
2403251,RN,Nordeste,35.27,0.7832294069769967,prioritário
1502855,PA,Norte,42.47,0.783047313999914,prioritário
2406700,RN,Nordeste,36.01,0.782882614374197,prioritário
1301506,AM,Norte,19.3,0.7828019935823849,prioritário
2800605,SE,Nordeste,28.04,0.7817574114264304,prioritário
4313805,RS,Sul,68.4,0.7817357878719666,prioritário
2806503,SE,Nordeste,26.74,0.7811825583171449,prioritário
1200393,AC,Norte,39.79,0.7802842963780263,prioritário
4314159,RS,Sul,40.7,0.780048310682662,prioritário
2413102,RN,Nordeste,26.26,0.7799665316724075,prioritário
2804508,SE,Nordeste,31.24,0.7799455027241531,prioritário
2926806,BA,Nordeste,43.82,0.7798128361520262,prioritário
1503705,PA,Norte,44.08,0.7797899176050175,prioritário
2900355,BA,Nordeste,42.45,0.7790505602002737,prioritário
2500304,PB,Nordeste,28.48,0.7790357394041985,prioritário
4314902,RS,Sul,20.4,0.7787068850328874,prioritário
2704807,AL,Nordeste,41.5,0.7786828803627303,prioritário
2802007,SE,Nordeste,19.53,0.7778637840998908,prioritário
2411601,RN,Nordeste,32.17,0.7777251909232248,prioritário
4322533,RS,Sul,51.6,0.7776809866975624,prioritário
2402501,RN,Nordeste,42.31,0.7776084899998008,prioritário
2919702,BA,Nordeste,44.74,0.776108258615937,prioritário
1200302,AC,Norte,53.33,0.7753654044907867,prioritário
2800308,SE,Nordeste,47.18,0.7751359674747622,prioritário
2917201,BA,Nordeste,43.98,0.7743287382074113,prioritário
4307401,RS,Sul,48.4,0.77426761351931,prioritário
4317103,RS,Sul,44.5,0.7736555352010017,prioritário
4317004,RS,Sul,13.1,0.772880167149095,prioritário
2408953,RN,Nordeste,31.56,0.7727787804086591,prioritário
4317301,RS,Sul,45.4,0.7724669079738921,prioritário
1300060,AM,Norte,64.58,0.7718906033934935,prioritário
2513604,PB,Nordeste,52.77,0.7714223128620925,prioritário
2926400,BA,Nordeste,52.53,0.7706368160393825,prioritário
2414506,RN,Nordeste,50.0,0.7706061296175717,prioritário
1704105,TO,Norte,66.67,0.7701888597473239,prioritário
4313656,RS,Sul,45.2,0.7694180546766398,prioritário
4307104,RS,Sul,64.4,0.7691576618120933,prioritário
2701100,AL,Nordeste,79.89,0.768982761496276,prioritário
2407401,RN,Nordeste,53.91,0.768732090261195,prioritário
1500859,PA,Norte,48.45,0.7687205633946605,prioritário
2502102,PB,Nordeste,47.71,0.7675062897250747,prioritário
2409332,RN,Nordeste,43.4,0.7673912173451177,prioritário
1600253,AP,Norte,43.57,0.7672988708683098,prioritário
4315909,RS,Sul,48.8,0.7670370049760858,prioritário
2803708,SE,Nordeste,29.17,0.7668552475481851,prioritário
2411429,RN,Nordeste,40.91,0.7666813948256722,prioritário
2930808,BA,Nordeste,31.82,0.7661299122081261,prioritário
4301404,RS,Sul,63.2,0.7655564022922663,prioritário
2408706,RN,Nordeste,14.29,0.7654900573214216,prioritário
1502004,PA,Norte,33.12,0.7652269292190182,prioritário
2409803,RN,Nordeste,23.56,0.7651811959010726,prioritário
2702900,AL,Nordeste,39.96,0.7651753384085586,prioritário
1502756,PA,Norte,54.24,0.7649346782327894,prioritário
2906899,BA,Nordeste,35.56,0.7636984163992493,prioritário
4316972,RS,Sul,25.7,0.763693446693076,prioritário
1506708,PA,Norte,58.51,0.7635067905696924,prioritário
2805307,SE,Nordeste,37.68,0.7634953319184173,prioritário
2709202,AL,Nordeste,47.49,0.7632089096148634,prioritário
2802601,SE,Nordeste,16.67,0.7622165393134028,prioritário
2404606,RN,Nordeste,30.13,0.7619927872847583,prioritário
2915601,BA,Nordeste,37.41,0.7612398762062841,prioritário
2807204,SE,Nordeste,52.4,0.7607833751403946,prioritário
2913309,BA,Nordeste,32.14,0.760147809271743,prioritário
2918902,BA,Nordeste,48.28,0.7599963957018803,prioritário
1500503,PA,Norte,38.92,0.7597789944668594,prioritário
4318606,RS,Sul,37.2,0.7590107867581478,prioritário
4301206,RS,Sul,64.7,0.758684239762751,prioritário
2805208,SE,Nordeste,40.26,0.7583522599576229,prioritário
2900108,BA,Nordeste,42.42,0.7578531642691921,prioritário
4312708,RS,Sul,52.4,0.7577976616110592,prioritário
2410256,RN,Nordeste,42.47,0.7575316200035486,prioritário
1712702,TO,Norte,9.09,0.757095759616354,prioritário
4318200,RS,Sul,37.7,0.7569514149283374,prioritário
4304606,RS,Sul,41.4,0.7569120778153837,prioritário
4323002,RS,Sul,38.9,0.7568626402395974,prioritário
1502103,PA,Norte,39.08,0.7561222709426395,prioritário
2413300,RN,Nordeste,42.09,0.7559533852105891,prioritário
1500305,PA,Norte,38.18,0.7558380137719914,prioritário
1701309,TO,Norte,52.57,0.7548875392813513,prioritário
1300805,AM,Norte,22.82,0.7545944762863034,prioritário
1505205,PA,Norte,31.03,0.754123947740726,prioritário
1708205,TO,Norte,45.42,0.7539091622166718,prioritário
2408409,RN,Nordeste,30.77,0.7537153074110107,prioritário
1303304,AM,Norte,50.99,0.7531082869496701,prioritário
1504455,PA,Norte,48.44,0.751909480788203,prioritário
4314498,RS,Sul,76.9,0.750457979772442,prioritário
2405504,RN,Nordeste,31.58,0.7504420115458298,prioritário
2403707,RN,Nordeste,51.71,0.7495800193876975,prioritário
1720655,TO,Norte,37.39,0.7485037870104299,prioritário
1718303,TO,Norte,38.49,0.7482870743379044,prioritário
1718907,TO,Norte,36.92,0.7477859876190212,prioritário
1718451,TO,Norte,40.91,0.7474388137505947,prioritário
1715101,TO,Norte,36.09,0.7461821560882038,prioritário
2402907,RN,Nordeste,47.83,0.7460140035816629,prioritário
4302709,RS,Sul,44.8,0.7459544918068818,prioritário
2401651,RN,Nordeste,60.0,0.7456559899619627,prioritário
2706505,AL,Nordeste,32.59,0.7456342980760712,prioritário
1505486,PA,Norte,45.49,0.7455967528329772,prioritário
2500809,PB,Nordeste,47.88,0.745297630641507,prioritário
2929057,BA,Nordeste,36.59,0.7449968914924072,prioritário
2413359,RN,Nordeste,27.68,0.7449205306795366,prioritário
4306767,RS,Sul,27.9,0.7445321376173134,prioritário
2702355,AL,Nordeste,67.43,0.7444608233582379,prioritário
2404507,RN,Nordeste,43.15,0.7440526701587936,prioritário
2930006,BA,Nordeste,42.37,0.7439539843977999,prioritário
4323101,RS,Sul,70.1,0.7433011994908376,prioritário
2918605,BA,Nordeste,33.33,0.7430306615503967,prioritário
1504802,PA,Norte,46.69,0.7428683052658723,prioritário
2701001,AL,Nordeste,88.19,0.7422287592216202,prioritário
1500404,PA,Norte,34.75,0.7417682956662697,prioritário
4313375,RS,Sul,64.9,0.741256753511646,prioritário
1301209,AM,Norte,32.72,0.7409312630323099,prioritário
2914604,BA,Nordeste,46.83,0.7407426642716263,prioritário
4301750,RS,Sul,4.4,0.7405556531494508,prioritário
4305439,RS,Sul,21.1,0.7404015433757173,prioritário
4316428,RS,Sul,43.8,0.7403827987669518,prioritário
2406007,RN,Nordeste,49.94,0.7399696349580013,prioritário
4305405,RS,Sul,84.6,0.7393833971047842,prioritário
2922805,BA,Nordeste,34.65,0.7380787888129203,prioritário
4319711,RS,Sul,73.3,0.7376184272231355,prioritário
1600204,AP,Norte,39.25,0.7372708840390008,prioritário
1702158,TO,Norte,37.81,0.7372613304275834,prioritário
2904308,BA,Nordeste,47.62,0.7360320682855306,prioritário
2411908,RN,Nordeste,68.97,0.735117318876691,prioritário
2919553,BA,Nordeste,35.72,0.7350546100892704,prioritário
2929909,BA,Nordeste,34.98,0.7344944949101649,prioritário
4318101,RS,Sul,45.6,0.7336721201426396,prioritário
1304104,AM,Norte,51.81,0.73345954031549,prioritário
4307450,RS,Sul,80.1,0.7315302431828965,prioritário
4301875,RS,Sul,25.5,0.7308981283148744,prioritário
2704609,AL,Nordeste,74.38,0.7303075120166307,prioritário
4317707,RS,Sul,53.0,0.7302714205899044,prioritário
2400505,RN,Nordeste,58.98,0.7286325419654928,prioritário
2411056,RN,Nordeste,22.22,0.7284885496817448,prioritário
2407252,RN,Nordeste,60.04,0.727625165499797,prioritário
2921807,BA,Nordeste,60.0,0.7265577367938971,prioritário
2407500,RN,Nordeste,35.11,0.7265041564225797,prioritário
4300646,RS,Sul,70.8,0.7237918873142803,prioritário
2932606,BA,Nordeste,40.54,0.7231221105671758,prioritário
4320206,RS,Sul,68.0,0.7228487177629146,prioritário
2501807,PB,Nordeste,36.71,0.7226574497246311,prioritário
2904605,BA,Nordeste,42.15,0.7222371404696865,prioritário
2102408,MA,Nordeste,64.0,0.7220970444122649,prioritário
4301602,RS,Sul,46.6,0.7220280254996121,prioritário
4310603,RS,Sul,44.1,0.7202211706793574,prioritário
4312617,RS,Sul,29.4,0.7195400345628719,prioritário
1300508,AM,Norte,24.4,0.7186241476484527,prioritário
2408508,RN,Nordeste,73.61,0.7179319630042926,prioritário
1701903,TO,Norte,49.27,0.7172770705322752,prioritário
4314100,RS,Sul,38.5,0.717147083244736,prioritário
1501709,PA,Norte,37.0,0.716191531364294,prioritário
2922102,BA,Nordeste,33.33,0.7159917338958163,prioritário
1503804,PA,Norte,37.87,0.715286400238142,prioritário
2805000,SE,Nordeste,47.76,0.7148430353528059,prioritário
2409605,RN,Nordeste,37.5,0.7145743822939808,prioritário
4311759,RS,Sul,50.0,0.71448636221023,prioritário
1501006,PA,Norte,64.37,0.7135425675350723,prioritário
2410207,RN,Nordeste,65.36,0.7132021010127989,prioritário
2709400,AL,Nordeste,49.91,0.7117302874068583,prioritário
4315503,RS,Sul,33.0,0.7107163172503046,prioritário
2933257,BA,Nordeste,35.85,0.7103417733946407,prioritário
2803302,SE,Nordeste,58.28,0.7101990785935238,prioritário
1711902,TO,Norte,35.66,0.7093970302010404,prioritário
1717503,TO,Norte,43.07,0.7092899205747298,prioritário
1303601,AM,Norte,36.02,0.7082772370469708,prioritário
2402709,RN,Nordeste,40.95,0.7068265174209785,prioritário
2708501,AL,Nordeste,53.64,0.7068089107644562,prioritário
4318457,RS,Sul,60.4,0.706432886286579,prioritário
2511707,PB,Nordeste,56.06,0.7058007301662768,prioritário
1304062,AM,Norte,37.75,0.7057063549869629,prioritário
1301951,AM,Norte,82.23,0.7054220481128687,prioritário
2411106,RN,Nordeste,35.0,0.7053967375751855,prioritário
4322525,RS,Sul,47.1,0.7053423514397864,prioritário
4305355,RS,Sul,51.3,0.7052104623395535,prioritário
2404101,RN,Nordeste,55.2,0.7050700429976356,prioritário
4303608,RS,Sul,63.6,0.704741771077361,prioritário
1506005,PA,Norte,43.28,0.7046045497878733,prioritário
2705606,AL,Nordeste,39.85,0.7043001202986499,prioritário
2927309,BA,Nordeste,45.77,0.7029227898996694,prioritário
2413409,RN,Nordeste,31.59,0.7028614453082292,prioritário
1716208,TO,Norte,68.45,0.7026276800739906,prioritário
4311304,RS,Sul,54.6,0.7024278315186903,prioritário
1718758,TO,Norte,26.8,0.7023190306456368,prioritário
1300086,AM,Norte,53.48,0.7022568379225835,prioritário
4318309,RS,Sul,35.6,0.7021729690291499,prioritário
2704302,AL,Nordeste,40.95,0.7017070074543287,prioritário
1705102,TO,Norte,52.38,0.7015324897278641,prioritário
1501782,PA,Norte,50.55,0.701461591877322,prioritário
1600709,AP,Norte,94.21,0.7008752629781196,prioritário
2706406,AL,Nordeste,55.26,0.7003791551974045,prioritário
2702553,AL,Nordeste,36.15,0.7003518884612723,prioritário
2506905,PB,Nordeste,54.38,0.6994692617315739,prioritário
2406908,RN,Nordeste,42.86,0.698970496203855,prioritário
4301107,RS,Sul,43.2,0.6986664155806406,prioritário
4318622,RS,Sul,37.1,0.6986165148842657,prioritário
2404903,RN,Nordeste,51.63,0.6986031471618257,prioritário
3301702,RJ,Sudeste,45.37,0.6981556995431616,prioritário
2706604,AL,Nordeste,38.46,0.6953379395150805,prioritário
4313086,RS,Sul,57.9,0.6950649478672027,prioritário
1600808,AP,Norte,35.39,0.6950470823327747,prioritário
1507706,PA,Norte,47.41,0.6946498186213718,prioritário
4302808,RS,Sul,43.8,0.693240938731226,prioritário
1503002,PA,Norte,51.79,0.6928126430226165,prioritário
1507805,PA,Norte,35.9,0.6921812517815232,prioritário
1707009,TO,Norte,61.27,0.6921219725513932,prioritário
2401305,RN,Nordeste,43.77,0.691953518078577,prioritário
2804102,SE,Nordeste,58.01,0.691935247884359,prioritário
1600154,AP,Norte,44.22,0.6917576856815538,prioritário
2410504,RN,Nordeste,41.81,0.6909518152161019,prioritário
4306924,RS,Sul,41.2,0.690899940023367,prioritário
2701209,AL,Nordeste,54.19,0.6899471803425062,prioritário
4304630,RS,Sul,34.4,0.6894942389424339,prioritário
2802403,SE,Nordeste,36.4,0.6877360469302933,prioritário
2409407,RN,Nordeste,38.9,0.6872692917219996,prioritário
4319158,RS,Sul,47.5,0.686634083153884,prioritário
1703842,TO,Norte,38.52,0.6865676527789546,prioritário
4305702,RS,Sul,58.0,0.68645389376574,prioritário
2706208,AL,Nordeste,51.18,0.6855054450962123,prioritário
2511806,PB,Nordeste,41.49,0.6850422429705068,prioritário
2704708,AL,Nordeste,46.23,0.684662162183621,prioritário
2415008,RN,Nordeste,39.06,0.6840807710250365,prioritário
4305173,RS,Sul,41.7,0.6838457285362725,prioritário
1703305,TO,Norte,28.56,0.6831956037485272,prioritário
4303103,RS,Sul,40.6,0.6810082742700468,prioritário
2403103,RN,Nordeste,46.77,0.6804855444010703,prioritário
1507474,PA,Norte,40.76,0.6804353003683504,prioritário
1507953,PA,Norte,37.9,0.6794708189095521,prioritário
2504801,PB,Nordeste,48.71,0.6792587512507157,prioritário
4320453,RS,Sul,11.1,0.6789202091723662,prioritário
2504900,PB,Nordeste,47.63,0.6777970817823781,prioritário
1714880,TO,Norte,40.7,0.6763901710871179,prioritário
2413508,RN,Nordeste,48.08,0.6756879470299805,prioritário
1503200,PA,Norte,40.43,0.6753543425610927,prioritário
1507961,PA,Norte,49.88,0.6752219762139565,prioritário
2401909,RN,Nordeste,32.54,0.6741779468927673,prioritário
2506400,PB,Nordeste,27.02,0.6740484564010493,prioritário
2708956,AL,Nordeste,57.08,0.672090585595324,prioritário
1508050,PA,Norte,62.19,0.6719265433852581,prioritário
1500107,PA,Norte,35.85,0.6705820959555451,prioritário
4300455,RS,Sul,55.6,0.670424392085866,prioritário
1505650,PA,Norte,55.72,0.6693170447444168,prioritário
1504950,PA,Norte,50.02,0.6692595819307964,prioritário
2400406,RN,Nordeste,39.66,0.6680771828414619,prioritário
1301100,AM,Norte,17.29,0.6675094151892247,prioritário
1502400,PA,Norte,32.97,0.6674853532455339,prioritário
4320008,RS,Sul,48.0,0.6665610875889265,prioritário
1507409,PA,Norte,37.44,0.6663522953759149,prioritário
2924702,BA,Nordeste,56.47,0.6651576582078389,prioritário
2400901,RN,Nordeste,37.67,0.665032333431852,prioritário
4321600,RS,Sul,36.7,0.6649063723846025,prioritário
2404309,RN,Nordeste,48.2,0.6642084084887382,prioritário
1301001,AM,Norte,49.19,0.6636501765386902,prioritário
1200609,AC,Norte,45.18,0.6632488126535148,prioritário
2403202,RN,Nordeste,53.06,0.6625921975109839,prioritário
2704401,AL,Nordeste,37.84,0.6621191146705654,prioritário
1713809,TO,Norte,49.53,0.6620064390235433,prioritário
2206803,PI,Nordeste,45.57,0.6613743274792854,prioritário
4318408,RS,Sul,71.9,0.6609880655314154,prioritário
4321303,RS,Sul,13.2,0.6607021190172729,prioritário
4312203,RS,Sul,33.3,0.6604240089318669,prioritário
1507003,PA,Norte,31.66,0.6594376921002957,prioritário
2707503,AL,Nordeste,83.74,0.659275185412926,prioritário
5000708,MS,Centro-Oeste,40.97,0.6588223272229312,prioritário
2503001,PB,Nordeste,29.81,0.6586889155497683,prioritário
1710706,TO,Norte,18.09,0.6584514813731434,prioritário
1600279,AP,Norte,39.8,0.6579523570391843,prioritário
1704600,TO,Norte,6.25,0.6575420720165478,prioritário
2707701,AL,Nordeste,38.78,0.6575152167579822,prioritário
4300638,RS,Sul,57.2,0.6574717402181319,prioritário
1702208,TO,Norte,50.5,0.6573536586180324,prioritário
2409209,RN,Nordeste,50.69,0.6568022727346966,prioritário
1303106,AM,Norte,32.8,0.6566448284667635,prioritário
3300456,RJ,Sudeste,38.9,0.6557607678707136,prioritário
2401107,RN,Nordeste,39.95,0.6556756165294799,prioritário
1600105,AP,Norte,19.03,0.6554456308303419,prioritário
1508159,PA,Norte,60.84,0.6553851304804381,prioritário
2706448,AL,Nordeste,35.8,0.6553007688437391,prioritário
2703106,AL,Nordeste,24.34,0.6539946003216124,prioritário
2500601,PB,Nordeste,30.75,0.6532845317781241,prioritário
4311106,RS,Sul,53.4,0.6531572553476196,prioritário
1703008,TO,Norte,19.17,0.6530420127020736,prioritário
1701051,TO,Norte,59.12,0.65132559123482,prioritário
4322327,RS,Sul,61.7,0.6507889920326129,prioritário
2902807,BA,Nordeste,47.17,0.649092492798334,prioritário
1300607,AM,Norte,34.3,0.6486951495031643,prioritário
4310504,RS,Sul,59.4,0.6477588768530189,prioritário
4321352,RS,Sul,37.0,0.6476362145178897,prioritário
2401404,RN,Nordeste,35.36,0.6474293758244051,prioritário
2506806,PB,Nordeste,37.97,0.6472943452013128,prioritário
2701357,AL,Nordeste,62.12,0.6459717880617601,prioritário
1713957,TO,Norte,49.28,0.6459705743274202,prioritário
2414159,RN,Nordeste,37.18,0.644577970975336,prioritário
1712454,TO,Norte,48.91,0.6444526158878013,prioritário
4316451,RS,Sul,50.9,0.6444488437514723,prioritário
1501907,PA,Norte,51.61,0.6439218894167251,prioritário
1507466,PA,Norte,43.23,0.643536336605099,prioritário
4320354,RS,Sul,23.5,0.6432263300105033,prioritário
2500502,PB,Nordeste,53.1,0.6426958143194667,prioritário
4311601,RS,Sul,73.9,0.6426129089691631,prioritário
4313953,RS,Sul,25.7,0.642473666762543,prioritário
4305975,RS,Sul,52.3,0.6421578463575316,prioritário
2706109,AL,Nordeste,52.43,0.6421364852996904,prioritário
1303007,AM,Norte,57.1,0.6415680998766581,prioritário
2705002,AL,Nordeste,42.45,0.6412304896328731,prioritário
2401503,RN,Nordeste,74.35,0.640876603598803,prioritário
1718865,TO,Norte,31.33,0.6408255888685797,prioritário
1302009,AM,Norte,36.03,0.6405885787045238,prioritário
4312500,RS,Sul,40.8,0.6404665235492246,prioritário
1600535,AP,Norte,73.42,0.6402745428433226,prioritário
1500909,PA,Norte,43.99,0.639991282425379,prioritário
2408003,RN,Nordeste,45.41,0.6385253125266966,prioritário
2701605,AL,Nordeste,62.21,0.6382608393295681,prioritário
2921005,BA,Nordeste,56.92,0.6380820005811048,prioritário
4321436,RS,Sul,60.3,0.6370788376419962,prioritário
4303202,RS,Sul,58.2,0.6370721880368523,prioritário
3305109,RJ,Sudeste,35.97,0.6359601291325113,prioritário
4310538,RS,Sul,38.5,0.6353002111459125,prioritário
2402105,RN,Nordeste,39.72,0.6349749110233128,prioritário
1505106,PA,Norte,53.98,0.6346796466699166,prioritário
1506559,PA,Norte,39.77,0.6345672020814718,prioritário
1700400,TO,Norte,48.18,0.6341276858506,prioritário
1700350,TO,Norte,76.09,0.6339403369502246,prioritário
4323705,RS,Sul,100.0,0.6333223894617831,prioritário
4311502,RS,Sul,45.7,0.6333047456788845,prioritário
2702405,AL,Nordeste,28.13,0.6327772499824031,prioritário
3303500,RJ,Sudeste,33.42,0.6318569838417418,prioritário
4306957,RS,Sul,60.0,0.6318546279991096,prioritário
1302702,AM,Norte,57.02,0.6316047991123643,prioritário
1301159,AM,Norte,27.35,0.6313124490229134,prioritário
1721208,TO,Norte,35.44,0.6310830041979539,prioritário
2912509,BA,Nordeste,46.81,0.6299224230486694,prioritário
4323457,RS,Sul,44.0,0.6293892442157573,prioritário
2204402,PI,Nordeste,39.2,0.6292360343350891,prioritário
4309308,RS,Sul,31.5,0.6291623830050396,prioritário
2412500,RN,Nordeste,44.85,0.6287909665068253,prioritário
2205532,PI,Nordeste,98.36,0.6285047238694091,prioritário
1508407,PA,Norte,49.27,0.6284708086715113,prioritário
2503407,PB,Nordeste,52.5,0.6284387352090574,prioritário
2707206,AL,Nordeste,48.87,0.6282644667748474,prioritário
1507458,PA,Norte,52.06,0.6280032535300166,prioritário
2403301,RN,Nordeste,67.02,0.6276315917419675,prioritário
2503605,PB,Nordeste,72.22,0.6275816412669941,prioritário
1200336,AC,Norte,38.07,0.6274635393928646,prioritário
2709004,AL,Nordeste,53.45,0.6272848020687148,prioritário
2701704,AL,Nordeste,42.53,0.6271899265976293,prioritário
1700251,TO,Norte,75.0,0.6266888980406915,prioritário
2412104,RN,Nordeste,71.7,0.626163586103941,prioritário
1600402,AP,Norte,44.22,0.6257993096559235,prioritário
4308300,RS,Sul,60.0,0.6246100991122302,prioritário
2700706,AL,Nordeste,45.96,0.6245905778332385,prioritário
4318507,RS,Sul,38.2,0.6243250238442192,prioritário
2707305,AL,Nordeste,45.99,0.6241409056445296,prioritário
1507607,PA,Norte,49.59,0.6232631614429858,prioritário
1720309,TO,Norte,58.96,0.6231958387844881,prioritário
1503309,PA,Norte,41.34,0.6229973754353716,prioritário
1303809,AM,Norte,31.59,0.6227132414801652,prioritário
2501302,PB,Nordeste,44.46,0.6209393084311882,prioritário
1500347,PA,Norte,51.4,0.6207574027366802,prioritário
1504406,PA,Norte,45.42,0.6206715267885222,prioritário
1720903,TO,Norte,42.45,0.6201505859688853,prioritário
2410009,RN,Nordeste,63.16,0.6198139248462393,prioritário
2401008,RN,Nordeste,48.86,0.6197084960406304,prioritário
4314407,RS,Sul,39.4,0.6196423917173697,prioritário
4304408,RS,Sul,42.2,0.6184778725069039,prioritário
1302900,AM,Norte,45.97,0.6183012205996976,prioritário
4311254,RS,Sul,42.9,0.6182563710416433,prioritário
2414753,RN,Nordeste,53.85,0.6180822020399781,prioritário
1503903,PA,Norte,51.0,0.6168016369333196,prioritário
1505304,PA,Norte,30.61,0.616589294245259,prioritário
1507508,PA,Norte,35.42,0.6159213570363691,prioritário
2704906,AL,Nordeste,57.65,0.6151655341988376,prioritário
1504505,PA,Norte,28.64,0.6150837779502659,prioritário
1302108,AM,Norte,91.93,0.6149246459326932,prioritário
4311122,RS,Sul,25.6,0.614868507829212,prioritário
1502905,PA,Norte,33.48,0.6146580305715066,prioritário
2924306,BA,Nordeste,45.33,0.6146117779679506,prioritário
1502954,PA,Norte,50.59,0.6139907220801782,prioritário
1301852,AM,Norte,34.35,0.6136816874382479,prioritário
4309001,RS,Sul,46.3,0.613421882744673,prioritário
1501303,PA,Norte,39.5,0.6126423142751416,prioritário
2510204,PB,Nordeste,38.04,0.6124147226793281,prioritário
2407906,RN,Nordeste,32.92,0.6117380355684953,prioritário
4300406,RS,Sul,41.0,0.6116441116393716,prioritário
1702554,TO,Norte,59.95,0.6112265282305718,prioritário
4305124,RS,Sul,39.8,0.6109813540020446,prioritário
2511301,PB,Nordeste,38.92,0.6109807357414045,prioritário
4322152,RS,Sul,41.1,0.6106322148278281,prioritário
4322509,RS,Sul,38.1,0.6105916630273835,prioritário
1706100,TO,Norte,61.42,0.6103178837895769,prioritário
1501956,PA,Norte,52.04,0.6100154411062221,prioritário
4302907,RS,Sul,49.0,0.6096595853698383,prioritário
2411809,RN,Nordeste,64.89,0.6096536024663638,prioritário
4305447,RS,Sul,69.0,0.6095718190411166,prioritário
1717008,TO,Norte,33.88,0.6077641938036273,prioritário
1717909,TO,Norte,30.99,0.607500331451226,prioritário
2705804,AL,Nordeste,36.22,0.6064072638430874,prioritário
4306304,RS,Sul,45.5,0.6059052189497431,prioritário
4304705,RS,Sul,42.0,0.6051931836206533,prioritário
1506104,PA,Norte,49.94,0.6048845228411158,prioritário
1720499,TO,Norte,46.24,0.6043708829659089,prioritário
4320230,RS,Sul,36.1,0.6026232310622098,prioritário
1300409,AM,Norte,38.21,0.6023321754793867,prioritário
2503803,PB,Nordeste,32.4,0.6023104750017101,prioritário
2702504,AL,Nordeste,64.23,0.6018849489109248,prioritário
4320800,RS,Sul,61.9,0.6013774349875196,prioritário
1718808,TO,Norte,43.25,0.601318323252292,prioritário
4304689,RS,Sul,54.3,0.6013124332005882,prioritário
2405900,RN,Nordeste,38.89,0.6012672182445011,prioritário
4319406,RS,Sul,61.6,0.5992855490900135,prioritário
4314803,RS,Sul,39.7,0.5980915213615026,prioritário
2402006,RN,Nordeste,44.58,0.5974272137742613,prioritário
1300631,AM,Norte,83.74,0.5969448972860152,prioritário
4300307,RS,Sul,33.3,0.5957850948380361,prioritário
1303403,AM,Norte,51.36,0.5944875381460771,prioritário
2202505,PI,Nordeste,49.31,0.5935498441622913,prioritário
4304663,RS,Sul,28.2,0.5925396643062377,prioritário
4317509,RS,Sul,41.5,0.5918127105700225,prioritário
4313706,RS,Sul,49.5,0.59171587847582,prioritário
1700707,TO,Norte,72.02,0.591575038575879,prioritário
4315602,RS,Sul,43.2,0.5912604675845838,prioritário
2701803,AL,Nordeste,38.85,0.5909999543921545,prioritário
2206209,PI,Nordeste,60.79,0.5908953655912392,prioritário
2507101,PB,Nordeste,84.21,0.5906771550445766,prioritário
4322004,RS,Sul,68.5,0.5903822842680344,prioritário
4322400,RS,Sul,47.3,0.5900843099050603,prioritário
1301654,AM,Norte,54.66,0.5897273357898118,prioritário
4322103,RS,Sul,16.7,0.5895473415124011,prioritário
2920304,BA,Nordeste,70.27,0.5894589645934332,prioritário
1720002,TO,Norte,57.14,0.5892050870480657,prioritário
1600600,AP,Norte,55.32,0.5889834618924458,prioritário
1304401,AM,Norte,46.46,0.5886663887197014,prioritário
4316105,RS,Sul,53.7,0.5878863702927835,prioritário
5001102,MS,Centro-Oeste,58.42,0.5876870697861628,prioritário
2516805,PB,Nordeste,63.35,0.5874677480043143,prioritário
4301503,RS,Sul,63.2,0.5872476167593567,prioritário
2211100,PI,Nordeste,35.21,0.5861495659891556,prioritário
1500958,PA,Norte,55.54,0.5861188092790336,prioritário
1505551,PA,Norte,48.91,0.5857984555165496,prioritário
1508001,PA,Norte,49.49,0.5855028686645452,prioritário
2708808,AL,Nordeste,42.43,0.5846902605865031,prioritário
4313441,RS,Sul,47.4,0.5846011062315483,prioritário
2500908,PB,Nordeste,52.9,0.5843388741933592,prioritário
1600501,AP,Norte,21.03,0.5838695845247779,prioritário
2508208,PB,Nordeste,42.8,0.5838650003394874,prioritário
2515906,PB,Nordeste,74.71,0.5836564498245057,prioritário
1707306,TO,Norte,68.54,0.5821559717809058,prioritário
1507151,PA,Norte,40.37,0.582065848462929,prioritário
2705200,AL,Nordeste,41.87,0.5814730709360124,prioritário
1303957,AM,Norte,29.46,0.5812132737699276,prioritário
4319802,RS,Sul,45.7,0.5801965692940486,prioritário
2702603,AL,Nordeste,44.46,0.579774907543199,prioritário
2516755,PB,Nordeste,48.73,0.579111484651503,prioritário
2703502,AL,Nordeste,77.02,0.5788170325998703,prioritário
2414902,RN,Nordeste,61.9,0.5785767292381271,prioritário
1505064,PA,Norte,47.88,0.57854553232195,prioritário
4310413,RS,Sul,35.3,0.5783016671199039,prioritário
4307203,RS,Sul,38.8,0.5781618924495001,prioritário
2504033,PB,Nordeste,60.4,0.5778874243473654,prioritário
5002605,MS,Centro-Oeste,60.41,0.5772821355329489,prioritário
2211357,PI,Nordeste,31.25,0.5766739287839542,prioritário
4312401,RS,Sul,39.8,0.5761278955622253,prioritário
2704500,AL,Nordeste,45.6,0.5759014764851532,prioritário
3302270,RJ,Sudeste,36.88,0.5758567744112882,prioritário
2413607,RN,Nordeste,47.88,0.5756169742604849,prioritário
4303509,RS,Sul,56.4,0.5755141870924537,prioritário
2508604,PB,Nordeste,44.96,0.5751937637323641,prioritário
2515104,PB,Nordeste,57.17,0.5751494047699005,prioritário
2706703,AL,Nordeste,42.23,0.574948743405241,prioritário
1702406,TO,Norte,61.2,0.5748285124147903,prioritário
2406403,RN,Nordeste,29.67,0.5727874497712455,prioritário
1503044,PA,Norte,67.37,0.5726324958862646,prioritário
2703205,AL,Nordeste,50.74,0.5724746788475016,prioritário
1714302,TO,Norte,34.23,0.5719188061167608,prioritário
4312450,RS,Sul,47.4,0.5714950459667639,prioritário
2706422,AL,Nordeste,68.76,0.5712180934278662,prioritário
1504703,PA,Norte,34.29,0.5702260908738083,prioritário
1507102,PA,Norte,69.85,0.5693512361934936,prioritário
4319604,RS,Sul,49.7,0.5692691394898154,prioritário
2509107,PB,Nordeste,70.06,0.5691636144327011,prioritário
1506609,PA,Norte,39.79,0.5690087592241038,prioritário
1712405,TO,Norte,19.44,0.5689849349747137,prioritário
4316907,RS,Sul,39.7,0.568972915978112,prioritário
4304952,RS,Sul,40.0,0.5684771297478842,prioritário
4301073,RS,Sul,18.2,0.5681687703437182,prioritário
4318903,RS,Sul,42.3,0.5677027943663355,prioritário
2411007,RN,Nordeste,41.06,0.5665069593772852,prioritário
1300201,AM,Norte,84.07,0.5658385090470985,prioritário
1713700,TO,Norte,44.77,0.5658361352413872,prioritário
2516409,PB,Nordeste,77.72,0.5648387997471859,prioritário
2410801,RN,Nordeste,53.36,0.5635911334602373,prioritário
1505403,PA,Norte,56.24,0.5634957550302724,prioritário
1504307,PA,Norte,47.51,0.56294457972473,prioritário
2706802,AL,Nordeste,42.39,0.5626811255561377,prioritário
3304144,RJ,Sudeste,37.63,0.5620483024879552,prioritário
2403400,RN,Nordeste,59.19,0.561412030625441,prioritário
4316808,RS,Sul,43.8,0.5613836027754211,prioritário
4318804,RS,Sul,58.7,0.5612536591671761,prioritário
2413805,RN,Nordeste,73.08,0.5608365727625885,prioritário
1200179,AC,Norte,34.97,0.5606694906404965,prioritário
1500206,PA,Norte,41.73,0.5605753763533516,prioritário
2506301,PB,Nordeste,59.62,0.5600356193448175,prioritário
4320321,RS,Sul,50.0,0.5598247894758454,prioritário
2207504,PI,Nordeste,46.19,0.5587698652346663,prioritário
5106109,MT,Centro-Oeste,82.05,0.5585917509746557,prioritário
2501906,PB,Nordeste,34.72,0.5575465266787399,prioritário
4315107,RS,Sul,52.9,0.5571368211378492,prioritário
2506707,PB,Nordeste,39.64,0.5571221469114576,prioritário
1506302,PA,Norte,49.47,0.5562237373173151,prioritário
2509404,PB,Nordeste,60.61,0.5561406041324777,prioritário
4316709,RS,Sul,37.9,0.5560672137100544,prioritário
1300706,AM,Norte,44.78,0.5554601467155214,prioritário
1200054,AC,Norte,49.17,0.5554336056622344,prioritário
2707800,AL,Nordeste,45.95,0.5553918093382602,prioritário
1304302,AM,Norte,73.95,0.5553462383421842,prioritário
2703304,AL,Nordeste,83.03,0.5544282116850556,prioritário
1503457,PA,Norte,42.95,0.5538316317606898,prioritário
4315008,RS,Sul,100.0,0.5526570791151907,prioritário
2205300,PI,Nordeste,75.31,0.5521755796775383,prioritário
1502509,PA,Norte,74.09,0.5519255981737334,prioritário
1506500,PA,Norte,34.18,0.5514367576139623,prioritário
1502608,PA,Norte,37.22,0.5512929807151365,prioritário
1715259,TO,Norte,61.24,0.5512606538987561,prioritário
1301308,AM,Norte,40.59,0.5504644841962733,prioritário
2511004,PB,Nordeste,69.89,0.5502495886157335,prioritário
4310900,RS,Sul,61.9,0.5492411617324803,prioritário
4306932,RS,Sul,51.0,0.5491987676713436,prioritário
4314506,RS,Sul,50.2,0.5490283662335823,prioritário
1300102,AM,Norte,77.45,0.5488217176795349,prioritário
1200351,AC,Norte,62.82,0.5487012409067173,prioritário
4306759,RS,Sul,80.0,0.5486897315264714,prioritário
4303004,RS,Sul,40.2,0.5481529767780975,prioritário
4305116,RS,Sul,75.0,0.5480843614999908,prioritário
2504405,PB,Nordeste,96.17,0.5479488510830347,prioritário
4302378,RS,Sul,71.4,0.5479212183700292,prioritário
1504000,PA,Norte,47.82,0.5475571983140058,prioritário
4304622,RS,Sul,60.0,0.5472190956870715,prioritário
1200344,AC,Norte,42.51,0.546909163668178,prioritário
4306106,RS,Sul,50.9,0.5464720835665331,prioritário
2207603,PI,Nordeste,47.35,0.5459941482274407,prioritário
1713304,TO,Norte,63.01,0.5459792473215066,prioritário
4317806,RS,Sul,69.9,0.5459521723020192,prioritário
1304005,AM,Norte,38.73,0.5455084461383135,prioritário
2502706,PB,Nordeste,67.57,0.54503558787468,prioritário
2107456,MA,Nordeste,37.64,0.5446495534047564,prioritário
2707107,AL,Nordeste,25.08,0.5445907009168796,prioritário
2905008,BA,Nordeste,47.96,0.544512728241057,prioritário
4315131,RS,Sul,94.1,0.5443042550952392,prioritário
1508357,PA,Norte,70.18,0.5435944733270968,prioritário
2513158,PB,Nordeste,48.11,0.5433507991550883,prioritário
2412401,RN,Nordeste,56.41,0.543227215482554,prioritário
2505204,PB,Nordeste,24.78,0.5431665778784635,prioritário
2512903,PB,Nordeste,60.02,0.542707607731433,prioritário
1713601,TO,Norte,19.71,0.5422920682847852,prioritário
1722107,TO,Norte,42.82,0.5421904264088733,prioritário
4316402,RS,Sul,34.1,0.5417298575598551,prioritário
3503158,SP,Sudeste,37.41,0.5411129990149974,prioritário
1709807,TO,Norte,21.43,0.540048741963946,prioritário
1301704,AM,Norte,57.23,0.5397845952093583,prioritário
2500577,PB,Nordeste,50.16,0.5397621801892906,prioritário
2413557,RN,Nordeste,62.68,0.5397306412720572,prioritário
4306205,RS,Sul,35.2,0.5393752903490614,prioritário
4313409,RS,Sul,36.0,0.5389250905613365,prioritário
2912004,BA,Nordeste,61.19,0.5386228906956877,prioritário
1503507,PA,Norte,49.64,0.5376656796158674,prioritário
4322376,RS,Sul,38.1,0.5376611311475765,prioritário
4306056,RS,Sul,78.4,0.5357722762364938,prioritário
1505007,PA,Norte,51.68,0.5357461160014527,prioritário
1705607,TO,Norte,35.8,0.5357263150353527,prioritário
4309951,RS,Sul,70.6,0.5354019510105933,prioritário
4301057,RS,Sul,46.5,0.5350439315923232,prioritário
4310553,RS,Sul,42.9,0.5344244358180574,prioritário
1508100,PA,Norte,44.7,0.5342811703448199,prioritário
4308078,RS,Sul,65.0,0.5341961796412025,prioritário
2701902,AL,Nordeste,51.71,0.5341807943943215,prioritário
4321105,RS,Sul,59.3,0.5331673909096516,prioritário
4308458,RS,Sul,72.7,0.5331608336006741,prioritário
4314605,RS,Sul,42.8,0.5329584691916068,prioritário
1703701,TO,Norte,49.45,0.532820556603284,prioritário
1505700,PA,Norte,57.13,0.5326746122729183,prioritário
2414308,RN,Nordeste,40.0,0.5314036443556913,prioritário
1304203,AM,Norte,36.78,0.5300136576032642,prioritário
4314076,RS,Sul,50.2,0.5296798699169567,prioritário
4320859,RS,Sul,24.7,0.5293767087829407,prioritário
1503606,PA,Norte,59.22,0.5289989733676623,prioritário
1701101,TO,Norte,35.78,0.5288893616160775,prioritário
1302504,AM,Norte,37.28,0.5286104654497619,prioritário
1505494,PA,Norte,44.75,0.528156664453743,prioritário
1706506,TO,Norte,45.61,0.5279472421946171,prioritário
1706001,TO,Norte,49.04,0.527841652613457,prioritário
4309209,RS,Sul,41.0,0.5276819495189841,prioritário
4306320,RS,Sul,80.0,0.5276361906341616,prioritário
1703909,TO,Norte,31.53,0.5261975650053936,prioritário
2707008,AL,Nordeste,48.15,0.5250534885012753,prioritário
2511509,PB,Nordeste,38.07,0.5246660431510201,prioritário
1508035,PA,Norte,37.16,0.5244163830396976,prioritário
1718659,TO,Norte,19.61,0.5240760150388782,prioritário
4320677,RS,Sul,36.3,0.5238640177346667,prioritário
1718881,TO,Norte,39.73,0.5234362100712702,prioritário
4322707,RS,Sul,41.9,0.5227159704607383,prioritário
4307708,RS,Sul,47.0,0.5225212221245374,prioritário
3302502,RJ,Sudeste,46.66,0.5223865812667202,prioritário
1705557,TO,Norte,56.14,0.5221973974519656,prioritário
4300034,RS,Sul,52.5,0.5219385390657768,prioritário
1710904,TO,Norte,53.53,0.5217844955645867,prioritário
4308003,RS,Sul,66.7,0.5216363312701654,prioritário
2703908,AL,Nordeste,44.34,0.521598372554357,prioritário
4315057,RS,Sul,95.2,0.5215768041957322,prioritário
1502152,PA,Norte,65.12,0.5214348887318402,prioritário
4311205,RS,Sul,42.2,0.5209946947639637,prioritário
1705508,TO,Norte,55.82,0.5208988642138312,prioritário
4304671,RS,Sul,43.9,0.520876772425613,prioritário
4304655,RS,Sul,71.8,0.5207992093706788,prioritário
4316758,RS,Sul,54.2,0.5196617337402046,prioritário
2514453,PB,Nordeste,27.36,0.5196415641035027,prioritário
1718204,TO,Norte,44.11,0.5191535470192016,prioritário
1715002,TO,Norte,55.38,0.5190752074735532,prioritário
2702702,AL,Nordeste,45.9,0.5190091507463263,prioritário
1200807,AC,Norte,39.69,0.5186957091336937,prioritário
2702207,AL,Nordeste,54.67,0.5184984782235966,prioritário
2702009,AL,Nordeste,77.24,0.5180273979895105,prioritário
4302204,RS,Sul,74.0,0.5176208397275077,prioritário
1506187,PA,Norte,68.8,0.5163790575875419,prioritário
2706307,AL,Nordeste,38.67,0.5161702042713998,prioritário
1505437,PA,Norte,53.11,0.5160467126611337,prioritário
2700607,AL,Nordeste,39.04,0.5158039113285238,prioritário
3529401,SP,Sudeste,46.04,0.5152987934373913,prioritário
1506203,PA,Norte,50.44,0.5151074104479548,prioritário
4309126,RS,Sul,37.5,0.514859961847487,prioritário
4306973,RS,Sul,38.5,0.5142441688155509,prioritário
2509057,PB,Nordeste,24.23,0.5123843880825926,prioritário
2507903,PB,Nordeste,46.57,0.512105766611392,prioritário
1507755,PA,Norte,71.84,0.5121031335196444,prioritário
4303806,RS,Sul,68.0,0.5115559793564874,prioritário
1501808,PA,Norte,55.58,0.5108304768558686,prioritário
1722081,TO,Norte,41.89,0.5083082757291736,prioritário
1200385,AC,Norte,33.78,0.5077603723592873,prioritário
1504752,PA,Norte,43.72,0.5069072322689074,prioritário
1716307,TO,Norte,37.96,0.5066515043841783,prioritário
1300839,AM,Norte,21.72,0.5066155056121505,prioritário
2708709,AL,Nordeste,50.67,0.5063471268634191,prioritário
1506112,PA,Norte,47.3,0.5062086636543468,prioritário
2207850,PI,Nordeste,90.0,0.5058693223980643,prioritário
4310330,RS,Sul,36.9,0.5054963524864116,prioritário
4315073,RS,Sul,88.2,0.5052411643110579,prioritário
1501725,PA,Norte,87.6,0.5046938824703137,prioritário
2507200,PB,Nordeste,36.64,0.5040685922800665,prioritário
1504109,PA,Norte,60.05,0.504022725531062,prioritário
1711803,TO,Norte,49.1,0.5034105796720233,prioritário
4305132,RS,Sul,66.7,0.502925970433739,prioritário
1503093,PA,Norte,42.29,0.5026972405852859,prioritário
4312443,RS,Sul,75.0,0.5018571714369902,prioritário
2702801,AL,Nordeste,49.34,0.5006864416843277,prioritário
2706901,AL,Nordeste,45.81,0.49982590861985476,prioritário
1505635,PA,Norte,57.18,0.49964044799352514,prioritário
2703403,AL,Nordeste,54.66,0.4993661360642254,prioritário
2503704,PB,Nordeste,50.91,0.4987718270896967,prioritário
3523107,SP,Sudeste,57.19,0.4984113625803655,prioritário
1711100,TO,Norte,24.0,0.49798396007294804,prioritário
1502301,PA,Norte,48.98,0.4979066455652887,prioritário
4308052,RS,Sul,51.9,0.4978115667751777,prioritário
1504208,PA,Norte,50.68,0.49724501771700924,prioritário
4311809,RS,Sul,43.6,0.49632915168449826,prioritário
4306379,RS,Sul,53.6,0.49606318875852456,prioritário
2106904,MA,Nordeste,36.19,0.49563694575083506,prioritário
1707652,TO,Norte,51.74,0.4955615662802224,prioritário
4309654,RS,Sul,42.8,0.49500278586389473,prioritário
2110807,MA,Nordeste,44.69,0.49390086858453963,prioritário
1508209,PA,Norte,37.71,0.493770272939364,prioritário
4319372,RS,Sul,64.3,0.4934859079801464,prioritário
1302553,AM,Norte,20.56,0.49343265139701586,prioritário
4308508,RS,Sul,53.8,0.4932960220290509,prioritário
1701002,TO,Norte,46.69,0.4929736998944999,prioritário
2511608,PB,Nordeste,61.18,0.49244879521819285,prioritário
2515807,PB,Nordeste,85.71,0.49227559227327394,prioritário
1502202,PA,Norte,59.49,0.4921173643236614,prioritário
2109700,MA,Nordeste,77.94,0.4915187278089625,prioritário
1716653,TO,Norte,61.79,0.49142959536537195,prioritário
2100832,MA,Nordeste,39.08,0.49122200208150224,prioritário
2504702,PB,Nordeste,40.66,0.491089864298155,prioritário
2501401,PB,Nordeste,44.76,0.4910264814038647,prioritário
1720804,TO,Norte,50.64,0.49063090541099896,prioritário
4319901,RS,Sul,41.1,0.48938932894158715,prioritário
4300802,RS,Sul,46.6,0.4892890922429251,prioritário
3521200,SP,Sudeste,65.63,0.48927782835088107,prioritário
2700102,AL,Nordeste,48.8,0.4891508177497806,prioritário
4313490,RS,Sul,37.0,0.4888188363014148,prioritário
4321501,RS,Sul,44.0,0.48826407460205645,prioritário
4310850,RS,Sul,25.0,0.48725373693822244,prioritário
4310702,RS,Sul,36.8,0.48708546436608574,prioritário
1503408,PA,Norte,45.41,0.4866988752117612,prioritário
4315750,RS,Sul,42.1,0.48627278331102114,prioritário
1506583,PA,Norte,42.45,0.4861854251662031,prioritário
4310652,RS,Sul,71.4,0.4859537097865652,prioritário
2512762,PB,Nordeste,75.0,0.48577669862643597,prioritário
1706258,TO,Norte,82.61,0.4854045587324142,prioritário
1718006,TO,Norte,37.89,0.4851332640758046,prioritário
2708907,AL,Nordeste,55.11,0.4842810591571856,prioritário
2400703,RN,Nordeste,52.52,0.4835408114122229,prioritário
4323507,RS,Sul,33.3,0.48352521731963194,prioritário
2510808,PB,Nordeste,67.47,0.48325223321686755,prioritário
4318705,RS,Sul,37.2,0.4813522738695956,prioritário
2206654,PI,Nordeste,19.39,0.48121841637487967,prioritário
1710508,TO,Norte,41.1,0.48108444040299614,prioritário
2502904,PB,Nordeste,64.03,0.4810545283471245,prioritário
4301552,RS,Sul,37.5,0.48071661107772884,prioritário
1707108,TO,Norte,60.78,0.4805639375964514,prioritário
2502409,PB,Nordeste,60.93,0.4797512164768478,prioritário
1502707,PA,Norte,50.69,0.4792746072482242,prioritário
2510402,PB,Nordeste,89.36,0.4790581365877881,prioritário
2800100,SE,Nordeste,50.0,0.4789812558652148,prioritário
1302603,AM,Norte,50.13,0.47817550384091123,prioritário
1600550,AP,Norte,30.66,0.4780416303229205,prioritário
1506195,PA,Norte,54.76,0.47758153126050373,prioritário
1301902,AM,Norte,42.66,0.47742239732204633,prioritário
1718550,TO,Norte,54.32,0.47730834921430576,prioritário
3301009,RJ,Sudeste,38.33,0.47726494169210815,prioritário
2414100,RN,Nordeste,52.25,0.47634160156342054,prioritário
1715507,TO,Norte,31.58,0.4758931501131194,prioritário
2514503,PB,Nordeste,55.77,0.475133606921746,prioritário
2515930,PB,Nordeste,75.35,0.47429823460557546,prioritário
4323804,RS,Sul,37.9,0.4735043833210124,prioritário
3512902,SP,Sudeste,56.46,0.4729967823172549,prioritário
2931053,BA,Nordeste,61.8,0.4724737572211662,prioritário
2502003,PB,Nordeste,40.07,0.47082393898380936,prioritário
4316303,RS,Sul,76.0,0.4704617194222624,prioritário
4302253,RS,Sul,75.0,0.47042410207622515,prioritário
2404804,RN,Nordeste,22.22,0.47021458198215826,prioritário
1708304,TO,Norte,40.0,0.470140630744318,prioritário
1501402,PA,Norte,46.08,0.4695027516974161,prioritário
2209450,PI,Nordeste,78.26,0.4694237413335493,prioritário
4305108,RS,Sul,43.2,0.46918299935030283,prioritário
4314050,RS,Sul,37.8,0.4689493485410284,prioritário
5006903,MS,Centro-Oeste,67.46,0.4687350687357534,prioritário
5000609,MS,Centro-Oeste,69.72,0.46853093316631717,prioritário
2501351,PB,Nordeste,93.96,0.4684493781501919,prioritário
1703107,TO,Norte,49.74,0.46793343190421155,prioritário
3506904,SP,Sudeste,69.75,0.46778562362767123,prioritário
4311239,RS,Sul,54.2,0.4674791678064302,prioritário
4318002,RS,Sul,46.4,0.4671781737236719,prioritário
2503308,PB,Nordeste,52.23,0.46704093685055714,prioritário
4304101,RS,Sul,33.9,0.46510752431640173,prioritário
1703867,TO,Norte,52.01,0.46469940231512863,prioritário
1506906,PA,Norte,78.25,0.46447367759223046,prioritário
2515302,PB,Nordeste,39.0,0.46391570093758105,prioritário
1200203,AC,Norte,42.18,0.4638475425149594,prioritário
2405702,RN,Nordeste,56.51,0.46373973234814814,prioritário
2208106,PI,Nordeste,61.41,0.4635777396042257,prioritário
2502607,PB,Nordeste,79.06,0.4621556414060392,prioritário
3522653,SP,Sudeste,29.85,0.46141175768301707,prioritário
1506807,PA,Norte,51.29,0.46103224776935875,prioritário
2700300,AL,Nordeste,43.75,0.4604480326232554,prioritário
3503000,SP,Sudeste,72.03,0.46005734741498233,prioritário
2503555,PB,Nordeste,47.9,0.45998500835377254,prioritário
2208809,PI,Nordeste,31.32,0.4599069713540629,prioritário
1709500,TO,Norte,54.37,0.45978450898105694,prioritário
4320701,RS,Sul,70.8,0.4595278742316854,prioritário
2708600,AL,Nordeste,57.17,0.4593135240221993,prioritário
1502764,PA,Norte,45.2,0.45911890822177803,prioritário
2201770,PI,Nordeste,47.16,0.4589328348958745,prioritário
2508406,PB,Nordeste,82.76,0.45814070656025646,prioritário
4322202,RS,Sul,44.4,0.45732793522992643,prioritário
2106326,MA,Nordeste,41.67,0.4572355140179162,prioritário
2511905,PB,Nordeste,51.59,0.4570537745875551,prioritário
2410702,RN,Nordeste,37.5,0.45594534406204645,prioritário
4307500,RS,Sul,39.1,0.4555265477121271,prioritário
4310405,RS,Sul,57.7,0.45528852319890845,prioritário
4202305,SC,Sul,35.03,0.4551163065125704,prioritário
2705903,AL,Nordeste,82.14,0.4547453737332379,prioritário
2501104,PB,Nordeste,90.53,0.45452529151513876,prioritário
2516904,PB,Nordeste,44.45,0.4540050865222022,prioritário
1703057,TO,Norte,36.96,0.4538741291540049,prioritário
1702307,TO,Norte,68.32,0.45344112557930744,prioritário
2205458,PI,Nordeste,43.83,0.45314339597861336,prioritário
2607802,PE,Nordeste,57.35,0.45304853919071253,prioritário
4313904,RS,Sul,51.2,0.45228887807651363,prioritário
2202653,PI,Nordeste,46.21,0.4512086634149223,prioritário
5107883,MT,Centro-Oeste,94.74,0.4505282639849457,prioritário
4320263,RS,Sul,84.9,0.45027477622161527,prioritário
2700201,AL,Nordeste,45.26,0.45010006716426293,prioritário
2708402,AL,Nordeste,50.43,0.4495983440385291,prioritário
2108108,MA,Nordeste,90.57,0.4491771895736348,prioritário
2516508,PB,Nordeste,90.59,0.4491185152790888,prioritário
3551009,SP,Sudeste,47.93,0.4489538881423969,prioritário
2507002,PB,Nordeste,48.7,0.4487910345298993,prioritário
1703073,TO,Norte,18.26,0.44837412292347373,prioritário
2517407,PB,Nordeste,64.73,0.44768213152056274,prioritário
2507804,PB,Nordeste,76.21,0.44762449568835777,prioritário
2207900,PI,Nordeste,41.98,0.447539152479564,prioritário
2507408,PB,Nordeste,23.83,0.4470237165753783,prioritário
2112605,MA,Nordeste,38.63,0.4468924882132765,prioritário
3525409,SP,Sudeste,49.55,0.4465625039040969,prioritário
2503506,PB,Nordeste,63.3,0.4465152815054752,prioritário
1501451,PA,Norte,57.61,0.44612684669839187,prioritário
2703700,AL,Nordeste,40.27,0.44608714718974046,prioritário
2201408,PI,Nordeste,40.17,0.44593558542377343,prioritário
4309050,RS,Sul,34.3,0.4453522119446879,prioritário
1718899,TO,Norte,43.12,0.4453246665532719,prioritário
1504422,PA,Norte,48.97,0.4446867102021087,prioritário
1717206,TO,Norte,54.55,0.44442780842386326,prioritário
5102603,MT,Centro-Oeste,44.13,0.44380520114625854,prioritário
2918704,BA,Nordeste,56.52,0.44356242560777936,prioritário
2104081,MA,Nordeste,77.76,0.4432494896541543,prioritário
2207959,PI,Nordeste,49.11,0.4426916783625552,prioritário
2501500,PB,Nordeste,54.93,0.44212747841176897,prioritário
1502939,PA,Norte,69.24,0.4419468075711143,prioritário
1714203,TO,Norte,43.89,0.44187195852040906,prioritário
2204659,PI,Nordeste,34.84,0.44151506874579277,prioritário
2205573,PI,Nordeste,76.74,0.4409607848583482,prioritário
2507606,PB,Nordeste,35.79,0.4403913504857336,prioritário
1600055,AP,Norte,73.61,0.43900063922376414,prioritário
4309753,RS,Sul,41.4,0.43864366144506306,prioritário
2500403,PB,Nordeste,89.39,0.438099929299496,prioritário
1720150,TO,Norte,61.9,0.4378402701952127,prioritário
1200138,AC,Norte,26.69,0.4377895340245304,prioritário
1720259,TO,Norte,59.09,0.4371818522468207,prioritário
4312807,RS,Sul,60.6,0.4368067948470229,prioritário
4321493,RS,Sul,38.7,0.43594684002557255,prioritário
2202539,PI,Nordeste,68.17,0.4349147985747523,prioritário
4321402,RS,Sul,65.0,0.43468228311130347,prioritário
2510006,PB,Nordeste,63.86,0.4343063298106184,prioritário
1707553,TO,Norte,57.84,0.433541384494254,prioritário
1501758,PA,Norte,75.7,0.4334927366403478,prioritário
4313508,RS,Sul,44.5,0.43281723572901526,prioritário
2707404,AL,Nordeste,27.47,0.43222343818603565,prioritário
4321956,RS,Sul,62.9,0.4321068355713693,prioritário
2506103,PB,Nordeste,41.67,0.43201040608570984,prioritário
2509800,PB,Nordeste,54.12,0.43045384036736256,prioritário
1505601,PA,Norte,84.31,0.4302669138017332,prioritário
4302402,RS,Sul,64.6,0.43007917803266205,prioritário
4215505,SC,Sul,57.41,0.4294929551616588,prioritário
2600708,PE,Nordeste,39.22,0.42946340119537524,prioritário
2504157,PB,Nordeste,58.51,0.4294192860147362,prioritário
4319125,RS,Sul,46.2,0.4291915773133422,prioritário
4304853,RS,Sul,50.0,0.4278720069436284,prioritário
1303205,AM,Norte,57.09,0.42778037235056354,prioritário
2205854,PI,Nordeste,55.88,0.4271838132242801,prioritário
4313391,RS,Sul,77.0,0.42713675473290125,prioritário
2513000,PB,Nordeste,83.93,0.4261426693526257,prioritário
1716703,TO,Norte,60.62,0.4241033963633272,prioritário
3539103,SP,Sudeste,40.79,0.42382492748960965,prioritário
4315305,RS,Sul,36.3,0.4237491961289294,prioritário
1600303,AP,Norte,49.14,0.42354204198334244,prioritário
2110401,MA,Nordeste,38.29,0.42319125866760177,prioritário
4305207,RS,Sul,54.0,0.4226410106429787,prioritário
3507456,SP,Sudeste,53.42,0.42240387842583516,prioritário
2105351,MA,Nordeste,72.99,0.42185092796137474,prioritário
2505907,PB,Nordeste,38.1,0.4215493357406405,prioritário
1712009,TO,Norte,38.15,0.4209473901109373,prioritário
2112274,MA,Nordeste,36.17,0.42093284155222044,prioritário
1504059,PA,Norte,46.97,0.42032057181432614,prioritário
2507309,PB,Nordeste,51.18,0.4202236663637631,prioritário
4315206,RS,Sul,82.8,0.42019204608279076,prioritário
2107308,MA,Nordeste,51.24,0.4190871051150047,prioritário
2709103,AL,Nordeste,38.96,0.41874367865505974,prioritário
2516003,PB,Nordeste,45.73,0.41803940205972634,prioritário
2504207,PB,Nordeste,96.08,0.4168860188574109,prioritário
4313060,RS,Sul,45.3,0.4166794444560416,prioritário
2206696,PI,Nordeste,65.17,0.41605847410006846,prioritário
2513505,PB,Nordeste,100.0,0.4159699300783802,prioritário
2509396,PB,Nordeste,60.76,0.41578590961336986,prioritário
2100873,MA,Nordeste,91.6,0.4156638198234676,prioritário
3518107,SP,Sudeste,47.49,0.41546406778415107,prioritário
2402402,RN,Nordeste,29.88,0.41462573356784976,prioritário
4316600,RS,Sul,43.2,0.41383510936112033,prioritário
2208502,PI,Nordeste,36.04,0.4137751148425064,prioritário
4321006,RS,Sul,68.4,0.41271990257257113,prioritário
5003504,MS,Centro-Oeste,68.7,0.41268338132421445,prioritário
1506138,PA,Norte,58.25,0.41264645371890424,prioritário
2100956,MA,Nordeste,74.44,0.41183965151292307,prioritário
4307054,RS,Sul,64.7,0.4116100567022164,prioritário
4306130,RS,Sul,64.3,0.4114892549567249,prioritário
2516607,PB,Nordeste,67.47,0.4112682571721948,prioritário
1720101,TO,Norte,52.93,0.41121203025943126,prioritário
2508901,PB,Nordeste,68.65,0.4107731156416649,prioritário
3518800,SP,Sudeste,44.19,0.41069238098451977,prioritário
4310579,RS,Sul,76.5,0.41067335890407825,prioritário
3553104,SP,Sudeste,38.71,0.4105400476114873,prioritário
1721257,TO,Norte,66.67,0.41017807432870906,prioritário
2513927,PB,Nordeste,60.02,0.40968940267829235,prioritário
1200427,AC,Norte,38.92,0.40774967089375724,prioritário
2210623,PI,Nordeste,50.0,0.40769009154455277,prioritário
2501005,PB,Nordeste,40.53,0.4074495313521328,prioritário
1721307,TO,Norte,53.85,0.4073536455528568,prioritário
4216503,SC,Sul,43.26,0.4069922347635404,prioritário
2512747,PB,Nordeste,70.37,0.40692309786496944,prioritário
2106409,MA,Nordeste,76.86,0.4066945144829857,prioritário
2916856,BA,Nordeste,54.22,0.40627907940540636,prioritário
4310009,RS,Sul,55.7,0.4054486054217938,prioritário
2508703,PB,Nordeste,63.64,0.40542847392621495,prioritário
1501600,PA,Norte,32.2,0.4043534047655424,prioritário
2206100,PI,Nordeste,52.06,0.403689428157358,prioritário
4307831,RS,Sul,50.0,0.4034634207519421,prioritário
4312658,RS,Sul,58.2,0.40303987993841617,prioritário
2513208,PB,Nordeste,86.28,0.40300943181584203,prioritário
2513802,PB,Nordeste,42.77,0.4016213374764714,prioritário
4319737,RS,Sul,46.2,0.40158364071150604,prioritário
4321204,RS,Sul,44.6,0.40052338332541326,prioritário
1505031,PA,Norte,56.8,0.4002356693180562,prioritário
2102101,MA,Nordeste,58.08,0.399811325703495,prioritário
2202174,PI,Nordeste,64.31,0.39973138896931965,prioritário
2105476,MA,Nordeste,69.39,0.3987026644930591,prioritário
4314464,RS,Sul,35.3,0.398701507553645,prioritário
2510907,PB,Nordeste,40.28,0.39843111492635197,prioritário
1718840,TO,Norte,53.5,0.39645197271411525,prioritário
2203354,PI,Nordeste,11.96,0.3962002770623197,prioritário
3536109,SP,Sudeste,56.51,0.3960957085221581,prioritário
1200013,AC,Norte,59.69,0.3951492065587321,prioritário
4320909,RS,Sul,46.2,0.3950724384857964,prioritário
1713205,TO,Norte,46.42,0.3950711652409723,prioritário
2112456,MA,Nordeste,49.69,0.3940216906090472,prioritário
3303203,RJ,Sudeste,47.32,0.39395163952423556,prioritário
4319364,RS,Sul,90.0,0.39367042025984766,prioritário
2505238,PB,Nordeste,22.16,0.3936379055897523,prioritário
2509305,PB,Nordeste,50.43,0.39360894233494037,prioritário
3306156,RJ,Sudeste,82.96,0.39311640892292543,prioritário
2210607,PI,Nordeste,73.25,0.3930592591168858,prioritário
4215653,SC,Sul,74.56,0.39282331184247893,prioritário
2923035,BA,Nordeste,73.17,0.39277485069305085,prioritário
1711506,TO,Norte,62.32,0.3922652150918113,prioritário
1303569,AM,Norte,46.76,0.3921389427641428,prioritário
3301900,RJ,Sudeste,50.45,0.39176007000001745,prioritário
4306403,RS,Sul,56.9,0.39159069291105064,prioritário
4301800,RS,Sul,56.4,0.39128568678204567,prioritário
2202307,PI,Nordeste,36.45,0.3910026921815713,prioritário
3510906,SP,Sudeste,75.0,0.3906469491941254,prioritário
4313011,RS,Sul,60.0,0.39017800532879576,prioritário
2504603,PB,Nordeste,69.48,0.38939759695818016,prioritário
2205508,PI,Nordeste,42.98,0.38922727855801253,prioritário
2501534,PB,Nordeste,89.76,0.38916121189888503,prioritário
2514107,PB,Nordeste,48.38,0.38860927156851965,prioritário
1501253,PA,Norte,47.37,0.38829706470106234,prioritário
2513307,PB,Nordeste,96.58,0.3881639366164384,prioritário
2205953,PI,Nordeste,89.66,0.3881512060061138,prioritário
2403905,RN,Nordeste,78.95,0.38767951458259325,prioritário
3304904,RJ,Sudeste,43.71,0.3876630832822891,prioritário
4305157,RS,Sul,100.0,0.38737962089961864,prioritário
2400109,RN,Nordeste,38.21,0.3872391556878459,prioritário
4202073,SC,Sul,49.21,0.38715397471519647,prioritário
2504009,PB,Nordeste,47.92,0.3870014646492242,prioritário
2200509,PI,Nordeste,32.94,0.38681678451923085,prioritário
3302304,RJ,Sudeste,48.41,0.38675370911761164,prioritário
2513109,PB,Nordeste,40.52,0.3867174132427176,prioritário
2508307,PB,Nordeste,46.71,0.3864021365960913,prioritário
2707602,AL,Nordeste,61.05,0.38623132407938304,prioritário
4302105,RS,Sul,50.8,0.3858562755765301,prioritário
2208650,PI,Nordeste,67.42,0.3848612608790772,prioritário
2505402,PB,Nordeste,45.8,0.3847008322202906,prioritário
2210391,PI,Nordeste,64.42,0.38433477704064095,prioritário
2100600,MA,Nordeste,41.33,0.3842468887323961,prioritário
4315149,RS,Sul,56.3,0.38348866352479244,prioritário
4300109,RS,Sul,56.9,0.38336510073496777,prioritário
1200104,AC,Norte,46.68,0.38295162387766507,prioritário
2201556,PI,Nordeste,89.26,0.38163354716410447,prioritário
2206902,PI,Nordeste,89.56,0.3812748188284841,prioritário
1716604,TO,Norte,42.93,0.3803352639258102,prioritário
4320305,RS,Sul,50.0,0.3802323287856688,prioritário
2505600,PB,Nordeste,72.15,0.380205856502338,prioritário
2111631,MA,Nordeste,55.35,0.38006612435896875,prioritário
4314134,RS,Sul,50.0,0.3796293718677307,prioritário
2206605,PI,Nordeste,57.85,0.379587254880622,prioritário
4320503,RS,Sul,47.2,0.3795722828821347,prioritário
4307807,RS,Sul,49.4,0.37956009190109535,prioritário
2507507,PB,Nordeste,55.87,0.37926555121842487,prioritário
3531902,SP,Sudeste,45.3,0.3792565576910133,prioritário
3510609,SP,Sudeste,44.8,0.3792011252060647,prioritário
4305603,RS,Sul,90.0,0.37911243270799283,prioritário
3510104,SP,Sudeste,92.31,0.37855239714350863,prioritário
2515005,PB,Nordeste,100.0,0.37764734115992177,prioritário
4307005,RS,Sul,45.9,0.37740551043894977,prioritário
2203230,PI,Nordeste,92.5,0.3765429759739244,prioritário
4308409,RS,Sul,40.0,0.37540673357757604,prioritário
2513851,PB,Nordeste,35.81,0.3752194557629335,prioritário
2111722,MA,Nordeste,79.32,0.37519579336037895,prioritário
4308854,RS,Sul,85.7,0.3745861242126484,prioritário
5005251,MS,Centro-Oeste,77.47,0.37444331172284734,prioritário
2516102,PB,Nordeste,47.26,0.37422957023762615,prioritário
2515500,PB,Nordeste,54.35,0.37375667223846587,prioritário
2917409,BA,Nordeste,56.86,0.37325414030701864,prioritário
4314779,RS,Sul,46.9,0.3721747216570918,prioritário
2111789,MA,Nordeste,53.62,0.37197053256688684,prioritário
2110658,MA,Nordeste,36.83,0.37189415562949335,prioritário
1508126,PA,Norte,61.52,0.37092439609884836,prioritário
1708254,TO,Norte,51.71,0.3696987842766716,prioritário
5002001,MS,Centro-Oeste,67.77,0.3695007848020831,prioritário
2205581,PI,Nordeste,44.87,0.3694251742701084,prioritário
2700904,AL,Nordeste,98.82,0.3694134084017073,prioritário
2509206,PB,Nordeste,40.69,0.36924767955036525,prioritário
2102507,MA,Nordeste,34.1,0.36917053357337637,prioritário
3518701,SP,Sudeste,44.13,0.3689137523587783,prioritário
3522158,SP,Sudeste,51.85,0.3688766516355721,prioritário
4304713,RS,Sul,62.4,0.3687997254133975,prioritário
4311130,RS,Sul,36.4,0.36854917971134804,prioritário
2505303,PB,Nordeste,62.5,0.3681280318430607,prioritário
2111003,MA,Nordeste,58.4,0.3675945826153276,prioritário
2101772,MA,Nordeste,77.73,0.36744337377822334,prioritário
2704203,AL,Nordeste,44.61,0.3663868814332125,prioritário
4316436,RS,Sul,69.6,0.36629639389745944,prioritário
2201101,PI,Nordeste,44.97,0.3658813797846752,prioritário
2111706,MA,Nordeste,76.82,0.3656937568751379,prioritário
1500602,PA,Norte,45.32,0.36536957243755763,prioritário
2210409,PI,Nordeste,45.19,0.36520420395334713,prioritário
4304507,RS,Sul,51.7,0.3651454284092558,prioritário
4320651,RS,Sul,35.7,0.36490341058803205,prioritário
2513968,PB,Nordeste,54.55,0.36467431157334546,prioritário
2410603,RN,Nordeste,67.22,0.3643065062334985,prioritário
1505536,PA,Norte,49.49,0.3639404410028061,prioritário
3523701,SP,Sudeste,82.38,0.36386975876146266,prioritário
2206670,PI,Nordeste,40.04,0.3638580375778119,prioritário
4312252,RS,Sul,69.6,0.36370857067848866,prioritário
2207306,PI,Nordeste,45.31,0.36363572196857824,prioritário
2111029,MA,Nordeste,70.68,0.36358907139050217,prioritário
1709302,TO,Norte,48.16,0.3630413710015669,prioritário
2514404,PB,Nordeste,44.79,0.3626835420172352,prioritário
2508802,PB,Nordeste,48.74,0.36267181258753023,prioritário
4202602,SC,Sul,47.34,0.3622164831675005,prioritário
3516309,SP,Sudeste,50.49,0.36170790362786953,prioritário
3305604,RJ,Sudeste,57.35,0.3615581764138945,prioritário
4312104,RS,Sul,45.5,0.36054004864404327,prioritário
2203701,PI,Nordeste,73.13,0.35858155596104535,prioritário
2506608,PB,Nordeste,58.62,0.35844829719351023,prioritário
4317608,RS,Sul,61.7,0.3580781807420501,prioritário
2500700,PB,Nordeste,72.85,0.35756748963167323,prioritário
2500205,PB,Nordeste,61.96,0.35753389820599923,prioritário
4312757,RS,Sul,71.4,0.35720565139804494,prioritário
4306809,RS,Sul,53.2,0.3569126920872364,prioritário
2109239,MA,Nordeste,74.73,0.35670601517098655,prioritário
4315156,RS,Sul,64.8,0.35629999002279306,prioritário
5002100,MS,Centro-Oeste,48.18,0.35624653615967716,prioritário
1505502,PA,Norte,56.72,0.355197433686917,prioritário
2108702,MA,Nordeste,63.6,0.35481535639104184,prioritário
1721109,TO,Norte,51.16,0.35465483302897527,prioritário
4311627,RS,Sul,36.1,0.354013355236583,prioritário
4311791,RS,Sul,59.8,0.35397721926240877,prioritário
2502201,PB,Nordeste,68.42,0.35385916321174055,prioritário
2513901,PB,Nordeste,46.87,0.35370804355206187,prioritário
3515103,SP,Sudeste,45.34,0.3533614764987729,prioritário
3522505,SP,Sudeste,55.46,0.3530071103948214,prioritário
3556354,SP,Sudeste,65.34,0.35265078240087083,prioritário
5003454,MS,Centro-Oeste,65.69,0.35200249602597006,prioritário
2919405,BA,Nordeste,65.48,0.35054443848960254,prioritário
5005202,MS,Centro-Oeste,33.36,0.35025734050239715,prioritário
4300661,RS,Sul,33.3,0.3497721951869014,prioritário
3300704,RJ,Sudeste,55.08,0.34963876408558336,prioritário
3304607,RJ,Sudeste,65.02,0.34958662829961706,prioritário
3504909,SP,Sudeste,58.62,0.34910035078103374,prioritário
3547700,SP,Sudeste,79.01,0.34886386583463697,prioritário
2516706,PB,Nordeste,81.85,0.34875025601979104,prioritário
4310306,RS,Sul,48.3,0.34857994902269557,prioritário
4318424,RS,Sul,70.3,0.3483908471422764,prioritário
3503109,SP,Sudeste,56.61,0.3482101355912915,prioritário
2705507,AL,Nordeste,84.41,0.34798123589768276,prioritário
3502309,SP,Sudeste,45.69,0.34762171112926876,prioritário
1300144,AM,Norte,49.25,0.34745117893177374,prioritário
2509602,PB,Nordeste,93.4,0.3467848719090372,prioritário
3302858,RJ,Sudeste,35.09,0.3466312626519316,prioritário
3555307,SP,Sudeste,70.59,0.34644088485889374,prioritário
2512200,PB,Nordeste,63.28,0.34623464601081494,prioritário
5103601,MT,Centro-Oeste,71.45,0.34593095166366644,prioritário
3305000,RJ,Sudeste,58.22,0.3446679283603694,prioritário
2201929,PI,Nordeste,35.96,0.34424361327888586,prioritário
2209302,PI,Nordeste,55.68,0.343883621493218,prioritário
2502508,PB,Nordeste,37.65,0.34274909835991557,prioritário
2511202,PB,Nordeste,48.58,0.34268898671313536,prioritário
2205706,PI,Nordeste,51.6,0.34260642215574344,prioritário
2200251,PI,Nordeste,74.63,0.34236535664954826,prioritário
2200707,PI,Nordeste,57.02,0.3418628200297468,prioritário
4323200,RS,Sul,56.3,0.34083557347957,prioritário
4306700,RS,Sul,26.7,0.34061512447867204,prioritário
2503209,PB,Nordeste,57.26,0.3402898039831794,prioritário
4309803,RS,Sul,61.8,0.34022148888989917,prioritário
2704104,AL,Nordeste,44.19,0.33986947939934886,prioritário
4311734,RS,Sul,55.2,0.3395116162908361,prioritário
2204105,PI,Nordeste,32.38,0.3380923029033507,prioritário
2509008,PB,Nordeste,50.66,0.33757126492844264,prioritário
1508084,PA,Norte,48.54,0.33732784161043006,prioritário
2109270,MA,Nordeste,39.6,0.33669026215482983,prioritário
2515401,PB,Nordeste,54.16,0.3363909308150545,prioritário
4312385,RS,Sul,76.9,0.3360951981667663,prioritário
1717800,TO,Norte,44.56,0.33546903989204496,prioritário
4218301,SC,Sul,47.98,0.3351187003294746,prioritário
1702109,TO,Norte,50.51,0.3350046773684282,prioritário
2508109,PB,Nordeste,59.38,0.33495118863380613,prioritário
3300258,RJ,Sudeste,58.05,0.3344985885968926,prioritário
3304805,RJ,Sudeste,48.7,0.3341965340022442,prioritário
4302352,RS,Sul,55.3,0.33406372668350537,prioritário
4322343,RS,Sul,55.6,0.3337618305616094,prioritário
4318499,RS,Sul,49.7,0.3336052966931209,prioritário
2611804,PE,Nordeste,65.68,0.33355024984020665,prioritário
2202737,PI,Nordeste,94.47,0.3333179668671819,prioritário
1712157,TO,Norte,58.81,0.3331423015772743,prioritário
4313607,RS,Sul,53.1,0.3330382631174096,prioritário
3540309,SP,Sudeste,74.25,0.3329467431436489,prioritário
2403004,RN,Nordeste,60.81,0.33285416952371016,prioritário
4307302,RS,Sul,50.4,0.3316646979328448,prioritário
2506251,PB,Nordeste,70.71,0.33126855058539306,prioritário
4302220,RS,Sul,66.7,0.3311335899386655,prioritário
2106201,MA,Nordeste,84.97,0.3311122077749846,prioritário
3515004,SP,Sudeste,40.5,0.3302774283787718,prioritário
2109304,MA,Nordeste,47.82,0.32972945442200796,prioritário
1718402,TO,Norte,57.83,0.3297272699122299,prioritário
2514206,PB,Nordeste,59.52,0.32948434274506494,prioritário
5003207,MS,Centro-Oeste,38.3,0.3292146261819384,prioritário
5004809,MS,Centro-Oeste,41.76,0.3291016569990069,prioritário
2111409,MA,Nordeste,70.44,0.3284739813489431,prioritário
2512408,PB,Nordeste,62.11,0.32812542348802803,prioritário
2106805,MA,Nordeste,69.37,0.32683484223517206,prioritário
2510105,PB,Nordeste,67.53,0.32511312201878156,prioritário
4313300,RS,Sul,61.1,0.32472888463124694,prioritário
2509156,PB,Nordeste,98.16,0.32419116034702045,prioritário
2110278,MA,Nordeste,39.84,0.3237956237011118,prioritário
3300209,RJ,Sudeste,55.89,0.32367776248787544,prioritário
2209807,PI,Nordeste,64.04,0.32354148498316265,prioritário
2103901,MA,Nordeste,81.51,0.32318309160958425,prioritário
2208205,PI,Nordeste,58.16,0.3231450956946639,prioritário
1500131,PA,Norte,54.88,0.32271127955994205,prioritário
2512705,PB,Nordeste,49.27,0.32265071519506644,prioritário
4305801,RS,Sul,45.7,0.3225373426854877,prioritário
2102036,MA,Nordeste,63.18,0.32191095166868117,prioritário
3543402,SP,Sudeste,45.01,0.321512665883801,prioritário
2207702,PI,Nordeste,38.42,0.3212858991791904,prioritário
3552007,SP,Sudeste,47.27,0.3205539779505124,prioritário
3525003,SP,Sudeste,51.39,0.32016774050805613,prioritário
1303536,AM,Norte,35.31,0.3199795811197068,prioritário
2517001,PB,Nordeste,79.38,0.319625899799745,prioritário
2206357,PI,Nordeste,33.33,0.3193874684252598,prioritário
4309100,RS,Sul,55.3,0.3190149021721787,prioritário
1702000,TO,Norte,40.54,0.3187428119071809,prioritário
3305752,RJ,Sudeste,54.46,0.3176115405716187,prioritário
4312609,RS,Sul,53.6,0.31716019836064135,prioritário
2500734,PB,Nordeste,41.89,0.31710722020411364,prioritário
2111078,MA,Nordeste,53.45,0.31696870430942253,prioritário
5106778,MT,Centro-Oeste,53.25,0.31645617551494293,prioritário
3140555,MG,Sudeste,70.1,0.31641674372689,prioritário
4321451,RS,Sul,62.9,0.31565272511880127,prioritário
4212254,SC,Sul,59.86,0.31540884161337507,prioritário
2512804,PB,Nordeste,44.22,0.3152447060187361,prioritário
4316006,RS,Sul,66.6,0.31518497559899045,prioritário
3302007,RJ,Sudeste,41.61,0.31492272420402884,prioritário
2504504,PB,Nordeste,46.13,0.3147238279773587,prioritário
4305850,RS,Sul,41.7,0.3145718743702278,prioritário
3301850,RJ,Sudeste,47.75,0.31422251852941185,prioritário
3532827,SP,Sudeste,61.55,0.31409011072240345,prioritário
4317400,RS,Sul,61.2,0.31331917230520573,prioritário
2207777,PI,Nordeste,63.04,0.31287166616842,prioritário
2102325,MA,Nordeste,42.03,0.3126376092523639,prioritário
4202099,SC,Sul,66.67,0.3124446592996258,prioritário
3516853,SP,Sudeste,73.65,0.31213948733028024,prioritário
2110104,MA,Nordeste,80.19,0.31203345960973916,prioritário
1500800,PA,Norte,52.74,0.3119317166573548,prioritário
4313359,RS,Sul,83.3,0.31175516443756507,prioritário
5003751,MS,Centro-Oeste,56.45,0.31154503143771356,prioritário
4311718,RS,Sul,42.4,0.3114857904422838,prioritário
4321469,RS,Sul,69.1,0.3114242178101688,prioritário
2506509,PB,Nordeste,100.0,0.3110998753124955,prioritário
4321907,RS,Sul,57.0,0.3104800767886642,prioritário
3513504,SP,Sudeste,45.43,0.3103102170557651,prioritário
2510600,PB,Nordeste,100.0,0.31028395446489426,prioritário
5106505,MT,Centro-Oeste,38.36,0.3102158683028583,prioritário
4202081,SC,Sul,56.89,0.3100238925430392,prioritário
2102374,MA,Nordeste,56.05,0.3097497836500239,prioritário
5107701,MT,Centro-Oeste,56.37,0.309129872143553,prioritário
2208858,PI,Nordeste,92.42,0.30901574397365894,prioritário
2107209,MA,Nordeste,46.83,0.30894789715690574,prioritário
4211108,SC,Sul,43.19,0.3088273463293996,prioritário
2103703,MA,Nordeste,66.32,0.3081821151763895,prioritário
1503754,PA,Norte,24.95,0.30785268496886903,prioritário
4320552,RS,Sul,46.2,0.3078445957419922,prioritário
4309555,RS,Sul,71.4,0.30778758027936354,prioritário
5005608,MS,Centro-Oeste,38.78,0.3068150804159488,prioritário
3538303,SP,Sudeste,45.2,0.30657136676101215,prioritário
2505352,PB,Nordeste,50.86,0.3065341583059513,prioritário
3304300,RJ,Sudeste,57.46,0.3056370576505008,prioritário
2202075,PI,Nordeste,75.0,0.3055438697628072,prioritário
4319307,RS,Sul,61.1,0.30554180592410884,prioritário
3515657,SP,Sudeste,44.0,0.30520437287358143,prioritário
2516300,PB,Nordeste,64.53,0.30437355231088203,prioritário
3305703,RJ,Sudeste,75.43,0.3043421323744374,prioritário
2100808,MA,Nordeste,34.63,0.3041654473979516,prioritário
2512788,PB,Nordeste,55.56,0.30362181569099156,prioritário
3544103,SP,Sudeste,57.14,0.30341609653846996,prioritário
1200450,AC,Norte,43.66,0.3029622674722721,prioritário
2202901,PI,Nordeste,37.78,0.30295422973214126,prioritário
2203859,PI,Nordeste,54.55,0.3028828344367274,prioritário
1720978,TO,Norte,75.11,0.3027642168519085,prioritário
1200252,AC,Norte,52.28,0.30254034227840254,prioritário
4314787,RS,Sul,57.9,0.3020628570154938,prioritário
1720853,TO,Norte,58.97,0.3014053278362278,prioritário
2109551,MA,Nordeste,50.14,0.3013114856510894,prioritário
3502002,SP,Sudeste,68.65,0.30104224167621635,prioritário
4317905,RS,Sul,60.5,0.3010323159685862,prioritário
2605905,PE,Nordeste,77.37,0.3007298990844734,prioritário
3509452,SP,Sudeste,43.46,0.3001497557731168,prioritário
3510153,SP,Sudeste,79.49,0.2993302821943907,prioritário
2515971,PB,Nordeste,40.74,0.2986832503247744,prioritário
3549508,SP,Sudeste,50.38,0.29842195460844995,prioritário
2704005,AL,Nordeste,56.66,0.29815812217089066,prioritário
2205805,PI,Nordeste,54.9,0.29795338666089866,prioritário
2516151,PB,Nordeste,66.62,0.2975670517282432,prioritário
4307609,RS,Sul,44.4,0.29752451786267603,prioritário
2108256,MA,Nordeste,57.92,0.2972064173651485,prioritário
3556800,SP,Sudeste,60.23,0.2967972436272432,prioritário
3517000,SP,Sudeste,68.1,0.2964459424524921,prioritário
4314035,RS,Sul,54.0,0.2963764677301471,prioritário
2604502,PE,Nordeste,58.51,0.29608180878091805,prioritário
2202406,PI,Nordeste,54.01,0.29594509964750226,prioritário
2509909,PB,Nordeste,47.23,0.29574651607706615,prioritário
4309704,RS,Sul,60.8,0.2956629562660848,prioritário
2210656,PI,Nordeste,75.67,0.29527045750926556,prioritário
5004700,MS,Centro-Oeste,68.78,0.29494489898134985,prioritário
3531100,SP,Sudeste,41.39,0.29462056517936513,prioritário
3300803,RJ,Sudeste,49.28,0.2943434301152757,prioritário
3513306,SP,Sudeste,47.06,0.2942376906357183,prioritário
2501153,PB,Nordeste,36.36,0.29386621382052514,prioritário
3545100,SP,Sudeste,61.69,0.2936192554801298,prioritário
2103208,MA,Nordeste,41.58,0.2935079204187538,prioritário
2909000,BA,Nordeste,52.46,0.29348181696535,prioritário
2104602,MA,Nordeste,48.13,0.29339742921293005,prioritário
4202438,SC,Sul,28.06,0.2926666159846453,prioritário
3306008,RJ,Sudeste,51.43,0.29241661127969987,prioritário
5004106,MS,Centro-Oeste,64.58,0.2923525719091164,prioritário
2210003,PI,Nordeste,65.25,0.2922173975920613,prioritário
4320107,RS,Sul,47.7,0.2921763444425081,prioritário
2514602,PB,Nordeste,29.62,0.29211549766290607,prioritário
3536703,SP,Sudeste,46.77,0.29207972158733125,prioritário
3303807,RJ,Sudeste,48.89,0.29202715511367405,prioritário
2106607,MA,Nordeste,34.52,0.2915576058816073,prioritário
3509957,SP,Sudeste,48.15,0.2914099649659855,prioritário
2504355,PB,Nordeste,76.68,0.29125914209941384,prioritário
5007901,MS,Centro-Oeste,39.84,0.29117635545276305,prioritário
2512754,PB,Nordeste,46.23,0.2909536772884371,prioritário
4209706,SC,Sul,56.41,0.29078884913381037,prioritário
4308250,RS,Sul,71.4,0.29068375279557646,prioritário
4203154,SC,Sul,57.9,0.29048093400838976,prioritário
2500536,PB,Nordeste,45.86,0.29009203633021635,prioritário
4313334,RS,Sul,28.0,0.29006958047874576,prioritário
2500775,PB,Nordeste,62.41,0.28969568221638825,prioritário
2103174,MA,Nordeste,36.86,0.2895389104472585,prioritário
4312005,RS,Sul,58.3,0.2891801178281098,prioritário
5100508,MT,Centro-Oeste,52.43,0.2887840977039271,prioritário
2507705,PB,Nordeste,45.45,0.28855316903419337,prioritário
2102309,MA,Nordeste,57.18,0.2884525970384449,prioritário
2104552,MA,Nordeste,67.46,0.2883463460980117,prioritário
4308433,RS,Sul,55.2,0.28792773617648576,prioritário
2112308,MA,Nordeste,66.43,0.287697409044733,prioritário
4323408,RS,Sul,66.7,0.2876450189538759,prioritário
2508505,PB,Nordeste,55.32,0.28728304658624815,prioritário
2210300,PI,Nordeste,87.93,0.2871268877349303,prioritário
5006358,MS,Centro-Oeste,66.43,0.2865952955340814,prioritário
2207801,PI,Nordeste,50.47,0.28629596448653644,prioritário
2206308,PI,Nordeste,84.62,0.28618416910661193,prioritário
2106508,MA,Nordeste,46.67,0.28570789326524704,prioritário
2108454,MA,Nordeste,70.53,0.2854691462648143,acompanhar
2201988,PI,Nordeste,95.35,0.28434300746696634,acompanhar
2200103,PI,Nordeste,60.23,0.2842629818064242,acompanhar
3547601,SP,Sudeste,75.32,0.28411483073826066,acompanhar
2108306,MA,Nordeste,63.88,0.2839082189600154,acompanhar
2100550,MA,Nordeste,43.0,0.28245685083030314,acompanhar
3508306,SP,Sudeste,78.11,0.28220679817139827,acompanhar
2101806,MA,Nordeste,47.28,0.28176251322699797,acompanhar
3534401,SP,Sudeste,49.13,0.2816682248269637,acompanhar
4201406,SC,Sul,61.61,0.2816380068987079,acompanhar
2512721,PB,Nordeste,23.99,0.28141781104624425,acompanhar
2104800,MA,Nordeste,45.8,0.2806039565178006,acompanhar
3552809,SP,Sudeste,49.01,0.2803822176946153,acompanhar
3536802,SP,Sudeste,47.19,0.28017332966287134,acompanhar
2609907,PE,Nordeste,30.78,0.2800212855453415,acompanhar
2108504,MA,Nordeste,51.09,0.27994189492368204,acompanhar
3540200,SP,Sudeste,64.47,0.2799376430155952,acompanhar
4311700,RS,Sul,64.3,0.27989312379665215,acompanhar
3541059,SP,Sudeste,56.48,0.27971041080158116,acompanhar
2608206,PE,Nordeste,47.34,0.2793927229171236,acompanhar
2200608,PI,Nordeste,95.88,0.2787090766029862,acompanhar
2101905,MA,Nordeste,59.75,0.27841320679548853,acompanhar
3554755,SP,Sudeste,47.37,0.27833814567675025,acompanhar
5106703,MT,Centro-Oeste,96.88,0.27807645164006634,acompanhar
3515707,SP,Sudeste,65.07,0.2779458208940809,acompanhar
2109452,MA,Nordeste,48.35,0.2778712050792608,acompanhar
3517604,SP,Sudeste,60.31,0.2776439407501566,acompanhar
3548005,SP,Sudeste,62.07,0.27725404585559105,acompanhar
3547908,SP,Sudeste,67.18,0.27700263148611226,acompanhar
2207751,PI,Nordeste,64.51,0.2767486269174214,acompanhar
3516408,SP,Sudeste,46.57,0.27668202483775195,acompanhar
3301157,RJ,Sudeste,34.97,0.2764793397327017,acompanhar
4305009,RS,Sul,77.1,0.27604822162960857,acompanhar
4321857,RS,Sul,62.5,0.27552942960345983,acompanhar
4319109,RS,Sul,64.5,0.27512290308583837,acompanhar
2501708,PB,Nordeste,78.61,0.2750600345942687,acompanhar
4307815,RS,Sul,60.0,0.27471487751626006,acompanhar
1507300,PA,Norte,30.95,0.27460847337678473,acompanhar
2202851,PI,Nordeste,61.36,0.27421981717511285,acompanhar
1200500,AC,Norte,64.83,0.2739727804195738,acompanhar
1501576,PA,Norte,51.82,0.2739613872569748,acompanhar
3505401,SP,Sudeste,34.89,0.2736776424139825,acompanhar
2201002,PI,Nordeste,98.15,0.2733120658017015,acompanhar
4308607,RS,Sul,54.4,0.2730226017279806,acompanhar
3529658,SP,Sudeste,56.25,0.2729546553588363,acompanhar
5003306,MS,Centro-Oeste,39.19,0.27260344221570837,acompanhar
2100303,MA,Nordeste,45.37,0.27256993290265547,acompanhar
5100359,MT,Centro-Oeste,48.84,0.2725572428183555,acompanhar
3507407,SP,Sudeste,70.83,0.2716753405001258,acompanhar
4316733,RS,Sul,40.9,0.2714075995770095,acompanhar
2203271,PI,Nordeste,48.34,0.27078225404992845,acompanhar
3546009,SP,Sudeste,49.71,0.2705707877173712,acompanhar
2211308,PI,Nordeste,42.13,0.2700987602589966,acompanhar
2208601,PI,Nordeste,47.93,0.26979718962802585,acompanhar
3549607,SP,Sudeste,52.78,0.269414995331932,acompanhar
4319000,RS,Sul,38.3,0.2693873089695851,acompanhar
2107605,MA,Nordeste,70.09,0.2692528148912982,acompanhar
4311403,RS,Sul,47.5,0.2691512790690406,acompanhar
5000906,MS,Centro-Oeste,56.2,0.2686362947006786,acompanhar
4300208,RS,Sul,81.9,0.2685925369493824,acompanhar
2104503,MA,Nordeste,78.21,0.26786040526049715,acompanhar
3509502,SP,Sudeste,41.49,0.267674502818998,acompanhar
2201919,PI,Nordeste,75.94,0.2675038177955758,acompanhar
4321709,RS,Sul,42.2,0.26748787178660555,acompanhar
2211209,PI,Nordeste,31.55,0.26673978253475045,acompanhar
2102200,MA,Nordeste,28.95,0.266649606597328,acompanhar
2104628,MA,Nordeste,91.67,0.26604040077137375,acompanhar
4203402,SC,Sul,53.29,0.2660327748303066,acompanhar
4202503,SC,Sul,28.72,0.26574348535410347,acompanhar
5003157,MS,Centro-Oeste,60.75,0.26556705227168753,acompanhar
2208908,PI,Nordeste,85.26,0.2652377031284349,acompanhar
4311643,RS,Sul,41.2,0.2651183086650049,acompanhar
2106706,MA,Nordeste,55.82,0.2650486004615352,acompanhar
4304697,RS,Sul,58.6,0.26487735252241157,acompanhar
4314175,RS,Sul,55.9,0.26486808734190076,acompanhar
2107357,MA,Nordeste,62.23,0.2648639406711299,acompanhar
5003702,MS,Centro-Oeste,53.43,0.2647326845399058,acompanhar
5103353,MT,Centro-Oeste,54.24,0.26443629019033615,acompanhar
3513009,SP,Sudeste,49.49,0.2644127707531599,acompanhar
2102606,MA,Nordeste,49.53,0.2643951590542712,acompanhar
5106315,MT,Centro-Oeste,58.27,0.2640317103981608,acompanhar
1716505,TO,Norte,56.7,0.263452722211687,acompanhar
4206207,SC,Sul,76.93,0.26338949353704716,acompanhar
2202251,PI,Nordeste,86.82,0.2630103786160424,acompanhar
2206753,PI,Nordeste,95.24,0.2629685817785372,acompanhar
5007208,MS,Centro-Oeste,52.67,0.26271894401745516,acompanhar
2201945,PI,Nordeste,77.1,0.262683311388916,acompanhar
5105507,MT,Centro-Oeste,52.38,0.2626466663433251,acompanhar
4321808,RS,Sul,51.2,0.26247519628716415,acompanhar
2209401,PI,Nordeste,55.71,0.26245306116507905,acompanhar
2602001,PE,Nordeste,47.32,0.26217865172172167,acompanhar
4310751,RS,Sul,60.0,0.2618386621604722,acompanhar
5000252,MS,Centro-Oeste,63.77,0.2617632955831667,acompanhar
2201051,PI,Nordeste,69.88,0.26157548023783866,acompanhar
1502772,PA,Norte,72.88,0.2613815991683312,acompanhar
2105401,MA,Nordeste,60.47,0.26132585901282085,acompanhar
3518859,SP,Sudeste,33.82,0.26129361121362493,acompanhar
3527207,SP,Sudeste,47.82,0.26127355058455587,acompanhar
4310108,RS,Sul,49.6,0.26068777485744526,acompanhar
3537602,SP,Sudeste,46.81,0.2604032807584741,acompanhar
4323309,RS,Sul,68.8,0.2602113743116147,acompanhar
2601706,PE,Nordeste,43.93,0.2598535751546183,acompanhar
4305306,RS,Sul,47.5,0.2597735700942455,acompanhar
4322558,RS,Sul,69.2,0.2596404625451591,acompanhar
3551504,SP,Sudeste,43.97,0.2586406948137505,acompanhar
4308706,RS,Sul,74.7,0.2581781903412262,acompanhar
3539400,SP,Sudeste,44.37,0.25804548863124377,acompanhar
2604205,PE,Nordeste,21.83,0.2576409900768904,acompanhar
2100436,MA,Nordeste,51.5,0.2576291492667699,acompanhar
3549409,SP,Sudeste,50.24,0.2575730568061573,acompanhar
3505351,SP,Sudeste,65.29,0.25753234257295965,acompanhar
2202000,PI,Nordeste,61.68,0.2566740286191628,acompanhar
2203750,PI,Nordeste,52.0,0.256182893429248,acompanhar
2205102,PI,Nordeste,85.9,0.2551633211560312,acompanhar
3537206,SP,Sudeste,45.97,0.25487017698549086,acompanhar
4209409,SC,Sul,34.29,0.254815819687456,acompanhar
4322608,RS,Sul,59.2,0.2547542268711246,acompanhar
5007109,MS,Centro-Oeste,42.87,0.2546196717166119,acompanhar
4322301,RS,Sul,52.7,0.2542357078839577,acompanhar
1506351,PA,Norte,46.35,0.25416553845068557,acompanhar
3520103,SP,Sudeste,55.6,0.2537175114928333,acompanhar
2106672,MA,Nordeste,96.86,0.2536594507768373,acompanhar
3513801,SP,Sudeste,48.02,0.2531194696678337,acompanhar
3551405,SP,Sudeste,44.65,0.25244574214808363,acompanhar
2512036,PB,Nordeste,81.67,0.2521969437506602,acompanhar
4303558,RS,Sul,55.6,0.2521913345129232,acompanhar
3553203,SP,Sudeste,57.37,0.25206712007858995,acompanhar
2201705,PI,Nordeste,43.42,0.252019826012363,acompanhar
2111763,MA,Nordeste,64.13,0.2518669135769862,acompanhar
1200708,AC,Norte,51.91,0.25186293483242217,acompanhar
4306734,RS,Sul,63.3,0.2517367400206254,acompanhar
2205250,PI,Nordeste,77.0,0.2512629738469799,acompanhar
2112407,MA,Nordeste,64.42,0.2503146934711327,acompanhar
2501575,PB,Nordeste,49.18,0.25006146752333414,acompanhar
3549300,SP,Sudeste,100.0,0.24991268135097172,acompanhar
5005681,MS,Centro-Oeste,46.46,0.24978551393525572,acompanhar
3522208,SP,Sudeste,54.9,0.2495855336430968,acompanhar
5005806,MS,Centro-Oeste,60.98,0.24925551267020332,acompanhar
4306452,RS,Sul,53.0,0.24921582724364685,acompanhar
3303104,RJ,Sudeste,56.91,0.2491879269827178,acompanhar
4312153,RS,Sul,58.4,0.24884244166385203,acompanhar
3531803,SP,Sudeste,46.98,0.24883835456645778,acompanhar
3513603,SP,Sudeste,58.09,0.2487711662981873,acompanhar
4300877,RS,Sul,43.5,0.24859302926283516,acompanhar
4301008,RS,Sul,63.6,0.24855650432440315,acompanhar
2103125,MA,Nordeste,84.42,0.24787523672016482,acompanhar
3525102,SP,Sudeste,45.42,0.24702827409146016,acompanhar
2206001,PI,Nordeste,80.95,0.2469829846799738,acompanhar
4302238,RS,Sul,26.6,0.24696568038734387,acompanhar
3548500,SP,Sudeste,52.77,0.24615043753835963,acompanhar
4320404,RS,Sul,50.7,0.24602891763457974,acompanhar
2111748,MA,Nordeste,96.12,0.24596069099685502,acompanhar
2702108,AL,Nordeste,73.25,0.2458094966838073,acompanhar
2504306,PB,Nordeste,45.82,0.24562897087052357,acompanhar
3522109,SP,Sudeste,48.05,0.2456198503562522,acompanhar
2110500,MA,Nordeste,79.26,0.2455659772141529,acompanhar
4309902,RS,Sul,49.1,0.24536363279673337,acompanhar
3303609,RJ,Sudeste,69.98,0.24516767720879262,acompanhar
2107001,MA,Nordeste,55.27,0.2451121044402868,acompanhar
5004601,MS,Centro-Oeste,79.41,0.24493302036428544,acompanhar
2615607,PE,Nordeste,69.13,0.2445839804655985,acompanhar
3520202,SP,Sudeste,50.61,0.2442027603506238,acompanhar
2210508,PI,Nordeste,67.14,0.24382188048378262,acompanhar
5006408,MS,Centro-Oeste,55.86,0.24372860278044406,acompanhar
5004908,MS,Centro-Oeste,45.19,0.2432374091726772,acompanhar
3509403,SP,Sudeste,54.99,0.24310407211742854,acompanhar
2105807,MA,Nordeste,97.1,0.24266041690654933,acompanhar
2201200,PI,Nordeste,60.13,0.24249582432954855,acompanhar
4320578,RS,Sul,66.7,0.24231085273269617,acompanhar
3146206,MG,Sudeste,78.41,0.2415418665940304,acompanhar
4317954,RS,Sul,66.7,0.24098295027669392,acompanhar
2513406,PB,Nordeste,54.05,0.24083096041100252,acompanhar
1716109,TO,Norte,63.45,0.24076269727040814,acompanhar
3550605,SP,Sudeste,51.51,0.24076127303003075,acompanhar
2105609,MA,Nordeste,75.31,0.2407557081192923,acompanhar
3528403,SP,Sudeste,49.33,0.24075365772182641,acompanhar
2208700,PI,Nordeste,80.52,0.24074599371291283,acompanhar
3542800,SP,Sudeste,53.85,0.240613229679998,acompanhar
2205524,PI,Nordeste,100.0,0.24037813434711164,acompanhar
4213401,SC,Sul,66.76,0.240360271732723,acompanhar
2616100,PE,Nordeste,68.84,0.2402576202528116,acompanhar
5005004,MS,Centro-Oeste,53.84,0.24010980266092075,acompanhar
4305871,RS,Sul,67.8,0.23977766927862904,acompanhar
5005400,MS,Centro-Oeste,46.55,0.23935146078344793,acompanhar
2209971,PI,Nordeste,87.8,0.23912419102162671,acompanhar
2509339,PB,Nordeste,72.67,0.23876482377825245,acompanhar
2613800,PE,Nordeste,42.6,0.238401513220352,acompanhar
3529708,SP,Sudeste,29.09,0.2381900750723711,acompanhar
4316204,RS,Sul,75.3,0.23812251129966353,acompanhar
2512002,PB,Nordeste,54.09,0.23785161396937193,acompanhar
3555406,SP,Sudeste,36.64,0.2378043229690225,acompanhar
4300505,RS,Sul,66.5,0.23770634576384841,acompanhar
4314308,RS,Sul,62.5,0.23733767526502336,acompanhar
4315354,RS,Sul,85.1,0.23722569257650844,acompanhar
2205565,PI,Nordeste,59.52,0.23707387376002378,acompanhar
4205357,SC,Sul,58.33,0.23681656671488346,acompanhar
2506004,PB,Nordeste,64.21,0.2365852878548927,acompanhar
3513207,SP,Sudeste,49.46,0.23629203338306742,acompanhar
3303708,RJ,Sudeste,51.96,0.2361273582031835,acompanhar
5101902,MT,Centro-Oeste,69.06,0.23591132988594912,acompanhar
2207108,PI,Nordeste,85.71,0.2357071589478921,acompanhar
3509254,SP,Sudeste,57.52,0.23555161642614666,acompanhar
3504503,SP,Sudeste,52.47,0.2355147023497027,acompanhar
2111953,MA,Nordeste,80.65,0.23547569906040006,acompanhar
4305504,RS,Sul,85.7,0.23546636479744487,acompanhar
1703602,TO,Norte,68.9,0.2354046554587556,acompanhar
3506003,SP,Sudeste,50.56,0.23525412986473102,acompanhar
3551900,SP,Sudeste,61.65,0.23497577636614222,acompanhar
4202107,SC,Sul,46.69,0.23487330177799787,acompanhar
2202083,PI,Nordeste,62.75,0.23480069526994554,acompanhar
2106359,MA,Nordeste,39.77,0.23478623151353778,acompanhar
3520004,SP,Sudeste,77.29,0.23473639117090728,acompanhar
3536604,SP,Sudeste,80.89,0.2345922349008313,acompanhar
4306551,RS,Sul,57.1,0.2344625659252429,acompanhar
2201176,PI,Nordeste,93.18,0.23422580409607677,acompanhar
3502754,SP,Sudeste,54.04,0.23396367428454456,acompanhar
2506202,PB,Nordeste,71.43,0.23380258562128114,acompanhar
5006259,MS,Centro-Oeste,78.44,0.2337872188895009,acompanhar
2110039,MA,Nordeste,85.76,0.23365840235064042,acompanhar
4202131,SC,Sul,81.95,0.23365542430268696,acompanhar
2205557,PI,Nordeste,58.86,0.23363336308473795,acompanhar
3515806,SP,Sudeste,27.27,0.2330370923691452,acompanhar
4318440,RS,Sul,66.7,0.2328261020277431,acompanhar
2209005,PI,Nordeste,41.79,0.23265386713027136,acompanhar
3506706,SP,Sudeste,55.34,0.23262723028139365,acompanhar
4317756,RS,Sul,77.2,0.23260027836965358,acompanhar
2613404,PE,Nordeste,39.24,0.23241557518142417,acompanhar
4211850,SC,Sul,66.67,0.23234534399397833,acompanhar
2110906,MA,Nordeste,83.35,0.2321773814293392,acompanhar
2604601,PE,Nordeste,43.24,0.2319826289004285,acompanhar
2104677,MA,Nordeste,60.92,0.23151535375279003,acompanhar
2209203,PI,Nordeste,62.47,0.23139489768987057,acompanhar
3503505,SP,Sudeste,56.95,0.2313088373060824,acompanhar
3305554,RJ,Sudeste,50.53,0.2312962555263703,acompanhar
3529906,SP,Sudeste,65.52,0.23123602556016687,acompanhar
3553856,SP,Sudeste,47.19,0.2305947593057465,acompanhar
5106422,MT,Centro-Oeste,41.77,0.23053593697929228,acompanhar
3300506,RJ,Sudeste,66.67,0.23050365923502636,acompanhar
2210953,PI,Nordeste,65.11,0.23035174974525,acompanhar
2206050,PI,Nordeste,60.66,0.23023676158131534,acompanhar
4316956,RS,Sul,59.3,0.23009305274329953,acompanhar
2101731,MA,Nordeste,72.29,0.2299870354943595,acompanhar
2205359,PI,Nordeste,97.14,0.22979774643143938,acompanhar
2206720,PI,Nordeste,52.15,0.2297958485370694,acompanhar
4322855,RS,Sul,46.7,0.22977114842510854,acompanhar
3509205,SP,Sudeste,53.17,0.22973414120957228,acompanhar
3534302,SP,Sudeste,57.15,0.2295770123234357,acompanhar
4321667,RS,Sul,53.5,0.2291930097758595,acompanhar
2109205,MA,Nordeste,57.94,0.22899531307847243,acompanhar
3556909,SP,Sudeste,52.86,0.22898306761629336,acompanhar
5004304,MS,Centro-Oeste,60.02,0.22873559186989414,acompanhar
2605806,PE,Nordeste,70.68,0.22871866310350367,acompanhar
2110609,MA,Nordeste,67.87,0.22836436437412475,acompanhar
2203800,PI,Nordeste,43.3,0.22811717366216863,acompanhar
2502805,PB,Nordeste,51.6,0.2280015387010929,acompanhar
3517703,SP,Sudeste,76.27,0.22799402164769234,acompanhar
5002803,MS,Centro-Oeste,55.67,0.2279053469667772,acompanhar
2601052,PE,Nordeste,53.49,0.22735375959265886,acompanhar
3300100,RJ,Sudeste,60.8,0.2272928757799405,acompanhar
2206951,PI,Nordeste,82.08,0.22692209385208356,acompanhar
3525706,SP,Sudeste,54.93,0.22670354596973794,acompanhar
3521309,SP,Sudeste,63.8,0.22656029390471344,acompanhar
4315313,RS,Sul,40.0,0.22602806822171756,acompanhar
1702703,TO,Norte,41.94,0.22596540754286928,acompanhar
2105658,MA,Nordeste,67.86,0.22558063319322072,acompanhar
3515152,SP,Sudeste,47.86,0.22557341277427295,acompanhar
1506161,PA,Norte,56.31,0.2254393673247732,acompanhar
2105963,MA,Nordeste,97.12,0.22529549273803814,acompanhar
3112703,MG,Sudeste,63.8,0.2251553626035111,acompanhar
4309506,RS,Sul,67.5,0.2251151073834997,acompanhar
3302056,RJ,Sudeste,61.79,0.22511374733133327,acompanhar
3519709,SP,Sudeste,53.06,0.22475659193527275,acompanhar
3300936,RJ,Sudeste,59.54,0.2247523019364361,acompanhar
2501609,PB,Nordeste,45.83,0.22419730864882378,acompanhar
2204709,PI,Nordeste,67.52,0.22356456833866722,acompanhar
5002407,MS,Centro-Oeste,66.23,0.22339821268579346,acompanhar
2205201,PI,Nordeste,58.67,0.22285044068530077,acompanhar
5003488,MS,Centro-Oeste,39.87,0.22253476379178375,acompanhar
3557204,SP,Sudeste,51.58,0.2225010014688016,acompanhar
3503208,SP,Sudeste,62.01,0.22240300316310282,acompanhar
2505709,PB,Nordeste,96.29,0.22237119873184633,acompanhar
2202752,PI,Nordeste,89.29,0.2223340051622296,acompanhar
2504074,PB,Nordeste,87.82,0.22213823952717487,acompanhar
4317202,RS,Sul,58.8,0.22149988887029098,acompanhar
4202206,SC,Sul,71.71,0.22148924561263897,acompanhar
2202455,PI,Nordeste,77.36,0.22127298861726213,acompanhar
5003108,MS,Centro-Oeste,58.66,0.22086090676835407,acompanhar
3540754,SP,Sudeste,46.58,0.2206860524098358,acompanhar
3538907,SP,Sudeste,46.03,0.2206286949660563,acompanhar
2109759,MA,Nordeste,40.91,0.22057930717158905,acompanhar
3144300,MG,Sudeste,57.67,0.22037991475734273,acompanhar
5105903,MT,Centro-Oeste,60.61,0.22033405918539006,acompanhar
3537503,SP,Sudeste,66.7,0.220303426496991,acompanhar
3519600,SP,Sudeste,49.2,0.2200626068376037,acompanhar
4209151,SC,Sul,52.77,0.220007869215449,acompanhar
3553302,SP,Sudeste,59.74,0.21980288020505184,acompanhar
3552403,SP,Sudeste,50.61,0.2193624285373586,acompanhar
2509701,PB,Nordeste,61.09,0.21928947060828757,acompanhar
3554102,SP,Sudeste,53.88,0.2192347333461602,acompanhar
2109809,MA,Nordeste,72.74,0.219224793920945,acompanhar
3113008,MG,Sudeste,71.52,0.21872598281500985,acompanhar
3507902,SP,Sudeste,56.01,0.21858756381135472,acompanhar
2101400,MA,Nordeste,39.54,0.2185254228359032,acompanhar
2609808,PE,Nordeste,50.86,0.21830244081244632,acompanhar
2508554,PB,Nordeste,94.6,0.21826617885496247,acompanhar
2202117,PI,Nordeste,59.33,0.2180686821066663,acompanhar
2109502,MA,Nordeste,51.85,0.2179417341673004,acompanhar
5005707,MS,Centro-Oeste,59.87,0.21757715007992476,acompanhar
3550704,SP,Sudeste,44.38,0.21740491158346872,acompanhar
3523909,SP,Sudeste,61.67,0.21740252356778858,acompanhar
3306107,RJ,Sudeste,55.84,0.2168676522272255,acompanhar
5007976,MS,Centro-Oeste,85.45,0.21682442720191528,acompanhar
4312054,RS,Sul,47.8,0.21666261218300661,acompanhar
5007307,MS,Centro-Oeste,53.05,0.21591663046750853,acompanhar
2102002,MA,Nordeste,69.64,0.2158251402698677,acompanhar
2105104,MA,Nordeste,68.98,0.21580155975835333,acompanhar
3522901,SP,Sudeste,53.04,0.21545514627370557,acompanhar
3512308,SP,Sudeste,69.48,0.21538678037849454,acompanhar
2615102,PE,Nordeste,76.08,0.21517135514296626,acompanhar
3120151,MG,Sudeste,48.66,0.21516985809025296,acompanhar
1507979,PA,Norte,65.58,0.2151357856807779,acompanhar
4201307,SC,Sul,49.55,0.2150003874124444,acompanhar
2512077,PB,Nordeste,57.57,0.21471576417033597,acompanhar
3505609,SP,Sudeste,51.43,0.21429537977955104,acompanhar
3132305,MG,Sudeste,55.18,0.21420501388705207,acompanhar
5105234,MT,Centro-Oeste,51.5,0.21408480611155814,acompanhar
3508504,SP,Sudeste,44.26,0.21385624345457005,acompanhar
2602605,PE,Nordeste,48.73,0.2135594801352499,acompanhar
2201960,PI,Nordeste,42.58,0.2135163285883346,acompanhar
5005152,MS,Centro-Oeste,47.67,0.2133966986670309,acompanhar
3522802,SP,Sudeste,70.1,0.21310501649000108,acompanhar
5106182,MT,Centro-Oeste,67.64,0.21287701972866907,acompanhar
2111250,MA,Nordeste,56.16,0.21252845058185782,acompanhar
3541000,SP,Sudeste,51.25,0.21232062067335966,acompanhar
2203453,PI,Nordeste,87.27,0.21226203869196833,acompanhar
2607653,PE,Nordeste,43.31,0.21198022870364366,acompanhar
3512209,SP,Sudeste,55.54,0.21170005363969097,acompanhar
3540606,SP,Sudeste,70.08,0.21169338383441952,acompanhar
3532405,SP,Sudeste,62.5,0.21158814364495054,acompanhar
3521606,SP,Sudeste,96.0,0.21152913813803098,acompanhar
2513356,PB,Nordeste,39.01,0.21151594946888255,acompanhar
2101970,MA,Nordeste,80.0,0.21143844760120256,acompanhar
3525201,SP,Sudeste,44.07,0.21140337537626788,acompanhar
2613107,PE,Nordeste,53.17,0.21114512475069722,acompanhar
3529807,SP,Sudeste,68.18,0.21111399127471395,acompanhar
3540259,SP,Sudeste,51.66,0.21086994346676427,acompanhar
2209872,PI,Nordeste,43.37,0.21077840047568078,acompanhar
3527603,SP,Sudeste,43.03,0.2104698568005743,acompanhar
3304755,RJ,Sudeste,47.47,0.2103674263709164,acompanhar
4205175,SC,Sul,65.16,0.21026045957033912,acompanhar
4300059,RS,Sul,55.1,0.2097453565169037,acompanhar
2205540,PI,Nordeste,87.79,0.20952729617943752,acompanhar
3506607,SP,Sudeste,52.19,0.20940104452507705,acompanhar
2200459,PI,Nordeste,41.74,0.2093480093452624,acompanhar
2614303,PE,Nordeste,56.94,0.20908102471849627,acompanhar
4305587,RS,Sul,39.9,0.2089846217568167,acompanhar
3544202,SP,Sudeste,84.72,0.20861308688088406,acompanhar
3530201,SP,Sudeste,87.52,0.2085144679899371,acompanhar
2514651,PB,Nordeste,30.0,0.20835479852548577,acompanhar
5006606,MS,Centro-Oeste,71.07,0.20829585070080103,acompanhar
3135209,MG,Sudeste,47.12,0.2080770872249588,acompanhar
3530508,SP,Sudeste,61.52,0.2076593585845006,acompanhar
3536000,SP,Sudeste,73.38,0.20700640670185477,acompanhar
4303905,RS,Sul,45.4,0.20690220569677373,acompanhar
4201109,SC,Sul,56.94,0.20678618289789588,acompanhar
3508801,SP,Sudeste,61.51,0.20655250466024458,acompanhar
3521804,SP,Sudeste,46.71,0.2064598140660783,acompanhar
3140852,MG,Sudeste,31.08,0.20599627504121587,acompanhar
2203255,PI,Nordeste,27.56,0.20585319656686735,acompanhar
5007703,MS,Centro-Oeste,53.09,0.20584359837840047,acompanhar
2509503,PB,Nordeste,82.33,0.20582832329699738,acompanhar
2204204,PI,Nordeste,48.78,0.20580822122384407,acompanhar
5007505,MS,Centro-Oeste,48.97,0.20553434155234576,acompanhar
2106631,MA,Nordeste,57.42,0.20469321220847,acompanhar
2206704,PI,Nordeste,39.0,0.2042063887226968,acompanhar
5008008,MS,Centro-Oeste,47.09,0.2038128023938763,acompanhar
2612406,PE,Nordeste,65.85,0.20371351426231418,acompanhar
2610103,PE,Nordeste,59.45,0.20361895000216068,acompanhar
3519501,SP,Sudeste,71.85,0.20287640480072272,acompanhar
3524105,SP,Sudeste,49.94,0.2026986904938923,acompanhar
2205516,PI,Nordeste,71.43,0.20257425475857802,acompanhar
3302601,RJ,Sudeste,40.95,0.20213214408190677,acompanhar
2609204,PE,Nordeste,58.48,0.20210260967875682,acompanhar
3532108,SP,Sudeste,100.0,0.2019497998504673,acompanhar
4323358,RS,Sul,52.9,0.20188164253337273,acompanhar
3532207,SP,Sudeste,60.6,0.20180547399493184,acompanhar
3305208,RJ,Sudeste,55.74,0.20159959078142092,acompanhar
3520905,SP,Sudeste,54.96,0.20146760280488168,acompanhar
4314027,RS,Sul,52.6,0.20139213013171192,acompanhar
3536208,SP,Sudeste,61.36,0.20126633234522615,acompanhar
2111607,MA,Nordeste,84.5,0.20118280308635583,acompanhar
2204501,PI,Nordeste,68.54,0.2011825553565813,acompanhar
2502300,PB,Nordeste,45.24,0.20069963704358068,acompanhar
4311981,RS,Sul,21.9,0.20050168094964413,acompanhar
2612604,PE,Nordeste,64.37,0.20017268666604696,acompanhar
2102804,MA,Nordeste,50.96,0.19993959724171517,acompanhar
2105906,MA,Nordeste,76.73,0.19966801306877982,acompanhar
3300233,RJ,Sudeste,68.56,0.19961550755090185,acompanhar
5007950,MS,Centro-Oeste,56.62,0.19945556272050297,acompanhar
3545001,SP,Sudeste,65.52,0.1994235851765327,acompanhar
2103554,MA,Nordeste,54.26,0.1991931814167956,acompanhar
3527009,SP,Sudeste,61.13,0.19895374361398852,acompanhar
2104206,MA,Nordeste,72.06,0.19889584755218212,acompanhar
5103858,MT,Centro-Oeste,59.6,0.19849108355420508,acompanhar
2110005,MA,Nordeste,58.7,0.19821568201071113,acompanhar
3533205,SP,Sudeste,88.79,0.19797118029510735,acompanhar
4308904,RS,Sul,52.3,0.19754757054097158,acompanhar
2109106,MA,Nordeste,45.11,0.19734008723494179,acompanhar
2200806,PI,Nordeste,73.81,0.19728633491860578,acompanhar
5108501,MT,Centro-Oeste,52.77,0.19700589559515336,acompanhar
2510501,PB,Nordeste,41.57,0.19680463333295373,acompanhar
3136959,MG,Sudeste,52.49,0.1966589645916688,acompanhar
3550803,SP,Sudeste,68.66,0.19654054886601666,acompanhar
2204600,PI,Nordeste,81.47,0.19653878983676862,acompanhar
3556503,SP,Sudeste,53.24,0.1965109621802757,acompanhar
4312138,RS,Sul,38.7,0.19639396008417342,acompanhar
4322541,RS,Sul,35.0,0.19636612180403262,acompanhar
3519253,SP,Sudeste,42.77,0.19636215586351005,acompanhar
2201507,PI,Nordeste,46.97,0.19627023398935628,acompanhar
3543501,SP,Sudeste,64.17,0.19622955372693607,acompanhar
5107354,MT,Centro-Oeste,35.26,0.19568152531353558,acompanhar
2509370,PB,Nordeste,18.18,0.19547697067890343,acompanhar
4215679,SC,Sul,69.26,0.19523471911784035,acompanhar
2201804,PI,Nordeste,55.0,0.195097566875329,acompanhar
3514809,SP,Sudeste,75.19,0.19507314723085006,acompanhar
3514908,SP,Sudeste,56.28,0.1949046371395192,acompanhar
3505807,SP,Sudeste,46.89,0.1948879022497059,acompanhar
2211407,PI,Nordeste,76.19,0.1945860237103967,acompanhar
3304409,RJ,Sudeste,65.54,0.19418224213409924,acompanhar
2601409,PE,Nordeste,53.05,0.19394772670430024,acompanhar
5000856,MS,Centro-Oeste,86.52,0.19374227675178604,acompanhar
4207304,SC,Sul,61.53,0.1931191409705426,acompanhar
4309258,RS,Sul,66.7,0.1929768236202174,acompanhar
2515609,PB,Nordeste,48.92,0.19293429906452422,acompanhar
2604304,PE,Nordeste,63.12,0.19278527454048064,acompanhar
2203602,PI,Nordeste,65.85,0.19259651988038673,acompanhar
3135803,MG,Sudeste,55.65,0.1925170860269446,acompanhar
4321832,RS,Sul,40.0,0.19249429076352248,acompanhar
3504305,SP,Sudeste,65.24,0.1924544224471925,acompanhar
2603603,PE,Nordeste,66.81,0.19238225202645404,acompanhar
2208007,PI,Nordeste,54.93,0.19225104014794772,acompanhar
2208403,PI,Nordeste,54.59,0.19210162544673748,acompanhar
4210704,SC,Sul,37.3,0.1920420092909767,acompanhar
3301405,RJ,Sudeste,56.17,0.1920061986854581,acompanhar
2112100,MA,Nordeste,44.63,0.19187512884292415,acompanhar
3542701,SP,Sudeste,55.18,0.1914144647387816,acompanhar
3542909,SP,Sudeste,53.4,0.19137728292175557,acompanhar
2104107,MA,Nordeste,78.25,0.19127684590564178,acompanhar
3551108,SP,Sudeste,53.32,0.19118755662720044,acompanhar
2600500,PE,Nordeste,59.77,0.1910509885752378,acompanhar
2109403,MA,Nordeste,68.97,0.19097610180674943,acompanhar
2601508,PE,Nordeste,79.67,0.19096933564676366,acompanhar
2103604,MA,Nordeste,55.72,0.19095254276452353,acompanhar
3552700,SP,Sudeste,62.83,0.19071521278475526,acompanhar
3543709,SP,Sudeste,74.83,0.19024088882709023,acompanhar
4211058,SC,Sul,52.67,0.1902153027249194,acompanhar
2608008,PE,Nordeste,37.15,0.18974826837730713,acompanhar
3531001,SP,Sudeste,80.77,0.18966526370766254,acompanhar
5007406,MS,Centro-Oeste,49.11,0.18953306712863022,acompanhar
2514008,PB,Nordeste,60.71,0.18929022828055453,acompanhar
3521101,SP,Sudeste,62.62,0.18923886942588133,acompanhar
3519006,SP,Sudeste,81.08,0.18922295262572228,acompanhar
2208874,PI,Nordeste,54.84,0.18913793947334093,acompanhar
2107902,MA,Nordeste,58.43,0.1888276945701152,acompanhar
3539806,SP,Sudeste,51.72,0.18873603345102558,acompanhar
2609402,PE,Nordeste,43.93,0.18844442386633842,acompanhar
2201739,PI,Nordeste,82.76,0.18844415946297596,acompanhar
2100105,MA,Nordeste,93.1,0.18842835616476325,acompanhar
2111532,MA,Nordeste,55.64,0.18824880229262797,acompanhar
2505279,PB,Nordeste,55.56,0.18818289955044323,acompanhar
3303906,RJ,Sudeste,64.81,0.1881677501644213,acompanhar
2112803,MA,Nordeste,53.36,0.188125476000861,acompanhar
5106307,MT,Centro-Oeste,60.98,0.18810265633550843,acompanhar
2202109,PI,Nordeste,100.0,0.18792339879840264,acompanhar
3501400,SP,Sudeste,58.33,0.1877836382772948,acompanhar
2607950,PE,Nordeste,81.67,0.1877769622390585,acompanhar
4321634,RS,Sul,40.0,0.18776091930450134,acompanhar
4304903,RS,Sul,76.0,0.18745058037024687,acompanhar
3528700,SP,Sudeste,48.33,0.18739522504297443,acompanhar
3520301,SP,Sudeste,61.67,0.18734955659414845,acompanhar
2200400,PI,Nordeste,61.82,0.18722054828681856,acompanhar
2511400,PB,Nordeste,42.85,0.18712738090102407,acompanhar
4204806,SC,Sul,53.48,0.1870935024254519,acompanhar
3518909,SP,Sudeste,79.92,0.18660321210298347,acompanhar
2109908,MA,Nordeste,48.48,0.18659333384376284,acompanhar
2100907,MA,Nordeste,42.52,0.18655507451539413,acompanhar
3520400,SP,Sudeste,43.27,0.18639720377435184,acompanhar
3516804,SP,Sudeste,54.3,0.186315267744785,acompanhar
1715754,TO,Norte,77.41,0.18623375240238632,acompanhar
2102705,MA,Nordeste,70.83,0.18606677919961362,acompanhar
2607604,PE,Nordeste,50.6,0.1860539346051321,acompanhar
2101707,MA,Nordeste,78.52,0.18600687107656838,acompanhar
3306206,RJ,Sudeste,60.33,0.18545842960949968,acompanhar
3547809,SP,Sudeste,56.5,0.18541995840432038,acompanhar
5102504,MT,Centro-Oeste,51.27,0.18539922970594716,acompanhar
5008404,MS,Centro-Oeste,53.73,0.1853444200997546,acompanhar
3535408,SP,Sudeste,92.54,0.18490176262557706,acompanhar
3523305,SP,Sudeste,70.98,0.18490028891790805,acompanhar
2203206,PI,Nordeste,81.77,0.1846926074755703,acompanhar
2103752,MA,Nordeste,69.82,0.18465424981788564,acompanhar
4218004,SC,Sul,15.28,0.18455509395129066,acompanhar
3513405,SP,Sudeste,55.99,0.18443023444377704,acompanhar
3538600,SP,Sudeste,57.46,0.1843598689765746,acompanhar
2503902,PB,Nordeste,68.64,0.18426288578262037,acompanhar
2516201,PB,Nordeste,66.52,0.1841726450698071,acompanhar
2103505,MA,Nordeste,49.9,0.1839498103665752,acompanhar
3528106,SP,Sudeste,96.3,0.18364392220216016,acompanhar
3517505,SP,Sudeste,70.54,0.1836243054945264,acompanhar
3304151,RJ,Sudeste,70.11,0.183546374356337,acompanhar
3303401,RJ,Sudeste,68.84,0.18352786088337628,acompanhar
2209906,PI,Nordeste,93.97,0.18346278884682515,acompanhar
3300407,RJ,Sudeste,63.88,0.18345718401268896,acompanhar
5102850,MT,Centro-Oeste,64.87,0.1833075497778049,acompanhar
3303955,RJ,Sudeste,63.28,0.18325984951259847,acompanhar
4200556,SC,Sul,88.24,0.18296358849967315,acompanhar
4208807,SC,Sul,56.28,0.18230882993292308,acompanhar
3521002,SP,Sudeste,44.75,0.18221499921181875,acompanhar
4322806,RS,Sul,57.0,0.1821182983621975,acompanhar
4321329,RS,Sul,81.5,0.18201655015027315,acompanhar
2102903,MA,Nordeste,61.21,0.18192017281991535,acompanhar
3506359,SP,Sudeste,69.58,0.18186524820189912,acompanhar
4315552,RS,Sul,85.7,0.18186142675392872,acompanhar
4311270,RS,Sul,36.0,0.18166446996938307,acompanhar
2514800,PB,Nordeste,95.24,0.1812696442252191,acompanhar
2612901,PE,Nordeste,71.07,0.1806184360403692,acompanhar
2111805,MA,Nordeste,54.44,0.18052124075555684,acompanhar
2610806,PE,Nordeste,54.87,0.18044034573497114,acompanhar
3156809,MG,Sudeste,60.64,0.18034967455951492,acompanhar
3540507,SP,Sudeste,60.38,0.1799947761317882,acompanhar
2100402,MA,Nordeste,73.02,0.17996362694291249,acompanhar
4216206,SC,Sul,49.5,0.17990680885835317,acompanhar
2600906,PE,Nordeste,55.29,0.1797346820760884,acompanhar
2501203,PB,Nordeste,70.75,0.17966067003899241,acompanhar
2105500,MA,Nordeste,55.83,0.179316381012722,acompanhar
2609303,PE,Nordeste,57.83,0.1792105031485995,acompanhar
3103207,MG,Sudeste,72.22,0.1789382722901524,acompanhar
3300308,RJ,Sudeste,48.01,0.1788318250675299,acompanhar
3553500,SP,Sudeste,57.45,0.1779797189248357,acompanhar
2600401,PE,Nordeste,55.57,0.17756182742607246,acompanhar
4318614,RS,Sul,37.5,0.17732815644416716,acompanhar
4115903,PR,Sul,56.0,0.17717835674102866,acompanhar
4216057,SC,Sul,50.76,0.1771453629689154,acompanhar
2209658,PI,Nordeste,36.86,0.17704928009453708,acompanhar
4310207,RS,Sul,61.9,0.17694142058695533,acompanhar
2609154,PE,Nordeste,52.89,0.17692938386369414,acompanhar
3544707,SP,Sudeste,91.33,0.17685303549139772,acompanhar
2606507,PE,Nordeste,82.26,0.17674765353437874,acompanhar
3552502,SP,Sudeste,46.82,0.17669599143997275,acompanhar
3551702,SP,Sudeste,54.16,0.17662594483038538,acompanhar
3551801,SP,Sudeste,52.1,0.17643497344779507,acompanhar
4303707,RS,Sul,50.3,0.17629033567257155,acompanhar
4316477,RS,Sul,44.4,0.17619703466005182,acompanhar
3505500,SP,Sudeste,58.42,0.1761191056661245,acompanhar
2512606,PB,Nordeste,45.45,0.1761058148402765,acompanhar
3512704,SP,Sudeste,84.16,0.17542038559060444,acompanhar
3305505,RJ,Sudeste,62.51,0.1753182419634286,acompanhar
2611408,PE,Nordeste,50.41,0.17529411140338674,acompanhar
3507159,SP,Sudeste,55.46,0.17524945851078222,acompanhar
2602803,PE,Nordeste,55.5,0.17496794556370732,acompanhar
3530607,SP,Sudeste,47.88,0.17494229837695258,acompanhar
4312906,RS,Sul,51.8,0.17483366882081847,acompanhar
3511409,SP,Sudeste,39.99,0.17472390495592932,acompanhar
2513653,PB,Nordeste,90.09,0.17463704908195593,acompanhar
3303302,RJ,Sudeste,51.2,0.17463160342982811,acompanhar
3535804,SP,Sudeste,42.59,0.17462145404307877,acompanhar
3553708,SP,Sudeste,72.83,0.1745964731194889,acompanhar
2100709,MA,Nordeste,41.33,0.17453499812257653,acompanhar
3534104,SP,Sudeste,39.53,0.1744936192893258,acompanhar
5002159,MS,Centro-Oeste,46.43,0.17430263349361547,acompanhar
4314472,RS,Sul,47.5,0.17428406024489074,acompanhar
3301108,RJ,Sudeste,52.0,0.1737402457620577,acompanhar
2603009,PE,Nordeste,61.21,0.17363501959613514,acompanhar
4215703,SC,Sul,60.42,0.17358346740164585,acompanhar
2106102,MA,Nordeste,66.12,0.17349237446451365,acompanhar
5007554,MS,Centro-Oeste,51.3,0.1734883830186748,acompanhar
2202711,PI,Nordeste,59.56,0.17344651865552066,acompanhar
5101704,MT,Centro-Oeste,72.78,0.17331730853315985,acompanhar
5101258,MT,Centro-Oeste,60.47,0.17323392083419875,acompanhar
2202703,PI,Nordeste,83.93,0.17316181618772522,acompanhar
2101608,MA,Nordeste,64.05,0.17313868714880962,acompanhar
4204178,SC,Sul,49.84,0.17295218426104192,acompanhar
4209458,SC,Sul,66.07,0.1726148444486146,acompanhar
4313003,RS,Sul,94.4,0.17256716085666615,acompanhar
1721000,TO,Norte,56.97,0.1725514832018277,acompanhar
4201950,SC,Sul,51.13,0.17253112723838201,acompanhar
3532157,SP,Sudeste,36.18,0.17237802746015818,acompanhar
3548104,SP,Sudeste,72.45,0.172271877086206,acompanhar
3129657,MG,Sudeste,37.74,0.17206668145039575,acompanhar
2108058,MA,Nordeste,68.89,0.17202420662734486,acompanhar
3514304,SP,Sudeste,71.85,0.17200067987176104,acompanhar
3500907,SP,Sudeste,62.85,0.17185862139291003,acompanhar
5106174,MT,Centro-Oeste,85.25,0.17155782410550643,acompanhar
4211900,SC,Sul,46.53,0.1714153759981988,acompanhar
3547304,SP,Sudeste,60.69,0.17140431344112536,acompanhar
3547007,SP,Sudeste,86.98,0.1712920193884835,acompanhar
2210938,PI,Nordeste,55.84,0.1712763939877092,acompanhar
3507100,SP,Sudeste,53.92,0.17091209392265547,acompanhar
2502052,PB,Nordeste,93.94,0.17075118047683704,acompanhar
3557303,SP,Sudeste,51.48,0.17074753898777853,acompanhar
3509809,SP,Sudeste,86.59,0.17066823797930133,acompanhar
4313037,RS,Sul,80.7,0.17057158423882823,acompanhar
4323606,RS,Sul,85.7,0.1705341551577683,acompanhar
4306007,RS,Sul,57.4,0.17042098318873428,acompanhar
4312179,RS,Sul,58.3,0.1702753317412928,acompanhar
3542602,SP,Sudeste,63.81,0.17026108228807077,acompanhar
2111052,MA,Nordeste,43.97,0.1702059555621672,acompanhar
2203503,PI,Nordeste,51.08,0.1701408799321346,acompanhar
5108808,MT,Centro-Oeste,67.3,0.17006159537450688,acompanhar
4314001,RS,Sul,60.0,0.17005587351262558,acompanhar
4213302,SC,Sul,60.53,0.1698380007029006,acompanhar
4209904,SC,Sul,58.41,0.16965223917460323,acompanhar
2614857,PE,Nordeste,57.18,0.16964242463489523,acompanhar
2207934,PI,Nordeste,47.35,0.16953642149446682,acompanhar
2514552,PB,Nordeste,81.82,0.16913037661857366,acompanhar
4314456,RS,Sul,33.2,0.16905433701283526,acompanhar
3301603,RJ,Sudeste,65.4,0.16892860669250542,acompanhar
4200507,SC,Sul,75.76,0.16886625948643255,acompanhar
2206407,PI,Nordeste,42.48,0.1688235079604781,acompanhar
2107407,MA,Nordeste,58.91,0.1687766080581954,acompanhar
3554201,SP,Sudeste,59.38,0.16857950834683352,acompanhar
2104651,MA,Nordeste,78.08,0.16843512414961415,acompanhar
4215356,SC,Sul,75.29,0.16843397453939293,acompanhar
4214409,SC,Sul,44.51,0.16839231501858212,acompanhar
3531704,SP,Sudeste,50.9,0.16832284079043056,acompanhar
2203107,PI,Nordeste,85.0,0.16810102974079996,acompanhar
5107743,MT,Centro-Oeste,73.81,0.16803565652727182,acompanhar
3506300,SP,Sudeste,47.5,0.16801232489645965,acompanhar
3500303,SP,Sudeste,58.41,0.16790190149736112,acompanhar
3518206,SP,Sudeste,71.91,0.1676687172404557,acompanhar
3507704,SP,Sudeste,73.18,0.1671735345168977,acompanhar
2606606,PE,Nordeste,61.76,0.16714868495319338,acompanhar
3549250,SP,Sudeste,44.44,0.16713627072437692,acompanhar
2202133,PI,Nordeste,95.8,0.16691376652681061,acompanhar
3508009,SP,Sudeste,63.24,0.16683984434287996,acompanhar
3162450,MG,Sudeste,33.42,0.16666595610146137,acompanhar
5104906,MT,Centro-Oeste,54.87,0.16662974599198024,acompanhar
2204550,PI,Nordeste,75.0,0.16649096263810279,acompanhar
2105153,MA,Nordeste,77.64,0.16643340371678295,acompanhar
2606200,PE,Nordeste,45.89,0.166404446394677,acompanhar
2607406,PE,Nordeste,48.57,0.1663457209494185,acompanhar
2605707,PE,Nordeste,51.67,0.16625098675640063,acompanhar
3512001,SP,Sudeste,57.89,0.16619264205257073,acompanhar
3304102,RJ,Sudeste,52.38,0.1658583395950996,acompanhar
4317558,RS,Sul,34.6,0.165656563776438,acompanhar
2709301,AL,Nordeste,94.75,0.16549217413886508,acompanhar
4310801,RS,Sul,56.9,0.1654454964694004,acompanhar
4302584,RS,Sul,27.3,0.16530382186293688,acompanhar
2605202,PE,Nordeste,30.48,0.16526755595526305,acompanhar
2200277,PI,Nordeste,55.26,0.1650040301565055,acompanhar
2613701,PE,Nordeste,53.32,0.16499359594728596,acompanhar
3301801,RJ,Sudeste,55.56,0.16496588874763649,acompanhar
3556602,SP,Sudeste,50.96,0.16486357420616027,acompanhar
3537008,SP,Sudeste,51.67,0.16463701031840228,acompanhar
3133303,MG,Sudeste,49.62,0.163762741912392,acompanhar
3519402,SP,Sudeste,61.64,0.16366556246282546,acompanhar
3543006,SP,Sudeste,64.79,0.16301930323937142,acompanhar
3538204,SP,Sudeste,78.79,0.1630010698174933,acompanhar
4313201,RS,Sul,52.3,0.16298901798591692,acompanhar
3536406,SP,Sudeste,75.86,0.1629248509062076,acompanhar
3526308,SP,Sudeste,65.02,0.16265424152776303,acompanhar
3301876,RJ,Sudeste,70.32,0.16259075478135065,acompanhar
2102077,MA,Nordeste,95.28,0.16252823564977587,acompanhar
3554953,SP,Sudeste,55.64,0.16241728900140057,acompanhar
3549706,SP,Sudeste,63.96,0.1623248415307826,acompanhar
5002902,MS,Centro-Oeste,54.38,0.16225605055820053,acompanhar
3500758,SP,Sudeste,61.45,0.1622168557434171,acompanhar
3521150,SP,Sudeste,43.3,0.16210218414528596,acompanhar
4208203,SC,Sul,54.24,0.1620928686598688,acompanhar
3300605,RJ,Sudeste,70.64,0.1618512010883869,acompanhar
2103158,MA,Nordeste,87.93,0.16147327697021988,acompanhar
3504602,SP,Sudeste,61.39,0.16137203341433037,acompanhar
2614709,PE,Nordeste,43.99,0.16127756233275045,acompanhar
2200301,PI,Nordeste,82.41,0.16124683510972665,acompanhar
3520806,SP,Sudeste,94.72,0.16123470221637948,acompanhar
3304128,RJ,Sudeste,60.05,0.16104618894791403,acompanhar
5107008,MT,Centro-Oeste,46.03,0.16088859427270857,acompanhar
2505501,PB,Nordeste,58.31,0.16077186107098704,acompanhar
5103700,MT,Centro-Oeste,51.15,0.16071929477066685,acompanhar
4218103,SC,Sul,80.2,0.16061451831495513,acompanhar
4200408,SC,Sul,72.41,0.16059686943303086,acompanhar
3157252,MG,Sudeste,70.45,0.1602254628148467,acompanhar
5004502,MS,Centro-Oeste,57.29,0.16009005272881302,acompanhar
2205409,PI,Nordeste,81.27,0.15991819190152642,acompanhar
3541208,SP,Sudeste,79.72,0.15972750122120374,acompanhar
3517901,SP,Sudeste,73.02,0.15948776421744149,acompanhar
3542503,SP,Sudeste,84.53,0.15916669156986116,acompanhar
3517208,SP,Sudeste,60.0,0.15915304371019048,acompanhar
5105580,MT,Centro-Oeste,65.36,0.15896233080758174,acompanhar
3514205,SP,Sudeste,65.38,0.15893703891159358,acompanhar
3554003,SP,Sudeste,53.92,0.15892171794052048,acompanhar
3526506,SP,Sudeste,59.08,0.15868259874529464,acompanhar
3525508,SP,Sudeste,57.3,0.1583493580089178,acompanhar
3517802,SP,Sudeste,60.72,0.15815273942798405,acompanhar
2105708,MA,Nordeste,79.18,0.15803093109856856,acompanhar
4319356,RS,Sul,58.8,0.15790555995594915,acompanhar
2612505,PE,Nordeste,55.94,0.15788729141387706,acompanhar
2209856,PI,Nordeste,96.34,0.15783736331141326,acompanhar
4303673,RS,Sul,80.8,0.15749329209992555,acompanhar
3552551,SP,Sudeste,90.85,0.15746967136008247,acompanhar
2607901,PE,Nordeste,54.98,0.15719616250336396,acompanhar
4212809,SC,Sul,53.84,0.157183333054841,acompanhar
2608453,PE,Nordeste,59.78,0.15715056581285852,acompanhar
3535309,SP,Sudeste,60.32,0.15711818687319404,acompanhar
1100106,RO,Norte,43.07,0.15692490597466396,acompanhar
3519071,SP,Sudeste,55.05,0.1564588773840462,acompanhar
2708204,AL,Nordeste,70.72,0.15634923590089678,acompanhar
2600807,PE,Nordeste,68.08,0.1561961226629922,acompanhar
4215208,SC,Sul,78.04,0.1561904666885983,acompanhar
2610004,PE,Nordeste,64.85,0.1558519245814216,acompanhar
2209104,PI,Nordeste,98.15,0.15572219028280096,acompanhar
2210904,PI,Nordeste,30.86,0.15567497126825575,acompanhar
4218251,SC,Sul,38.62,0.15558701699892402,acompanhar
3548906,SP,Sudeste,50.27,0.15553629858643728,acompanhar
5002704,MS,Centro-Oeste,51.76,0.15527660523193967,acompanhar
4301651,RS,Sul,53.5,0.15518667778515624,acompanhar
2113009,MA,Nordeste,73.1,0.15512318019810817,acompanhar
3509007,SP,Sudeste,52.21,0.1549864357711234,acompanhar
2112704,MA,Nordeste,96.58,0.15492393113864295,acompanhar
5003801,MS,Centro-Oeste,59.59,0.15481387208191644,acompanhar
3505708,SP,Sudeste,68.13,0.15470908289200683,acompanhar
3528502,SP,Sudeste,63.31,0.15469563629500735,acompanhar
3536257,SP,Sudeste,90.72,0.15455440124754333,acompanhar
3502101,SP,Sudeste,65.48,0.1544783349904674,acompanhar
2614204,PE,Nordeste,74.49,0.15447653536882666,acompanhar
2101939,MA,Nordeste,87.88,0.15402150821944197,acompanhar
2205599,PI,Nordeste,62.96,0.1539587573390878,acompanhar
3148608,MG,Sudeste,61.48,0.1538669205115423,acompanhar
3509908,SP,Sudeste,59.72,0.15382518347830657,acompanhar
2512101,PB,Nordeste,65.57,0.15373033953735324,acompanhar
5003900,MS,Centro-Oeste,86.46,0.1535983595253469,acompanhar
4310363,RS,Sul,50.0,0.15334947235402946,acompanhar
2205276,PI,Nordeste,95.24,0.1532353565236687,acompanhar
2105427,MA,Nordeste,60.13,0.15322509435444442,acompanhar
2102358,MA,Nordeste,54.91,0.15305435801921558,acompanhar
4220000,SC,Sul,54.65,0.15304069057366654,acompanhar
2600302,PE,Nordeste,64.09,0.15268776209123666,acompanhar
3533007,SP,Sudeste,59.94,0.1524063171349677,acompanhar
5107750,MT,Centro-Oeste,97.49,0.1523681302504538,acompanhar
4314753,RS,Sul,66.3,0.15234453594026168,acompanhar
2608701,PE,Nordeste,86.35,0.1522967881941536,acompanhar
2607307,PE,Nordeste,70.08,0.15226479763909626,acompanhar
3526605,SP,Sudeste,46.14,0.1521188249366432,acompanhar
2202802,PI,Nordeste,70.98,0.15209953518685754,acompanhar
3513108,SP,Sudeste,59.0,0.1520610780716369,acompanhar
3541604,SP,Sudeste,79.12,0.1520025955121468,acompanhar
2208551,PI,Nordeste,64.29,0.1519684630239906,acompanhar
3555901,SP,Sudeste,100.0,0.15155213212051907,acompanhar
2616209,PE,Nordeste,56.85,0.15147939167389007,acompanhar
4214706,SC,Sul,68.59,0.15140386305165468,acompanhar
2100204,MA,Nordeste,70.97,0.1512341247440341,acompanhar
3545506,SP,Sudeste,89.83,0.15057214050973572,acompanhar
3302106,RJ,Sudeste,70.09,0.15053845544180258,acompanhar
3502903,SP,Sudeste,56.16,0.15053790026646233,acompanhar
3532900,SP,Sudeste,68.76,0.15047980970214517,acompanhar
4308201,RS,Sul,59.6,0.15044625560920008,acompanhar
3511003,SP,Sudeste,45.42,0.15031014264528414,acompanhar
4205407,SC,Sul,52.75,0.1502897598572086,acompanhar
5104500,MT,Centro-Oeste,67.61,0.1502829862382824,acompanhar
5107776,MT,Centro-Oeste,40.74,0.1500557519292577,acompanhar
5006309,MS,Centro-Oeste,55.2,0.14995040273638413,acompanhar
3540903,SP,Sudeste,62.53,0.14990134491392304,acompanhar
3139300,MG,Sudeste,41.04,0.14978597785478426,acompanhar
2701407,AL,Nordeste,67.45,0.14966102508231185,acompanhar
3510500,SP,Sudeste,58.19,0.14958946979389826,acompanhar
3302809,RJ,Sudeste,56.89,0.14940011834306416,acompanhar
2202059,PI,Nordeste,52.34,0.14933364653350778,acompanhar
2204352,PI,Nordeste,53.59,0.14918174456520175,acompanhar
3532306,SP,Sudeste,57.89,0.14865297404578773,acompanhar
3532868,SP,Sudeste,25.0,0.1482568072887552,acompanhar
2210383,PI,Nordeste,80.0,0.1482379364022852,acompanhar
2606408,PE,Nordeste,43.1,0.14815597547984272,acompanhar
2103406,MA,Nordeste,76.13,0.1481529159973941,acompanhar
1100080,RO,Norte,59.63,0.14812423831090502,acompanhar
2210102,PI,Nordeste,75.0,0.14809468560300562,acompanhar
3531308,SP,Sudeste,59.0,0.1480731599221938,acompanhar
3523503,SP,Sudeste,54.18,0.1479519888921678,acompanhar
3302700,RJ,Sudeste,59.97,0.1479386813758879,acompanhar
3530904,SP,Sudeste,74.25,0.14792922548801404,acompanhar
3507308,SP,Sudeste,66.62,0.1478810218337165,acompanhar
3301504,RJ,Sudeste,64.16,0.14756672835834064,acompanhar
3541653,SP,Sudeste,65.39,0.1474189475935212,acompanhar
5108402,MT,Centro-Oeste,61.76,0.14702692199418393,acompanhar
2104008,MA,Nordeste,81.48,0.14700754872768268,acompanhar
4107702,PR,Sul,61.86,0.14692028065040488,acompanhar
3118106,MG,Sudeste,60.49,0.14661383321861654,acompanhar
2510709,PB,Nordeste,66.67,0.14643750409001088,acompanhar
2209153,PI,Nordeste,68.18,0.146098191285043,acompanhar
4300901,RS,Sul,39.2,0.14606820531527043,acompanhar
3542206,SP,Sudeste,60.02,0.1455290121892935,acompanhar
4215455,SC,Sul,68.6,0.14547570419116446,acompanhar
5102702,MT,Centro-Oeste,42.06,0.14538574778054694,acompanhar
3556305,SP,Sudeste,70.44,0.145283187705925,acompanhar
3522000,SP,Sudeste,44.34,0.1451123594574567,acompanhar
2108603,MA,Nordeste,46.82,0.14482417516678048,acompanhar
3543105,SP,Sudeste,74.51,0.14482032011523455,acompanhar
4211306,SC,Sul,53.39,0.1448104209040372,acompanhar
3118809,MG,Sudeste,68.05,0.14478475019658266,acompanhar
4212270,SC,Sul,60.0,0.14470780028034438,acompanhar
3544905,SP,Sudeste,50.04,0.14468846824744652,acompanhar
2504108,PB,Nordeste,91.67,0.14456587081214506,acompanhar
4203006,SC,Sul,65.51,0.14454674033693776,acompanhar
5106653,MT,Centro-Oeste,51.2,0.1444530991695458,acompanhar
4106001,PR,Sul,41.19,0.1444441970864525,acompanhar
2600054,PE,Nordeste,46.4,0.1443796077749627,acompanhar
2111508,MA,Nordeste,66.16,0.14432015828997782,acompanhar
3503901,SP,Sudeste,60.67,0.14423779032105433,acompanhar
5106299,MT,Centro-Oeste,79.7,0.14419417939733456,acompanhar
3550407,SP,Sudeste,58.16,0.1440858191185597,acompanhar
4302659,RS,Sul,57.5,0.1439740335441408,acompanhar
2505006,PB,Nordeste,97.47,0.1439662779999788,acompanhar
4309407,RS,Sul,49.2,0.14392705793442834,acompanhar
4209300,SC,Sul,55.85,0.14388442099862175,acompanhar
2610905,PE,Nordeste,64.38,0.14385370712230797,acompanhar
2611705,PE,Nordeste,68.11,0.14382002267692773,acompanhar
2508000,PB,Nordeste,47.76,0.14377115763102666,acompanhar
3540705,SP,Sudeste,50.08,0.14347556146695262,acompanhar
4200903,SC,Sul,90.0,0.143194555694697,acompanhar
4211454,SC,Sul,71.17,0.14293550589305434,acompanhar
3171030,MG,Sudeste,16.67,0.14283676379578222,acompanhar
5000203,MS,Centro-Oeste,77.03,0.14267787568474904,acompanhar
3519808,SP,Sudeste,81.32,0.14265637621706204,acompanhar
5002209,MS,Centro-Oeste,58.78,0.1424267425369968,acompanhar
4207106,SC,Sul,47.17,0.14241998251047802,acompanhar
3536307,SP,Sudeste,67.0,0.14239609283229196,acompanhar
2616308,PE,Nordeste,68.15,0.14232106445832596,acompanhar
3505906,SP,Sudeste,55.68,0.1422501611742013,acompanhar
2601607,PE,Nordeste,62.62,0.1422225178775697,acompanhar
3303856,RJ,Sudeste,75.96,0.14210042947876592,acompanhar
4219176,SC,Sul,67.69,0.14165481235435623,acompanhar
3524501,SP,Sudeste,68.06,0.14160150189461737,acompanhar
5107206,MT,Centro-Oeste,81.6,0.1415323923268083,acompanhar
3526407,SP,Sudeste,59.37,0.1413193538729706,acompanhar
3167509,MG,Sudeste,48.25,0.14118597406140382,acompanhar
3305406,RJ,Sudeste,65.37,0.14107241036089724,acompanhar
4204103,SC,Sul,60.13,0.14104180507124156,acompanhar
3516705,SP,Sudeste,57.27,0.1409516713344839,acompanhar
2603702,PE,Nordeste,65.49,0.14094589715231498,acompanhar
4111803,PR,Sul,47.68,0.14089542732008484,acompanhar
3535507,SP,Sudeste,56.93,0.14087277619083635,acompanhar
2203909,PI,Nordeste,53.36,0.14086545096210554,acompanhar
3519303,SP,Sudeste,68.78,0.14083154598733336,acompanhar
3508603,SP,Sudeste,41.8,0.14074304361948325,acompanhar
5106158,MT,Centro-Oeste,76.59,0.14068337002840295,acompanhar
3530102,SP,Sudeste,54.13,0.14062224811123514,acompanhar
3553658,SP,Sudeste,27.27,0.14059627434466557,acompanhar
3510807,SP,Sudeste,61.98,0.14038307851559562,acompanhar
3543253,SP,Sudeste,60.84,0.14036622787200906,acompanhar
3103405,MG,Sudeste,50.75,0.1402469845940957,acompanhar
3545407,SP,Sudeste,44.94,0.14011502087347713,acompanhar
2103109,MA,Nordeste,66.85,0.14006282374291018,acompanhar
4322905,RS,Sul,86.9,0.13996904600803037,acompanhar
4319703,RS,Sul,48.5,0.1398954751625451,acompanhar
3524402,SP,Sudeste,51.48,0.13948761983510677,acompanhar
3533601,SP,Sudeste,64.88,0.1393411345797477,acompanhar
2600203,PE,Nordeste,59.87,0.1393358350596965,acompanhar
3539004,SP,Sudeste,75.61,0.1390863852624492,acompanhar
4315172,RS,Sul,75.0,0.13906677765641803,acompanhar
3115458,MG,Sudeste,66.72,0.13898351297266007,acompanhar
2111904,MA,Nordeste,60.0,0.1389726956525835,acompanhar
3304110,RJ,Sudeste,63.3,0.13893780157367427,acompanhar
3541406,SP,Sudeste,61.12,0.1385972633165939,acompanhar
4205605,SC,Sul,70.47,0.1385373100158598,acompanhar
3524006,SP,Sudeste,48.94,0.13843685812907522,acompanhar
4218954,SC,Sul,36.34,0.13839952130295555,acompanhar
3524303,SP,Sudeste,57.94,0.13839274280428937,acompanhar
4203956,SC,Sul,58.8,0.13827933163327896,acompanhar
1100023,RO,Norte,65.62,0.13825017999620562,acompanhar
3524907,SP,Sudeste,56.89,0.13819637540364005,acompanhar
5106240,MT,Centro-Oeste,58.41,0.1380237533239524,acompanhar
4218707,SC,Sul,68.26,0.1379772532629464,acompanhar
2104404,MA,Nordeste,66.96,0.13791199130120377,acompanhar
4307559,RS,Sul,45.4,0.13760663487460656,acompanhar
3142700,MG,Sudeste,60.75,0.1371475296821449,acompanhar
3302403,RJ,Sudeste,59.46,0.13711391133201256,acompanhar
3304201,RJ,Sudeste,72.48,0.1370944120390905,acompanhar
3556404,SP,Sudeste,61.51,0.13663007029077387,acompanhar
3543238,SP,Sudeste,91.67,0.13655091396666058,acompanhar
4218806,SC,Sul,69.98,0.13649707311837633,acompanhar
3511904,SP,Sudeste,54.12,0.1364594838828235,acompanhar
2513984,PB,Nordeste,97.5,0.13637963031893566,acompanhar
2112852,MA,Nordeste,74.55,0.13617728732425793,acompanhar
2605509,PE,Nordeste,41.36,0.13617588313051662,acompanhar
2104909,MA,Nordeste,86.95,0.1360773504262061,acompanhar
2202091,PI,Nordeste,100.0,0.13597109119840897,acompanhar
2514909,PB,Nordeste,49.02,0.13596825276241398,acompanhar
2700805,AL,Nordeste,64.57,0.135964521311353,acompanhar
3524204,SP,Sudeste,67.19,0.13583841261877275,acompanhar
2111672,MA,Nordeste,35.69,0.13571411706497225,acompanhar
3544004,SP,Sudeste,58.5,0.1356166072578111,acompanhar
2514305,PB,Nordeste,52.39,0.13560286967260876,acompanhar
4322251,RS,Sul,55.1,0.13560241133111584,acompanhar
5105606,MT,Centro-Oeste,52.57,0.1354693067886768,acompanhar
2209559,PI,Nordeste,66.39,0.13540891150374207,acompanhar
2609501,PE,Nordeste,56.96,0.13515396901522803,acompanhar
2203008,PI,Nordeste,79.55,0.1349889768120604,acompanhar
2112001,MA,Nordeste,54.9,0.13482084864628535,acompanhar
3511607,SP,Sudeste,51.32,0.1347715461201685,acompanhar
4211256,SC,Sul,81.82,0.13476395743825703,acompanhar
2204006,PI,Nordeste,84.21,0.13473232483094488,acompanhar
2505105,PB,Nordeste,62.2,0.13471528681827094,acompanhar
4212650,SC,Sul,45.95,0.1346982840208771,acompanhar
5002308,MS,Centro-Oeste,60.76,0.13455104199837736,acompanhar
3134707,MG,Sudeste,55.44,0.13452198075266442,acompanhar
3511102,SP,Sudeste,70.27,0.13433263203104637,acompanhar
4309605,RS,Sul,57.2,0.1342120232253495,acompanhar
4207809,SC,Sul,71.4,0.13414624330124456,acompanhar
3522406,SP,Sudeste,56.2,0.1340270946037091,acompanhar
2108405,MA,Nordeste,61.02,0.13400553042563743,acompanhar
2111300,MA,Nordeste,56.69,0.1337320652693398,acompanhar
3543907,SP,Sudeste,54.52,0.1336991435294438,acompanhar
3554805,SP,Sudeste,54.73,0.13365884154915583,acompanhar
2612554,PE,Nordeste,53.14,0.13356303623337185,acompanhar
3509601,SP,Sudeste,48.77,0.13352682075697297,acompanhar
3542008,SP,Sudeste,64.71,0.13339902482492008,acompanhar
3516606,SP,Sudeste,66.68,0.13329994550119478,acompanhar
5101852,MT,Centro-Oeste,82.63,0.13313203040356497,acompanhar
4215059,SC,Sul,76.32,0.13312730957586852,acompanhar
2609600,PE,Nordeste,62.29,0.1330921277639206,acompanhar
3525854,SP,Sudeste,50.81,0.1330624756094636,acompanhar
4204202,SC,Sul,56.25,0.1329364970179369,acompanhar
3510401,SP,Sudeste,66.48,0.13288392059582427,acompanhar
3531209,SP,Sudeste,56.59,0.13281120772907312,acompanhar
4319752,RS,Sul,25.0,0.13278223842454429,acompanhar
4307906,RS,Sul,56.7,0.13278042349703165,acompanhar
2611309,PE,Nordeste,40.45,0.1327594591084079,acompanhar
3538709,SP,Sudeste,55.08,0.13268365564071097,acompanhar
2110856,MA,Nordeste,42.73,0.13251902573376778,acompanhar
3548708,SP,Sudeste,54.16,0.13247463888345143,acompanhar
2202208,PI,Nordeste,54.48,0.13244396751570106,acompanhar
3531506,SP,Sudeste,55.38,0.13240676584387662,acompanhar
2105005,MA,Nordeste,59.22,0.13228943269893587,acompanhar
3122355,MG,Sudeste,62.69,0.1321518685227583,acompanhar
3548203,SP,Sudeste,73.68,0.13201989511712953,acompanhar
3510005,SP,Sudeste,65.51,0.1319629667818216,acompanhar
3505203,SP,Sudeste,72.3,0.131704612107171,acompanhar
2209757,PI,Nordeste,60.71,0.13153956844568532,acompanhar
3525805,SP,Sudeste,55.26,0.1314512635883555,acompanhar
4204194,SC,Sul,65.91,0.13132535469845982,acompanhar
2610509,PE,Nordeste,76.23,0.1312989533947481,acompanhar
5103452,MT,Centro-Oeste,83.58,0.13128885911031038,acompanhar
2102754,MA,Nordeste,91.14,0.1312472020025237,acompanhar
4318481,RS,Sul,43.8,0.1310615575146035,acompanhar
2109056,MA,Nordeste,34.42,0.13095427099742013,acompanhar
3501004,SP,Sudeste,67.78,0.1309286448514925,acompanhar
3535903,SP,Sudeste,82.89,0.1307445820337078,acompanhar
4304804,RS,Sul,64.9,0.13073552822514214,acompanhar
3522307,SP,Sudeste,50.81,0.13071888512935717,acompanhar
3555356,SP,Sudeste,74.44,0.1306144650322037,acompanhar
5107925,MT,Centro-Oeste,81.05,0.13034082412179646,acompanhar
4311908,RS,Sul,77.7,0.13033247326127698,acompanhar
4206652,SC,Sul,38.7,0.130281931847068,acompanhar
4308102,RS,Sul,51.1,0.13027979628640274,acompanhar
2110203,MA,Nordeste,56.53,0.13023270350168054,acompanhar
5107859,MT,Centro-Oeste,33.38,0.13018950065170565,acompanhar
5104609,MT,Centro-Oeste,58.16,0.1301529480306616,acompanhar
3532702,SP,Sudeste,80.24,0.12999446417375704,acompanhar
3517406,SP,Sudeste,53.49,0.1299549426284414,acompanhar
2209377,PI,Nordeste,51.64,0.12975146476301508,acompanhar
5105150,MT,Centro-Oeste,56.58,0.12974619170763307,acompanhar
3538501,SP,Sudeste,69.56,0.1297378651935572,acompanhar
3102407,MG,Sudeste,83.33,0.12940033103945683,acompanhar
4217006,SC,Sul,68.64,0.12931581804132733,acompanhar
4301701,RS,Sul,76.6,0.12924470940667263,acompanhar
3515350,SP,Sudeste,69.86,0.12913851122520043,acompanhar
4203808,SC,Sul,71.93,0.12911900342302646,acompanhar
3555604,SP,Sudeste,87.56,0.1287911285813507,acompanhar
5106851,MT,Centro-Oeste,77.75,0.12860679687592227,acompanhar
2208304,PI,Nordeste,82.48,0.12851572487614493,acompanhar
5106455,MT,Centro-Oeste,90.32,0.1285053231095896,acompanhar
3529609,SP,Sudeste,67.31,0.1284374902520802,acompanhar
4218905,SC,Sul,76.9,0.12829760582091235,acompanhar
3501202,SP,Sudeste,72.05,0.1281907751418172,acompanhar
3534906,SP,Sudeste,53.27,0.1280238632936878,acompanhar
3106606,MG,Sudeste,85.02,0.1280124100536859,acompanhar
4210407,SC,Sul,61.81,0.12790112102025972,acompanhar
3162658,MG,Sudeste,86.4,0.12779084112651912,acompanhar
3526100,SP,Sudeste,55.18,0.12773602962601752,acompanhar
4215752,SC,Sul,69.54,0.12771303105987264,acompanhar
4210506,SC,Sul,76.03,0.12755150128377613,acompanhar
4316501,RS,Sul,70.4,0.1273826232398968,acompanhar
1101807,RO,Norte,44.06,0.1269106439824309,acompanhar
3520426,SP,Sudeste,67.6,0.12689885195876702,acompanhar
2107258,MA,Nordeste,77.14,0.12689586421917046,acompanhar
3125606,MG,Sudeste,70.2,0.1268174813188921,acompanhar
3146750,MG,Sudeste,69.41,0.12672329577099478,acompanhar
3550209,SP,Sudeste,73.78,0.12668490190721016,acompanhar
3509700,SP,Sudeste,57.12,0.12663613051604483,acompanhar
4300570,RS,Sul,58.3,0.12645964175930832,acompanhar
4202057,SC,Sul,51.19,0.12629323093307096,acompanhar
2615409,PE,Nordeste,63.95,0.12589918665957606,acompanhar
3538006,SP,Sudeste,63.8,0.125853491444416,acompanhar
3534609,SP,Sudeste,59.23,0.12558507547884326,acompanhar
4208104,SC,Sul,57.23,0.1255440461006765,acompanhar
3518602,SP,Sudeste,78.67,0.12553722113411284,acompanhar
2104701,MA,Nordeste,75.68,0.12544060779833655,acompanhar
4204608,SC,Sul,59.75,0.1254037915951046,acompanhar
3546801,SP,Sudeste,67.17,0.12535225635231348,acompanhar
3549953,SP,Sudeste,58.4,0.12530049535618568,acompanhar
4310439,RS,Sul,60.7,0.12526627521332476,acompanhar
2104073,MA,Nordeste,65.38,0.1251479634524548,acompanhar
4207205,SC,Sul,44.91,0.12497201340505255,acompanhar
2210375,PI,Nordeste,61.11,0.12495284406239407,acompanhar
2200954,PI,Nordeste,80.95,0.1248811854119021,acompanhar
3552205,SP,Sudeste,52.43,0.12483614721294725,acompanhar
5003256,MS,Centro-Oeste,54.88,0.12470265544786417,acompanhar
2602902,PE,Nordeste,50.72,0.1246753943317991,acompanhar
3550100,SP,Sudeste,60.53,0.12453697054362074,acompanhar
3145307,MG,Sudeste,81.88,0.12433103597702222,acompanhar
5103361,MT,Centro-Oeste,69.46,0.12425260571294924,acompanhar
3507506,SP,Sudeste,57.09,0.12406151911958871,acompanhar
2108207,MA,Nordeste,64.51,0.12404026452933455,acompanhar
3546306,SP,Sudeste,59.69,0.12381779359074527,acompanhar
2604403,PE,Nordeste,63.28,0.1234333532330894,acompanhar
4214805,SC,Sul,50.82,0.1232554696070099,acompanhar
4307864,RS,Sul,69.2,0.12320471605951354,acompanhar
5106828,MT,Centro-Oeste,49.8,0.1232009761892328,acompanhar
5006275,MS,Centro-Oeste,78.5,0.12312615159254853,acompanhar
3509106,SP,Sudeste,81.48,0.12284761577912419,acompanhar
1100130,RO,Norte,64.75,0.12278342347900303,acompanhar
3517307,SP,Sudeste,83.39,0.12272213979069214,acompanhar
2111573,MA,Nordeste,59.47,0.12262764838148131,acompanhar
2110708,MA,Nordeste,50.11,0.12252996382780548,acompanhar
2103307,MA,Nordeste,50.85,0.12213523067974515,acompanhar
3546702,SP,Sudeste,64.05,0.12186321521593324,acompanhar
3523602,SP,Sudeste,69.9,0.12178619374241542,acompanhar
3506102,SP,Sudeste,55.75,0.1215099506292346,acompanhar
3535002,SP,Sudeste,72.03,0.12145417888285501,acompanhar
3300159,RJ,Sudeste,68.41,0.12140120428331387,acompanhar
2112902,MA,Nordeste,60.19,0.1213905343879648,acompanhar
3157104,MG,Sudeste,59.15,0.12135706389049723,acompanhar
5100250,MT,Centro-Oeste,71.46,0.12111383343817905,acompanhar
4205308,SC,Sul,66.52,0.12107670901280157,acompanhar
2604700,PE,Nordeste,71.97,0.12104815040187752,acompanhar
3533254,SP,Sudeste,63.99,0.12095415291981877,acompanhar
3501301,SP,Sudeste,72.19,0.12087359445764939,acompanhar
3541901,SP,Sudeste,68.79,0.1208330247182669,acompanhar
4304309,RS,Sul,48.4,0.12079024241863963,acompanhar
4200705,SC,Sul,37.44,0.12072374158100084,acompanhar
5108600,MT,Centro-Oeste,55.24,0.12037952236659866,acompanhar
3540804,SP,Sudeste,62.55,0.12036421102276068,acompanhar
3534005,SP,Sudeste,74.45,0.12029641625989901,acompanhar
1200401,AC,Norte,55.64,0.12023043891876643,acompanhar
3523206,SP,Sudeste,53.17,0.1202003686184596,acompanhar
4127882,PR,Sul,75.01,0.12020023772061492,acompanhar
3528601,SP,Sudeste,65.64,0.11992238460178059,acompanhar
3510302,SP,Sudeste,47.64,0.11968944207629315,acompanhar
3502705,SP,Sudeste,88.38,0.11967703040837492,acompanhar
5001003,MS,Centro-Oeste,57.5,0.11964787849950907,acompanhar
2512507,PB,Nordeste,92.65,0.11941283226820422,acompanhar
3126604,MG,Sudeste,37.5,0.11932213817450894,acompanhar
3520608,SP,Sudeste,70.59,0.11921288767154603,acompanhar
3146305,MG,Sudeste,48.96,0.11909508345742938,acompanhar
1715150,TO,Norte,70.33,0.11907831128268925,acompanhar
5105101,MT,Centro-Oeste,64.06,0.11843177697285742,acompanhar
3546405,SP,Sudeste,72.25,0.11841125292810051,acompanhar
3545308,SP,Sudeste,45.12,0.11830430281652102,acompanhar
2108801,MA,Nordeste,42.38,0.11794458517717483,acompanhar
3502507,SP,Sudeste,53.75,0.11786160895660741,acompanhar
4202701,SC,Sul,65.2,0.1178587467557627,acompanhar
3513850,SP,Sudeste,84.62,0.11777241761678389,acompanhar
3533502,SP,Sudeste,75.66,0.11743938676469347,acompanhar
3519907,SP,Sudeste,53.84,0.11723365854184317,acompanhar
2708303,AL,Nordeste,95.31,0.1172031915728221,acompanhar
1501501,PA,Norte,65.29,0.11719815970029362,acompanhar
3132701,MG,Sudeste,56.95,0.11716784581930212,acompanhar
4206702,SC,Sul,59.83,0.11706794160371332,acompanhar
4219358,SC,Sul,76.12,0.11704924953574522,acompanhar
2610707,PE,Nordeste,55.54,0.11699597752699271,acompanhar
3500709,SP,Sudeste,64.6,0.11698123104525758,acompanhar
2200053,PI,Nordeste,81.89,0.11677829950001269,acompanhar
2607752,PE,Nordeste,82.95,0.11670402128942602,acompanhar
3126802,MG,Sudeste,69.89,0.11663277479629831,acompanhar
3532009,SP,Sudeste,47.32,0.11660489745723444,acompanhar
4321626,RS,Sul,67.8,0.11658053010720225,acompanhar
2202778,PI,Nordeste,42.87,0.11653787551346977,acompanhar
4213708,SC,Sul,60.13,0.1164884570981577,acompanhar
3158003,MG,Sudeste,77.79,0.11630249597961911,acompanhar
3547106,SP,Sudeste,81.08,0.11629735899862063,acompanhar
2100154,MA,Nordeste,63.75,0.11620268387783556,acompanhar
3503802,SP,Sudeste,54.41,0.11614536186286334,acompanhar
3539707,SP,Sudeste,84.61,0.11601296141509715,acompanhar
5006002,MS,Centro-Oeste,56.52,0.11584540401904986,acompanhar
2604908,PE,Nordeste,95.06,0.11575073874756092,acompanhar
3163003,MG,Sudeste,52.73,0.11570785987728423,acompanhar
2702306,AL,Nordeste,92.03,0.11564966178207285,acompanhar
5108055,MT,Centro-Oeste,61.14,0.11556638744219873,acompanhar
3552908,SP,Sudeste,67.0,0.11553934686158206,acompanhar
3549805,SP,Sudeste,56.85,0.115375912715257,acompanhar
2109601,MA,Nordeste,57.6,0.11513564151281505,acompanhar
2211605,PI,Nordeste,100.0,0.11512657663670203,acompanhar
2105948,MA,Nordeste,92.3,0.1149388882869146,acompanhar
4208609,SC,Sul,77.67,0.11490154643850471,acompanhar
4312955,RS,Sul,66.7,0.114794797044312,acompanhar
4200101,SC,Sul,59.88,0.11427292106223362,acompanhar
4305959,RS,Sul,44.2,0.11414037533573672,acompanhar
5004403,MS,Centro-Oeste,51.7,0.11413188914170197,acompanhar
5105309,MT,Centro-Oeste,46.43,0.11403174828889909,acompanhar
2104099,MA,Nordeste,84.29,0.11396802567329765,acompanhar
3550506,SP,Sudeste,71.42,0.11396732877552035,acompanhar
5106281,MT,Centro-Oeste,94.16,0.11378392367330353,acompanhar
4204350,SC,Sul,65.36,0.1137513576390515,acompanhar
2610608,PE,Nordeste,66.03,0.11366582935647264,acompanhar
5101407,MT,Centro-Oeste,61.83,0.11363520337730314,acompanhar
3136405,MG,Sudeste,71.38,0.11358175559964384,acompanhar
4217709,SC,Sul,49.72,0.11334750462175507,acompanhar
2107704,MA,Nordeste,74.65,0.11332264963311,acompanhar
3530706,SP,Sudeste,63.47,0.1132826795003428,acompanhar
3523008,SP,Sudeste,79.05,0.11325067197774533,acompanhar
3539301,SP,Sudeste,56.4,0.11318529049403389,acompanhar
3526704,SP,Sudeste,61.7,0.113171225757383,acompanhar
2111201,MA,Nordeste,56.58,0.11307642121971606,acompanhar
3507605,SP,Sudeste,53.36,0.11303443327817524,acompanhar
3135100,MG,Sudeste,61.68,0.11295974565650632,acompanhar
3552304,SP,Sudeste,57.15,0.11294705870324212,acompanhar
2615508,PE,Nordeste,73.31,0.11288058414479978,acompanhar
3104452,MG,Sudeste,84.87,0.11281778815670987,acompanhar
3557105,SP,Sudeste,61.66,0.11275465734283759,acompanhar
2201309,PI,Nordeste,50.77,0.11273942689906721,acompanhar
2517209,PB,Nordeste,64.36,0.11250416010007616,acompanhar
3503604,SP,Sudeste,75.02,0.11231413621444337,acompanhar
1101559,RO,Norte,65.3,0.11229926370822285,acompanhar
3518503,SP,Sudeste,68.52,0.11219475454911924,acompanhar
3501152,SP,Sudeste,53.68,0.11170430261267776,acompanhar
3506805,SP,Sudeste,49.59,0.11163676406749756,acompanhar
2207793,PI,Nordeste,51.85,0.1115377977678441,acompanhar
5007935,MS,Centro-Oeste,78.58,0.11153569368541079,acompanhar
4205803,SC,Sul,66.73,0.11138956351732485,acompanhar
1100809,RO,Norte,51.63,0.11119172189165796,acompanhar
3543204,SP,Sudeste,58.93,0.11110075916963938,acompanhar
3554607,SP,Sudeste,58.99,0.11089801065589701,acompanhar
2204154,PI,Nordeste,95.24,0.11089080013614985,acompanhar
3535606,SP,Sudeste,58.56,0.11087656607675266,acompanhar
3145356,MG,Sudeste,62.37,0.11074497335381465,acompanhar
4202875,SC,Sul,68.75,0.11068767341091322,acompanhar
3301306,RJ,Sudeste,58.33,0.11045021492547667,acompanhar
3304003,RJ,Sudeste,60.43,0.11044874056579768,acompanhar
4208302,SC,Sul,68.62,0.1101838423395231,acompanhar
2614808,PE,Nordeste,73.8,0.11006229991010191,acompanhar
3138104,MG,Sudeste,48.0,0.10966502019141489,acompanhar
3125804,MG,Sudeste,52.38,0.10959705739255746,acompanhar
3504008,SP,Sudeste,54.85,0.10925599757040681,acompanhar
3526209,SP,Sudeste,55.99,0.1092302992318997,acompanhar
3534708,SP,Sudeste,53.67,0.10920377207265396,acompanhar
3535101,SP,Sudeste,77.46,0.1089989191946803,acompanhar
4216909,SC,Sul,71.25,0.10890545051452709,acompanhar
3534203,SP,Sudeste,48.15,0.10888593336972208,acompanhar
2108009,MA,Nordeste,64.01,0.1087930009685456,acompanhar
4209177,SC,Sul,57.89,0.10875173070411878,acompanhar
3514106,SP,Sudeste,57.41,0.1087257394446347,acompanhar
4204558,SC,Sul,56.53,0.10868260750645213,acompanhar
4204459,SC,Sul,90.43,0.10820412383795461,acompanhar
2111102,MA,Nordeste,55.16,0.1081405361732761,acompanhar
3516200,SP,Sudeste,64.54,0.10808313029726983,acompanhar
3505104,SP,Sudeste,65.05,0.10806230982373713,acompanhar
5103957,MT,Centro-Oeste,83.78,0.10802666093399543,acompanhar
4207502,SC,Sul,67.83,0.10788822885839533,acompanhar
2106755,MA,Nordeste,50.55,0.10746334513517812,acompanhar
2615300,PE,Nordeste,77.57,0.10744455144703678,acompanhar
3154606,MG,Sudeste,59.36,0.10742845144324498,acompanhar
1100338,RO,Norte,45.3,0.10742194077935656,acompanhar
3525300,SP,Sudeste,54.89,0.1071285596523945,acompanhar
1101435,RO,Norte,70.92,0.10711951471251276,acompanhar
3501707,SP,Sudeste,71.18,0.10704204399921766,acompanhar
2616506,PE,Nordeste,81.33,0.10692200664964024,acompanhar
4212239,SC,Sul,83.86,0.10684326952117645,acompanhar
2616001,PE,Nordeste,59.29,0.10674287645315486,acompanhar
2606804,PE,Nordeste,66.97,0.10664805392084083,acompanhar
3556206,SP,Sudeste,48.21,0.10663316084483358,acompanhar
3538105,SP,Sudeste,63.37,0.10661043106655486,acompanhar
1100940,RO,Norte,67.6,0.10634860859323868,acompanhar
4205506,SC,Sul,77.72,0.10623057495971248,acompanhar
4210308,SC,Sul,74.01,0.10614164320517731,acompanhar
5108907,MT,Centro-Oeste,62.38,0.1061353660459359,acompanhar
3152170,MG,Sudeste,67.71,0.10569531266630441,acompanhar
2500106,PB,Nordeste,52.67,0.10569460444214467,acompanhar
1100262,RO,Norte,62.81,0.10567403132172068,acompanhar
3533809,SP,Sudeste,70.0,0.105528778488311,acompanhar
4214201,SC,Sul,70.08,0.10548901930018635,acompanhar
2106300,MA,Nordeste,82.04,0.10542078172449047,acompanhar
3168200,MG,Sudeste,100.0,0.10536323457177844,acompanhar
2207553,PI,Nordeste,49.8,0.10523855239434214,acompanhar
3130051,MG,Sudeste,77.42,0.10505182947562992,acompanhar
3108503,MG,Sudeste,65.62,0.10495381208009226,acompanhar
2602704,PE,Nordeste,85.53,0.10488887552116334,acompanhar
3158201,MG,Sudeste,66.73,0.10449575612805531,acompanhar
2202554,PI,Nordeste,58.14,0.10442876580560305,acompanhar
5103908,MT,Centro-Oeste,71.41,0.10440322912697414,acompanhar
5007695,MS,Centro-Oeste,62.1,0.10433543827572385,acompanhar
4215000,SC,Sul,66.96,0.10417246776864356,acompanhar
2600609,PE,Nordeste,53.87,0.10414885908185023,acompanhar
5103007,MT,Centro-Oeste,69.0,0.10408926473215058,acompanhar
2104305,MA,Nordeste,88.4,0.10404636265400684,acompanhar
3126703,MG,Sudeste,35.05,0.10401884339645058,acompanhar
5001904,MS,Centro-Oeste,52.31,0.10385283891238167,acompanhar
5000807,MS,Centro-Oeste,80.11,0.10373384010442305,acompanhar
3503356,SP,Sudeste,77.27,0.10362873220968076,acompanhar
5103437,MT,Centro-Oeste,92.97,0.10347790040102824,acompanhar
3510203,SP,Sudeste,74.63,0.10339119694095433,acompanhar
3529203,SP,Sudeste,63.56,0.10333617028531664,acompanhar
3116803,MG,Sudeste,91.21,0.1033168881640249,acompanhar
2210201,PI,Nordeste,97.06,0.10325029637535134,acompanhar
3102704,MG,Sudeste,77.96,0.1031324883778412,acompanhar
3534807,SP,Sudeste,76.07,0.1030630696377505,acompanhar
4211702,SC,Sul,68.14,0.10299247505230143,acompanhar
3524600,SP,Sudeste,54.8,0.10298843264271935,acompanhar
3127073,MG,Sudeste,66.89,0.10298202033352448,acompanhar
3305802,RJ,Sudeste,64.17,0.10284765884338398,acompanhar
4213153,SC,Sul,90.38,0.10282303198004891,acompanhar
3522604,SP,Sudeste,62.18,0.1028070469769049,acompanhar
3544301,SP,Sudeste,67.2,0.10272739208428265,acompanhar
2101202,MA,Nordeste,51.38,0.10255931960825856,acompanhar
2101301,MA,Nordeste,57.55,0.1024771036274424,acompanhar
4219408,SC,Sul,77.27,0.10247003363441137,acompanhar
3556453,SP,Sudeste,64.59,0.10242368200963795,acompanhar
3302205,RJ,Sudeste,65.26,0.10233485107795735,acompanhar
3300225,RJ,Sudeste,63.64,0.10225623318367479,acompanhar
3141801,MG,Sudeste,78.82,0.1022463835916441,acompanhar
2603405,PE,Nordeste,86.03,0.10221505260626455,acompanhar
2616407,PE,Nordeste,50.66,0.10212909673477441,acompanhar
2105302,MA,Nordeste,54.73,0.1019204974063543,acompanhar
2210805,PI,Nordeste,67.45,0.10190580167001413,acompanhar
3502606,SP,Sudeste,86.16,0.10189895532359403,acompanhar
3156007,MG,Sudeste,59.95,0.10187998742652662,acompanhar
3126752,MG,Sudeste,63.78,0.10183953470108582,acompanhar
3529005,SP,Sudeste,64.28,0.10180234304444574,acompanhar
3500402,SP,Sudeste,61.82,0.10176616797588048,acompanhar
5103254,MT,Centro-Oeste,69.19,0.10172528452702619,acompanhar
2607505,PE,Nordeste,58.6,0.1015820711757634,acompanhar
3158508,MG,Sudeste,64.47,0.10153289979239617,acompanhar
3554300,SP,Sudeste,70.49,0.10145584315726475,acompanhar
3530805,SP,Sudeste,57.7,0.101346630536091,acompanhar
3302908,RJ,Sudeste,70.49,0.10131568262457147,acompanhar
3547502,SP,Sudeste,67.97,0.10126819156620688,acompanhar
2103802,MA,Nordeste,43.95,0.10124747036838468,acompanhar
3301207,RJ,Sudeste,67.98,0.1011388534637934,acompanhar
2100501,MA,Nordeste,51.99,0.10105504034080566,acompanhar
3302254,RJ,Sudeste,67.6,0.10098816330293651,acompanhar
5001508,MS,Centro-Oeste,52.42,0.10094456323310325,acompanhar
5006200,MS,Centro-Oeste,69.44,0.10092604194133961,acompanhar
5107792,MT,Centro-Oeste,75.82,0.10087294112433424,acompanhar
4207700,SC,Sul,62.84,0.10077640991529771,acompanhar
3525607,SP,Sudeste,65.42,0.1007369213514403,acompanhar
3512803,SP,Sudeste,59.61,0.10062483679440946,acompanhar
3519055,SP,Sudeste,62.59,0.1005690414101227,acompanhar
3136009,MG,Sudeste,64.1,0.10032322003050363,acompanhar
5007802,MS,Centro-Oeste,59.83,0.10023363751606917,acompanhar
2200905,PI,Nordeste,30.0,0.10017944839404642,acompanhar
2206506,PI,Nordeste,97.7,0.10008437689882366,acompanhar
4103958,PR,Sul,84.25,0.10005333501989772,acompanhar
4109757,PR,Sul,70.35,0.10003269777366373,acompanhar
5106265,MT,Centro-Oeste,67.67,0.09999803620130154,acompanhar
2210359,PI,Nordeste,73.08,0.09988463685305514,acompanhar
3302452,RJ,Sudeste,77.99,0.0998800784402237,acompanhar
3155405,MG,Sudeste,65.4,0.09984567702868989,acompanhar
3127057,MG,Sudeste,58.66,0.09982605578401313,acompanhar
3108800,MG,Sudeste,63.3,0.09977780134949274,acompanhar
3546256,SP,Sudeste,42.56,0.09973729604104668,acompanhar
2102150,MA,Nordeste,49.3,0.09933250270498527,acompanhar
3515400,SP,Sudeste,82.78,0.099149237848569,acompanhar
4205555,SC,Sul,94.95,0.09888830976275861,acompanhar
3500204,SP,Sudeste,85.8,0.0988679265615263,acompanhar
3553906,SP,Sudeste,67.98,0.09884233143462433,acompanhar
2101509,MA,Nordeste,51.56,0.09869009771365786,acompanhar
4216800,SC,Sul,65.03,0.0986259430144624,acompanhar
3557006,SP,Sudeste,54.69,0.09848919919001506,acompanhar
4323770,RS,Sul,61.5,0.0984737063938889,acompanhar
5107404,MT,Centro-Oeste,76.26,0.09809603441956188,acompanhar
2607208,PE,Nordeste,64.15,0.09807649064010358,acompanhar
2606101,PE,Nordeste,66.22,0.0979702884417206,acompanhar
2603454,PE,Nordeste,57.57,0.097868327724892,acompanhar
2101251,MA,Nordeste,53.73,0.09768610007624627,acompanhar
3304508,RJ,Sudeste,67.73,0.09766961553992651,acompanhar
4212502,SC,Sul,48.52,0.09764812129489117,acompanhar
3545605,SP,Sudeste,64.33,0.09741212222857666,acompanhar
2605400,PE,Nordeste,83.27,0.09735175373794988,acompanhar
3528809,SP,Sudeste,91.17,0.09709858263866634,acompanhar
5107958,MT,Centro-Oeste,58.95,0.09697136898894168,acompanhar
3518404,SP,Sudeste,55.83,0.09690540702104174,acompanhar
5105200,MT,Centro-Oeste,67.06,0.09686198716573334,acompanhar
3533700,SP,Sudeste,90.38,0.09684078958361064,acompanhar
2517100,PB,Nordeste,62.96,0.09666390486977237,acompanhar
2205607,PI,Nordeste,100.0,0.09657051343898605,acompanhar
4201505,SC,Sul,79.08,0.09643566808062574,acompanhar
3136306,MG,Sudeste,69.87,0.09635173403010489,acompanhar
4211652,SC,Sul,86.57,0.09628651465175934,acompanhar
2604155,PE,Nordeste,84.85,0.09582225799262865,acompanhar
2602209,PE,Nordeste,69.15,0.09560015688906814,acompanhar
3536505,SP,Sudeste,61.39,0.09554652255293966,acompanhar
5106000,MT,Centro-Oeste,65.5,0.09546454440451936,acompanhar
4216602,SC,Sul,57.07,0.09543467981907941,acompanhar
4301958,RS,Sul,53.9,0.09537810799021017,acompanhar
2205151,PI,Nordeste,84.31,0.09533674587468896,acompanhar
2106375,MA,Nordeste,97.62,0.09526730816584965,acompanhar
3533106,SP,Sudeste,83.33,0.09524765181440402,acompanhar
5107065,MT,Centro-Oeste,74.18,0.0952304900986036,acompanhar
3556958,SP,Sudeste,100.0,0.09518856150389546,acompanhar
4100459,PR,Sul,74.47,0.09518839736293729,acompanhar
3148707,MG,Sudeste,60.74,0.09496358010460591,acompanhar
3112901,MG,Sudeste,83.3,0.0949005540811062,acompanhar
3538808,SP,Sudeste,71.36,0.094820208304809,acompanhar
5102694,MT,Centro-Oeste,78.89,0.09479209172763892,acompanhar
2203305,PI,Nordeste,73.33,0.09466562999258929,acompanhar
3115474,MG,Sudeste,75.75,0.09463744982004345,acompanhar
4200309,SC,Sul,70.41,0.09463121180011619,acompanhar
3511706,SP,Sudeste,62.5,0.0945888696633197,acompanhar
5100805,MT,Centro-Oeste,74.17,0.09454934592399371,acompanhar
3503307,SP,Sudeste,59.68,0.09451859380397556,acompanhar
3554656,SP,Sudeste,30.77,0.09446702774343967,acompanhar
3500550,SP,Sudeste,48.99,0.09442135841822696,acompanhar
3501905,SP,Sudeste,59.94,0.09412636499847958,acompanhar
3545803,SP,Sudeste,64.2,0.09405632761693201,acompanhar
5107156,MT,Centro-Oeste,83.86,0.0940487932664868,acompanhar
2209500,PI,Nordeste,85.37,0.09404127523771558,acompanhar
2105450,MA,Nordeste,68.34,0.09400036178962623,acompanhar
4208450,SC,Sul,53.37,0.09378469254686443,acompanhar
1100320,RO,Norte,69.13,0.09377749985621708,acompanhar
2200202,PI,Nordeste,91.98,0.09366832221100645,acompanhar
3164605,MG,Sudeste,76.46,0.09349857402740241,acompanhar
2514701,PB,Nordeste,48.54,0.09349314500013588,acompanhar
3125002,MG,Sudeste,64.41,0.09329361190278279,acompanhar
1100601,RO,Norte,78.84,0.09327004990606201,acompanhar
2201150,PI,Nordeste,81.06,0.09313940082919274,acompanhar
3508405,SP,Sudeste,64.6,0.09313511825117816,acompanhar
2613305,PE,Nordeste,72.13,0.0930942403384114,acompanhar
5103403,MT,Centro-Oeste,46.56,0.09303441417814096,acompanhar
5101001,MT,Centro-Oeste,91.53,0.09302755069047758,acompanhar
3157278,MG,Sudeste,67.82,0.09291434558958023,acompanhar
3542107,SP,Sudeste,70.8,0.09291270410772275,acompanhar
3550001,SP,Sudeste,59.66,0.09286432878409437,acompanhar
3528304,SP,Sudeste,93.95,0.0927711406161663,acompanhar
2107803,MA,Nordeste,54.65,0.09262315680630893,acompanhar
2204907,PI,Nordeste,34.44,0.0925819798951428,acompanhar
4206108,SC,Sul,70.23,0.09253808960597497,acompanhar
1101104,RO,Norte,70.62,0.09253457777342129,acompanhar
3139706,MG,Sudeste,76.79,0.09250367217663699,acompanhar
2603801,PE,Nordeste,69.34,0.09249557953637942,acompanhar
3549201,SP,Sudeste,80.0,0.09248994061859768,acompanhar
3135704,MG,Sudeste,65.96,0.09247502647003164,acompanhar
4312351,RS,Sul,75.0,0.09246424261152694,acompanhar
3508900,SP,Sudeste,65.71,0.09231986409100856,acompanhar
3100906,MG,Sudeste,69.23,0.09226419761363633,acompanhar
4212700,SC,Sul,66.84,0.09225396916766164,acompanhar
5108303,MT,Centro-Oeste,68.93,0.09224484142055855,acompanhar
3527702,SP,Sudeste,54.95,0.0921575361291976,acompanhar
2205904,PI,Nordeste,82.38,0.09212096800881762,acompanhar
3555000,SP,Sudeste,51.23,0.09190014798700316,acompanhar
5107578,MT,Centro-Oeste,71.43,0.09153587721679068,acompanhar
3541307,SP,Sudeste,69.12,0.09149273644813699,acompanhar
4219853,SC,Sul,57.58,0.09148016407998581,acompanhar
2614006,PE,Nordeste,59.7,0.09127922248025241,acompanhar
2611903,PE,Nordeste,90.91,0.09118890748521942,acompanhar
3515129,SP,Sudeste,88.58,0.0909123194762102,acompanhar
4117602,PR,Sul,54.27,0.09084312070149961,acompanhar
3135050,MG,Sudeste,63.5,0.09076924921958994,acompanhar
4108452,PR,Sul,78.1,0.09038989862018777,acompanhar
2110302,MA,Nordeste,72.56,0.09022092862032931,acompanhar
2603504,PE,Nordeste,68.51,0.09021918484649269,acompanhar
3527306,SP,Sudeste,58.25,0.09013979997309689,acompanhar
3519105,SP,Sudeste,97.67,0.09013616419633524,acompanhar
4119301,PR,Sul,61.33,0.09011976255199708,acompanhar
2105989,MA,Nordeste,65.92,0.09004372498889643,acompanhar
3507209,SP,Sudeste,58.33,0.08990827862467025,acompanhar
3554508,SP,Sudeste,62.5,0.08982287159471018,acompanhar
3529104,SP,Sudeste,100.0,0.0898012999578529,acompanhar
3507803,SP,Sudeste,54.27,0.08965601713143156,acompanhar
2104057,MA,Nordeste,59.79,0.08964696232196832,acompanhar
5107180,MT,Centro-Oeste,70.87,0.08962633810552809,acompanhar
3515301,SP,Sudeste,89.26,0.08959624619824282,acompanhar
3513900,SP,Sudeste,61.36,0.0894754104719533,acompanhar
3163300,MG,Sudeste,54.62,0.08947391192636343,acompanhar
3546603,SP,Sudeste,54.03,0.08944488469007911,acompanhar
4216354,SC,Sul,64.01,0.08933320257380505,acompanhar
2107100,MA,Nordeste,66.98,0.08929269340308447,acompanhar
3512605,SP,Sudeste,38.69,0.08911668015449192,acompanhar
3127339,MG,Sudeste,53.85,0.08908747504613958,acompanhar
3524709,SP,Sudeste,70.22,0.0887662249058304,acompanhar
5108956,MT,Centro-Oeste,92.37,0.08876005643199723,acompanhar
4205191,SC,Sul,69.96,0.08862996286882334,acompanhar
3156601,MG,Sudeste,63.6,0.08860031639461993,acompanhar
2205003,PI,Nordeste,73.67,0.08853964618712283,acompanhar
5101803,MT,Centro-Oeste,68.34,0.08836176314356702,acompanhar
3543303,SP,Sudeste,66.4,0.08828777591609013,acompanhar
3504206,SP,Sudeste,77.87,0.08821821842214432,acompanhar
4119509,PR,Sul,50.54,0.08817101285840144,acompanhar
2502151,PB,Nordeste,49.49,0.08806727910209604,acompanhar
3546108,SP,Sudeste,100.0,0.08798894439034179,acompanhar
3505005,SP,Sudeste,64.23,0.0879816562698535,acompanhar
4107546,PR,Sul,81.78,0.08797969176619737,acompanhar
3512506,SP,Sudeste,72.95,0.08796077224667834,acompanhar
4202453,SC,Sul,68.24,0.08782269384436092,acompanhar
4219705,SC,Sul,59.5,0.08779880784909617,acompanhar
4217550,SC,Sul,97.43,0.08776172198045128,acompanhar
5107297,MT,Centro-Oeste,74.75,0.08771122526288677,acompanhar
4201901,SC,Sul,77.09,0.08757667843826455,acompanhar
3508108,SP,Sudeste,67.83,0.08739042575905087,acompanhar
3306305,RJ,Sudeste,63.25,0.08732824651075721,acompanhar
2607000,PE,Nordeste,79.7,0.08702783539071898,acompanhar
4100301,PR,Sul,87.51,0.08684821099691367,acompanhar
2601102,PE,Nordeste,52.06,0.08678464840171965,acompanhar
5102637,MT,Centro-Oeste,69.9,0.08677449457572892,acompanhar
4210852,SC,Sul,74.06,0.08676994740448211,acompanhar
2210052,PI,Nordeste,92.65,0.0867377365941132,acompanhar
3516903,SP,Sudeste,67.35,0.08670582910667854,acompanhar
3115300,MG,Sudeste,60.22,0.08669422759482501,acompanhar
3540408,SP,Sudeste,79.69,0.08647421756122162,acompanhar
3521408,SP,Sudeste,62.26,0.08645793420733651,acompanhar
3548054,SP,Sudeste,62.22,0.0864569789769477,acompanhar
4203303,SC,Sul,59.82,0.08644189220493337,acompanhar
3549904,SP,Sudeste,64.75,0.08637609621304089,acompanhar
3167608,MG,Sudeste,68.54,0.08623604362560647,acompanhar
3548609,SP,Sudeste,57.89,0.08622596362489054,acompanhar
3507001,SP,Sudeste,69.83,0.08611476453434012,acompanhar
2211506,PI,Nordeste,48.57,0.08611174666589917,acompanhar
4211504,SC,Sul,51.4,0.08603849741959929,acompanhar
4214102,SC,Sul,58.33,0.08599693646447644,acompanhar
4213005,SC,Sul,79.31,0.0859922807311959,acompanhar
2112233,MA,Nordeste,90.87,0.08584357603454848,acompanhar
4100202,PR,Sul,60.95,0.08582398669093316,acompanhar
3527256,SP,Sudeste,72.22,0.08571823100751184,acompanhar
5105622,MT,Centro-Oeste,60.12,0.0856898219223672,acompanhar
2604809,PE,Nordeste,70.4,0.08562412011900014,acompanhar
4215109,SC,Sul,68.35,0.08561460574229907,acompanhar
3501806,SP,Sudeste,78.38,0.08556636190148072,acompanhar
3504107,SP,Sudeste,65.46,0.08555770807717007,acompanhar
4209201,SC,Sul,75.0,0.08549104172748723,acompanhar
4213807,SC,Sul,69.36,0.08544411490230346,acompanhar
3170305,MG,Sudeste,52.43,0.0853481431199691,acompanhar
3550902,SP,Sudeste,65.55,0.08525975716387858,acompanhar
4217758,SC,Sul,73.21,0.08521554302757758,acompanhar
3304524,RJ,Sudeste,68.67,0.0851580742712795,acompanhar
3144003,MG,Sudeste,76.73,0.08505301904807444,acompanhar
4103602,PR,Sul,58.04,0.08505147134260072,acompanhar
3305158,RJ,Sudeste,76.78,0.08499385427863246,acompanhar
3142007,MG,Sudeste,48.06,0.08499356233051295,acompanhar
3545704,SP,Sudeste,58.21,0.08484956280842382,acompanhar
3541703,SP,Sudeste,68.43,0.08483179691561711,acompanhar
4211801,SC,Sul,82.18,0.08478913762903588,acompanhar
1101476,RO,Norte,57.63,0.08477972957245089,acompanhar
3556107,SP,Sudeste,85.95,0.08476884189959275,acompanhar
5107263,MT,Centro-Oeste,76.83,0.0844483715886105,acompanhar
2608909,PE,Nordeste,67.03,0.08433522726388705,acompanhar
4202800,SC,Sul,59.36,0.08424054139842788,acompanhar
2202604,PI,Nordeste,82.63,0.08421474522265414,acompanhar
3513702,SP,Sudeste,80.62,0.084168474654459,acompanhar
3539202,SP,Sudeste,69.44,0.08410812528095343,acompanhar
2201606,PI,Nordeste,68.49,0.084001223434678,acompanhar
4210001,SC,Sul,76.19,0.08373235316508765,acompanhar
3540101,SP,Sudeste,91.45,0.08355195593052296,acompanhar
3104403,MG,Sudeste,89.33,0.0834011544277956,acompanhar
4206801,SC,Sul,54.41,0.08334527955899555,acompanhar
2511103,PB,Nordeste,83.68,0.08331818505143113,acompanhar
3537800,SP,Sudeste,63.25,0.08323333616693454,acompanhar
4113809,PR,Sul,77.71,0.0831045314875811,acompanhar
4106456,PR,Sul,62.47,0.0830097943306552,acompanhar
3551207,SP,Sudeste,79.97,0.08297577653506741,acompanhar
3546900,SP,Sudeste,70.68,0.0829665992592643,acompanhar
3145059,MG,Sudeste,51.93,0.08291595088459261,acompanhar
3516002,SP,Sudeste,54.56,0.08285601928715822,acompanhar
3531605,SP,Sudeste,94.29,0.08273070145798082,acompanhar
4100400,PR,Sul,45.12,0.0826251143196035,acompanhar
4217956,SC,Sul,91.64,0.0825927109616765,acompanhar
3515509,SP,Sudeste,61.01,0.08258942684385295,acompanhar
3542305,SP,Sudeste,84.33,0.08241952698870787,acompanhar
4207403,SC,Sul,79.52,0.08235777427667873,acompanhar
4212304,SC,Sul,40.02,0.08232464543791966,acompanhar
2604007,PE,Nordeste,59.18,0.08232232573487304,acompanhar
2703007,AL,Nordeste,54.43,0.08229147410605878,acompanhar
5002951,MS,Centro-Oeste,63.42,0.08227731964352404,acompanhar
5107305,MT,Centro-Oeste,60.28,0.08216485383682667,acompanhar
4205902,SC,Sul,69.02,0.08211727969060521,acompanhar
2608057,PE,Nordeste,68.05,0.08209697141403521,acompanhar
3514403,SP,Sudeste,62.74,0.08209461870259106,acompanhar
3140605,MG,Sudeste,28.57,0.08206928163420184,acompanhar
4208708,SC,Sul,70.16,0.08198550690243459,acompanhar
2611606,PE,Nordeste,54.36,0.0819349203012902,acompanhar
3150570,MG,Sudeste,64.82,0.08172444556637236,acompanhar
4212056,SC,Sul,57.22,0.0816380389457703,acompanhar
5103502,MT,Centro-Oeste,65.08,0.08145404325199378,acompanhar
4204509,SC,Sul,79.7,0.08140786130632817,acompanhar
3122454,MG,Sudeste,72.43,0.0813470299746797,acompanhar
3542404,SP,Sudeste,61.09,0.08114911849426709,acompanhar
5008305,MS,Centro-Oeste,82.99,0.0810830262473514,acompanhar
2513943,PB,Nordeste,100.0,0.08105017597417057,acompanhar
3101706,MG,Sudeste,55.06,0.08101097942594611,acompanhar
2515203,PB,Nordeste,69.29,0.08086814888985465,acompanhar
3136702,MG,Sudeste,49.55,0.08080314366815841,acompanhar
2114007,MA,Nordeste,72.3,0.08077655480190561,acompanhar
3554409,SP,Sudeste,74.29,0.08071936840039254,acompanhar
3534757,SP,Sudeste,89.21,0.08065302083180799,acompanhar
4216305,SC,Sul,70.77,0.0806456937070928,acompanhar
2100055,MA,Nordeste,62.76,0.08045233409797127,acompanhar
4215687,SC,Sul,95.83,0.08043455299180478,acompanhar
2601201,PE,Nordeste,70.04,0.08025056356513866,acompanhar
4200200,SC,Sul,76.03,0.08021886309001441,acompanhar
2615805,PE,Nordeste,68.38,0.080195447798508,acompanhar
3160454,MG,Sudeste,65.69,0.08000605843293013,acompanhar
2515708,PB,Nordeste,70.82,0.08000528365809821,acompanhar
5108105,MT,Centro-Oeste,52.38,0.07999578145657285,acompanhar
2210631,PI,Nordeste,76.86,0.07991340284641382,acompanhar
4219507,SC,Sul,72.14,0.07989051625045666,acompanhar
3120003,MG,Sudeste,62.81,0.07980694610837585,acompanhar
3127370,MG,Sudeste,91.43,0.07974992125632757,acompanhar
3159506,MG,Sudeste,87.19,0.0796600598306085,acompanhar
3545209,SP,Sudeste,60.52,0.07964318232964038,acompanhar
4213500,SC,Sul,62.57,0.07952283473367733,acompanhar
2614501,PE,Nordeste,58.71,0.07918765510847425,acompanhar
3304706,RJ,Sudeste,73.82,0.07902362755879036,acompanhar
4209102,SC,Sul,68.79,0.07901873595801642,acompanhar
2207405,PI,Nordeste,72.22,0.07879286351948517,acompanhar
4213351,SC,Sul,70.19,0.07874230534510342,acompanhar
3527900,SP,Sudeste,78.67,0.07867329990349854,acompanhar
3114105,MG,Sudeste,71.02,0.07860228920388905,acompanhar
4205001,SC,Sul,66.23,0.07828461189988682,acompanhar
4203600,SC,Sul,64.77,0.078274790333379,acompanhar
3544608,SP,Sudeste,46.98,0.07822012339357207,acompanhar
2605301,PE,Nordeste,55.21,0.07814413826286846,acompanhar
3160603,MG,Sudeste,93.33,0.07809804169556084,acompanhar
3533908,SP,Sudeste,74.72,0.07804656685181084,acompanhar
5103106,MT,Centro-Oeste,52.39,0.07803379543830025,acompanhar
2612455,PE,Nordeste,69.1,0.07799741600964792,acompanhar
4105201,PR,Sul,49.89,0.07796871107549051,acompanhar
4213609,SC,Sul,59.53,0.07796376428918379,acompanhar
4113254,PR,Sul,46.64,0.07783691046145645,acompanhar
3145703,MG,Sudeste,83.33,0.07770525859993144,acompanhar
3134004,MG,Sudeste,64.84,0.07769120694912375,acompanhar
5001243,MS,Centro-Oeste,73.43,0.07767928701912549,acompanhar
2211001,PI,Nordeste,57.25,0.07764160736262517,acompanhar
4209003,SC,Sul,70.42,0.07749339331546587,acompanhar
3505302,SP,Sudeste,80.01,0.07749034922544018,acompanhar
4219309,SC,Sul,64.11,0.07743225766843864,acompanhar
1100403,RO,Norte,60.45,0.07735027575784716,acompanhar
2612703,PE,Nordeste,70.05,0.07726415380346219,acompanhar
3152204,MG,Sudeste,70.05,0.07724887069920444,acompanhar
3151206,MG,Sudeste,69.81,0.07700594294777832,acompanhar
3138682,MG,Sudeste,85.0,0.0769649442884784,acompanhar
4128633,PR,Sul,69.45,0.07671355122621928,acompanhar
2613503,PE,Nordeste,60.42,0.0765937706529961,acompanhar
4202578,SC,Sul,95.99,0.07656346378269575,acompanhar
2112506,MA,Nordeste,57.61,0.07628555017061729,acompanhar
4209607,SC,Sul,72.59,0.07619260283587242,acompanhar
2606002,PE,Nordeste,69.75,0.07602780305719053,acompanhar
2102556,MA,Nordeste,61.7,0.07598075610531517,acompanhar
3152402,MG,Sudeste,79.91,0.07595054511496632,acompanhar
3104700,MG,Sudeste,66.4,0.07594164806902805,acompanhar
3135357,MG,Sudeste,60.75,0.07589423550193909,acompanhar
3546207,SP,Sudeste,73.36,0.07578005990793911,acompanhar
3549102,SP,Sudeste,61.6,0.07574786927208911,acompanhar
3514601,SP,Sudeste,64.5,0.07566065222730356,acompanhar
3501608,SP,Sudeste,64.36,0.07563768407081951,acompanhar
3162401,MG,Sudeste,63.51,0.07550273036941328,acompanhar
3535705,SP,Sudeste,87.14,0.07545838284754652,acompanhar
3539608,SP,Sudeste,83.68,0.07537240174983106,acompanhar
3510708,SP,Sudeste,59.86,0.0753538786711454,acompanhar
5106190,MT,Centro-Oeste,75.07,0.07533486677073381,acompanhar
4203105,SC,Sul,27.3,0.0752592792133543,acompanhar
3544806,SP,Sudeste,68.37,0.07521708025748453,acompanhar
3155108,MG,Sudeste,76.19,0.07520848984601448,acompanhar
4120507,PR,Sul,62.66,0.0751777647278368,acompanhar
4121000,PR,Sul,50.32,0.07512446404370618,acompanhar
4208500,SC,Sul,77.25,0.07509838179205418,acompanhar
4112306,PR,Sul,64.46,0.07509101673036415,acompanhar
3520442,SP,Sudeste,80.76,0.07496058724963076,acompanhar
3145455,MG,Sudeste,90.16,0.07491703071520218,acompanhar
4210050,SC,Sul,56.25,0.07488067534891525,acompanhar
3512407,SP,Sudeste,69.6,0.07470987479542976,acompanhar
3125952,MG,Sudeste,76.31,0.07468061262809922,acompanhar
2107506,MA,Nordeste,55.55,0.07460944461679409,acompanhar
5100102,MT,Centro-Oeste,40.41,0.07447854528972334,acompanhar
4203501,SC,Sul,48.28,0.0744499495048161,acompanhar
4206306,SC,Sul,73.93,0.0744163966274412,acompanhar
3116506,MG,Sudeste,68.63,0.07440933483460806,acompanhar
3161700,MG,Sudeste,82.95,0.07432408096798293,acompanhar
2615201,PE,Nordeste,71.07,0.07421153178161188,acompanhar
4112504,PR,Sul,77.74,0.0741656567453087,acompanhar
4104428,PR,Sul,64.69,0.07416029542396801,acompanhar
4204400,SC,Sul,86.74,0.07412337310938466,acompanhar
3506201,SP,Sudeste,84.11,0.07399726553145031,acompanhar
3104502,MG,Sudeste,46.89,0.07390131469040859,acompanhar
3535200,SP,Sudeste,83.91,0.07371058779908256,acompanhar
5101209,MT,Centro-Oeste,100.0,0.07356182226332808,acompanhar
3300902,RJ,Sudeste,64.38,0.07354791617029677,acompanhar
2612802,PE,Nordeste,79.68,0.0734451876034783,acompanhar
3502804,SP,Sudeste,74.22,0.07331763426360004,acompanhar
3109402,MG,Sudeste,62.63,0.0732681665638428,acompanhar
2609006,PE,Nordeste,81.95,0.07310470322754592,acompanhar
3172103,MG,Sudeste,76.28,0.07308189069910961,acompanhar
3170909,MG,Sudeste,73.78,0.07304188460235406,acompanhar
2612000,PE,Nordeste,81.01,0.07302806924495772,acompanhar
2209708,PI,Nordeste,64.27,0.07298893298392964,acompanhar
1100924,RO,Norte,71.99,0.0729759026663892,acompanhar
4206603,SC,Sul,59.9,0.07296662660329468,acompanhar
2207355,PI,Nordeste,64.0,0.07293315090567433,acompanhar
2608305,PE,Nordeste,68.61,0.07283984280314991,acompanhar
4121752,PR,Sul,83.13,0.07282398423052039,acompanhar
2209351,PI,Nordeste,68.1,0.07282345757985945,acompanhar
3526902,SP,Sudeste,62.75,0.07273524305759406,acompanhar
4201802,SC,Sul,64.79,0.07267193963424096,acompanhar
2615003,PE,Nordeste,59.64,0.07266182194897694,acompanhar
2604106,PE,Nordeste,58.37,0.07265930958224906,acompanhar
2201903,PI,Nordeste,98.95,0.07260328007588734,acompanhar
3162922,MG,Sudeste,82.15,0.07259300699380593,acompanhar
3553807,SP,Sudeste,56.67,0.07253876191476011,acompanhar
3540853,SP,Sudeste,80.0,0.07252657697409547,acompanhar
2209955,PI,Nordeste,86.96,0.07237012809570069,acompanhar
2210706,PI,Nordeste,86.03,0.07221523527426399,acompanhar
4102307,PR,Sul,75.18,0.07218303160227599,acompanhar
3111606,MG,Sudeste,71.94,0.07198008120313155,acompanhar
5106752,MT,Centro-Oeste,66.49,0.07197272879280325,acompanhar
5107602,MT,Centro-Oeste,60.49,0.07185843007593017,acompanhar
3100104,MG,Sudeste,96.07,0.07180891167182613,acompanhar
3525904,SP,Sudeste,70.49,0.07165284237575673,acompanhar
3160702,MG,Sudeste,69.94,0.07160811279122267,acompanhar
1100452,RO,Norte,72.32,0.07152938842695872,acompanhar
3108602,MG,Sudeste,76.32,0.07152248022252472,acompanhar
3530300,SP,Sudeste,61.57,0.07151997172713329,acompanhar
2603207,PE,Nordeste,57.25,0.07148893048101598,acompanhar
2611200,PE,Nordeste,64.18,0.07148562578917349,acompanhar
3552106,SP,Sudeste,59.71,0.07144535587057803,acompanhar
5102686,MT,Centro-Oeste,65.76,0.07142665659028131,acompanhar
2613206,PE,Nordeste,54.47,0.07129179055131284,acompanhar
3139201,MG,Sudeste,77.47,0.07104651308247274,acompanhar
5100201,MT,Centro-Oeste,79.49,0.07087744318883572,acompanhar
4104451,PR,Sul,71.81,0.07077260357334555,acompanhar
2610400,PE,Nordeste,58.91,0.0707538940699734,acompanhar
2608503,PE,Nordeste,79.42,0.07068433530274418,acompanhar
4211207,SC,Sul,68.09,0.07068080074656848,acompanhar
4116604,PR,Sul,78.8,0.07064091186320112,acompanhar
3553609,SP,Sudeste,79.51,0.07052584724469886,acompanhar
3536570,SP,Sudeste,73.68,0.07049460436392964,acompanhar
2101350,MA,Nordeste,100.0,0.07043066775609144,acompanhar
3147956,MG,Sudeste,97.25,0.0703879331595958,acompanhar
3541505,SP,Sudeste,76.57,0.07038225369830606,acompanhar
4100905,PR,Sul,76.71,0.0703039655471263,acompanhar
3508207,SP,Sudeste,56.29,0.0702838991092943,acompanhar
3162252,MG,Sudeste,77.83,0.07026691141533685,acompanhar
5103304,MT,Centro-Oeste,47.59,0.07009430178587048,acompanhar
2103000,MA,Nordeste,55.15,0.07007760153060467,acompanhar
3500105,SP,Sudeste,66.06,0.0700388004907968,acompanhar
3521507,SP,Sudeste,76.62,0.07001280190188387,acompanhar
3113701,MG,Sudeste,55.83,0.0699231565527021,acompanhar
2110237,MA,Nordeste,54.17,0.06984221945718827,acompanhar
5102793,MT,Centro-Oeste,98.95,0.0697304857570397,acompanhar
4209805,SC,Sul,62.5,0.06944472283296979,acompanhar
3103702,MG,Sudeste,91.67,0.06938186288437587,acompanhar
5107909,MT,Centro-Oeste,54.33,0.06929636804769886,acompanhar
1100346,RO,Norte,65.35,0.06929344406569911,acompanhar
4212908,SC,Sul,78.35,0.06916264847965273,acompanhar
3155900,MG,Sudeste,62.04,0.06911735680590765,acompanhar
4103909,PR,Sul,77.67,0.06911598071774978,acompanhar
3533403,SP,Sudeste,57.96,0.06910323796887301,acompanhar
3139805,MG,Sudeste,49.4,0.0689891140956854,acompanhar
3539509,SP,Sudeste,67.24,0.06894066313643135,acompanhar
3126901,MG,Sudeste,64.71,0.068880032436271,acompanhar
5104203,MT,Centro-Oeste,84.49,0.06854919481813729,acompanhar
3141405,MG,Sudeste,65.7,0.06850385898326561,acompanhar
3502408,SP,Sudeste,57.39,0.06840156480855625,acompanhar
3148400,MG,Sudeste,90.14,0.06831483688453954,acompanhar
4205100,SC,Sul,88.51,0.06826398042121262,acompanhar
4203907,SC,Sul,69.54,0.0681288357683919,acompanhar
3527801,SP,Sudeste,60.96,0.06809507269147318,acompanhar
3518305,SP,Sudeste,76.97,0.06798840983649644,acompanhar
5106216,MT,Centro-Oeste,68.51,0.06794966246788545,acompanhar
4123857,PR,Sul,70.26,0.06770337632301013,acompanhar
4103107,PR,Sul,57.37,0.06769871781868286,acompanhar
4206504,SC,Sul,64.09,0.067660264972243,acompanhar
4111258,PR,Sul,52.37,0.06740407662198077,acompanhar
3138906,MG,Sudeste,65.94,0.06737657359890542,acompanhar
3124609,MG,Sudeste,66.67,0.067340012315294,acompanhar
4109500,PR,Sul,57.18,0.06730928027714761,acompanhar
2612109,PE,Nordeste,92.16,0.06730642563454199,acompanhar
3106903,MG,Sudeste,70.71,0.06724307255015124,acompanhar
1101708,RO,Norte,61.28,0.06716061372554558,acompanhar
3168408,MG,Sudeste,77.47,0.0671497369185116,acompanhar
3507753,SP,Sudeste,100.0,0.06712335708396452,acompanhar
3515202,SP,Sudeste,58.91,0.06697304742712028,acompanhar
2608800,PE,Nordeste,57.42,0.06682282342981817,acompanhar
4100806,PR,Sul,72.48,0.06678571151369353,acompanhar
5107875,MT,Centro-Oeste,84.38,0.06673582114545842,acompanhar
3548302,SP,Sudeste,100.0,0.06653422624185684,acompanhar
3131109,MG,Sudeste,77.8,0.0664025546666732,acompanhar
4110078,PR,Sul,70.26,0.06637264035400664,acompanhar
3137007,MG,Sudeste,54.47,0.06630841776533529,acompanhar
3502200,SP,Sudeste,59.71,0.06629384408654443,acompanhar
4312476,RS,Sul,76.9,0.06628766613832879,acompanhar
2610301,PE,Nordeste,66.67,0.06626449214660163,acompanhar
3145877,MG,Sudeste,75.97,0.06625187796748057,acompanhar
3500501,SP,Sudeste,43.65,0.06622124433095333,acompanhar
2608107,PE,Nordeste,75.79,0.06618157798526238,acompanhar
4110201,PR,Sul,70.03,0.06607434217024823,acompanhar
4218400,SC,Sul,62.38,0.06604196832730642,acompanhar
1101302,RO,Norte,73.82,0.0660041854699018,acompanhar
3305901,RJ,Sudeste,79.23,0.0659517031738172,acompanhar
4218855,SC,Sul,65.0,0.06592533209825793,acompanhar
5104807,MT,Centro-Oeste,55.26,0.06590766700443978,acompanhar
3148509,MG,Sudeste,81.4,0.06578248852703261,acompanhar
3515608,SP,Sudeste,85.99,0.06577900210900005,acompanhar
2602308,PE,Nordeste,79.75,0.06566745259064151,acompanhar
3544251,SP,Sudeste,78.64,0.06566677700768328,acompanhar
3530409,SP,Sudeste,55.96,0.06558579330796536,acompanhar
1101005,RO,Norte,70.76,0.06550310816067346,acompanhar
3110905,MG,Sudeste,64.8,0.06547958274664979,acompanhar
2601904,PE,Nordeste,56.84,0.06547764048600996,acompanhar
3134103,MG,Sudeste,79.92,0.06538761945277631,acompanhar
3117009,MG,Sudeste,68.38,0.06530941670737869,acompanhar
5101605,MT,Centro-Oeste,41.67,0.06524602687706701,acompanhar
4216008,SC,Sul,80.35,0.06524595611214852,acompanhar
5107107,MT,Centro-Oeste,68.7,0.06519837880242992,acompanhar
1100015,RO,Norte,67.79,0.06511588299585384,acompanhar
4217303,SC,Sul,80.9,0.06507630246763096,acompanhar
4106704,PR,Sul,71.42,0.06505193206441087,acompanhar
3139250,MG,Sudeste,65.94,0.06495336268496615,acompanhar
4204152,SC,Sul,75.67,0.06486341994257548,acompanhar
1100205,RO,Norte,50.84,0.06481210377635273,acompanhar
3528908,SP,Sudeste,48.4,0.06478277076096324,acompanhar
3118205,MG,Sudeste,65.5,0.06475778154657656,acompanhar
3533304,SP,Sudeste,73.33,0.0647264265390495,acompanhar
3555505,SP,Sudeste,56.25,0.06472363446071482,acompanhar
3139409,MG,Sudeste,71.73,0.06467489765206409,acompanhar
3509304,SP,Sudeste,60.42,0.06462197333727773,acompanhar
3143609,MG,Sudeste,67.59,0.06446688791578285,acompanhar
3105509,MG,Sudeste,89.21,0.06443305048613052,acompanhar
3556701,SP,Sudeste,56.12,0.06434291893364738,acompanhar
3119104,MG,Sudeste,85.75,0.06433333287923078,acompanhar
4206900,SC,Sul,71.81,0.06420737205926694,acompanhar
3527405,SP,Sudeste,68.26,0.06420237659625921,acompanhar
3524808,SP,Sudeste,70.53,0.064184292200488,acompanhar
4219101,SC,Sul,52.72,0.06410867112075994,acompanhar
3142254,MG,Sudeste,41.67,0.06403565179081586,acompanhar
3537107,SP,Sudeste,94.25,0.06387472277629169,acompanhar
2512309,PB,Nordeste,86.29,0.06386806182325015,acompanhar
2204808,PI,Nordeste,95.83,0.0636602702160646,acompanhar
3527504,SP,Sudeste,75.0,0.06364198752913984,acompanhar
4202404,SC,Sul,64.77,0.06357376017968679,acompanhar
3544400,SP,Sudeste,82.14,0.06354832631434089,acompanhar
3124500,MG,Sudeste,91.03,0.0633480796929595,acompanhar
3146701,MG,Sudeste,75.61,0.06330303134802726,acompanhar
1101450,RO,Norte,70.6,0.06310923036947713,acompanhar
4218756,SC,Sul,73.65,0.06302204075635207,acompanhar
3171501,MG,Sudeste,67.61,0.06301683569044746,acompanhar
4217105,SC,Sul,70.0,0.06294669293832414,acompanhar
5100607,MT,Centro-Oeste,70.01,0.06268369496496033,acompanhar
3144508,MG,Sudeste,85.36,0.06257706254008069,acompanhar
2606705,PE,Nordeste,62.42,0.06243196336888433,acompanhar
3156106,MG,Sudeste,81.94,0.062374446539133245,acompanhar
3532058,SP,Sudeste,78.09,0.062337888709677915,acompanhar
4113734,PR,Sul,86.61,0.06206275705197224,acompanhar
3531407,SP,Sudeste,65.44,0.062005036160515135,acompanhar
2708105,AL,Nordeste,97.67,0.06199741367214255,acompanhar
2504850,PB,Nordeste,93.33,0.06199505734475844,acompanhar
4212403,SC,Sul,69.2,0.0619580902871726,acompanhar
4217907,SC,Sul,77.62,0.061953925149487055,acompanhar
3116159,MG,Sudeste,69.39,0.06193498750638521,acompanhar
2207207,PI,Nordeste,100.0,0.061924208510241024,acompanhar
3512100,SP,Sudeste,72.63,0.06190376798204257,acompanhar
3110806,MG,Sudeste,47.62,0.06173408239392509,acompanhar
1101757,RO,Norte,55.65,0.061653259944015715,acompanhar
3135076,MG,Sudeste,43.59,0.06159036733712047,acompanhar
3170404,MG,Sudeste,59.06,0.06157864972980949,acompanhar
3300951,RJ,Sudeste,66.11,0.06150233395608133,acompanhar
1100379,RO,Norte,79.54,0.06148208661278782,acompanhar
3146107,MG,Sudeste,71.36,0.06145118114362753,acompanhar
4218608,SC,Sul,63.31,0.061436241286067776,acompanhar
3521903,SP,Sudeste,82.74,0.06141852853314851,acompanhar
3520509,SP,Sudeste,62.82,0.06107708531257892,acompanhar
3151602,MG,Sudeste,65.98,0.06107057237733904,acompanhar
3537909,SP,Sudeste,63.33,0.06104850897647246,acompanhar
4127502,PR,Sul,77.79,0.06102469395339455,acompanhar
3511508,SP,Sudeste,69.15,0.06091243009378616,acompanhar
4215802,SC,Sul,76.73,0.06091161947155212,acompanhar
2105203,MA,Nordeste,89.11,0.06062028139476305,acompanhar
4202909,SC,Sul,67.18,0.06036562216393417,acompanhar
3145372,MG,Sudeste,92.71,0.060341320960555805,acompanhar
4215307,SC,Sul,68.23,0.06024535522927497,acompanhar
3546504,SP,Sudeste,92.26,0.06003082587454423,acompanhar
2608404,PE,Nordeste,60.64,0.059999107552911705,acompanhar
3508702,SP,Sudeste,75.94,0.059902692018652705,acompanhar
3537701,SP,Sudeste,76.68,0.05985050727964361,acompanhar
4217600,SC,Sul,53.57,0.059826158530454816,acompanhar
3523404,SP,Sudeste,73.47,0.0597678140763395,acompanhar
4202156,SC,Sul,80.41,0.05968375519134507,acompanhar
3515186,SP,Sudeste,61.16,0.05966919136168022,acompanhar
3511201,SP,Sudeste,84.7,0.0596105339141971,acompanhar
3305307,RJ,Sudeste,49.68,0.059519878761626836,acompanhar
2611507,PE,Nordeste,58.1,0.05950428238706531,acompanhar
4110607,PR,Sul,68.95,0.059345187309546445,acompanhar
3121605,MG,Sudeste,70.61,0.059316530844950636,acompanhar
3124104,MG,Sudeste,67.38,0.0591004252532365,acompanhar
2600104,PE,Nordeste,70.19,0.05902901824211451,acompanhar
2207009,PI,Nordeste,72.5,0.05861902797383258,acompanhar
3111408,MG,Sudeste,52.14,0.05859681185044778,acompanhar
2612208,PE,Nordeste,75.13,0.05855317143516531,acompanhar
2210979,PI,Nordeste,50.0,0.0584911809885982,acompanhar
5106372,MT,Centro-Oeste,65.1,0.05848783671855764,acompanhar
3517109,SP,Sudeste,86.84,0.05845720725877105,acompanhar
2703759,AL,Nordeste,95.65,0.05843657092281311,acompanhar
5107040,MT,Centro-Oeste,58.79,0.05835605052139566,acompanhar
4218509,SC,Sul,71.92,0.058290690311714126,acompanhar
2602407,PE,Nordeste,86.18,0.05827632830471034,acompanhar
1101401,RO,Norte,69.92,0.058229527384251,acompanhar
4123907,PR,Sul,83.73,0.058195584864024465,acompanhar
3514700,SP,Sudeste,95.07,0.05817301310291288,acompanhar
3170008,MG,Sudeste,58.55,0.0578066109287317,acompanhar
3528858,SP,Sudeste,100.0,0.05775237980841227,acompanhar
2105922,MA,Nordeste,78.44,0.05754863859898483,acompanhar
4217501,SC,Sul,70.92,0.05752967620711524,acompanhar
2201572,PI,Nordeste,100.0,0.05733511282376172,acompanhar
4206009,SC,Sul,67.19,0.05725286320666439,acompanhar
1101492,RO,Norte,62.99,0.05722571315395786,acompanhar
3102852,MG,Sudeste,84.97,0.05704898984615371,acompanhar
3171907,MG,Sudeste,70.97,0.05701386872161298,acompanhar
4103057,PR,Sul,53.35,0.05690070858506533,acompanhar
2603926,PE,Nordeste,100.0,0.056704806053090896,acompanhar
4115101,PR,Sul,52.21,0.05666774573293916,acompanhar
3101003,MG,Sudeste,74.46,0.056620634925822366,acompanhar
3125309,MG,Sudeste,69.23,0.05655762126987145,acompanhar
3303005,RJ,Sudeste,69.51,0.05652047304751714,acompanhar
3107307,MG,Sudeste,68.42,0.05650254465943249,acompanhar
5103379,MT,Centro-Oeste,62.71,0.05645480172087357,acompanhar
5004007,MS,Centro-Oeste,73.2,0.056404909677792485,acompanhar
3137403,MG,Sudeste,87.23,0.056388864448548785,acompanhar
4216107,SC,Sul,76.94,0.056382613804920365,acompanhar
3165503,MG,Sudeste,85.12,0.05636084455735534,acompanhar
3119500,MG,Sudeste,67.56,0.05620737209155383,acompanhar
4217402,SC,Sul,75.91,0.056205871121865814,acompanhar
4116406,PR,Sul,94.81,0.05605669972470645,acompanhar
3101508,MG,Sudeste,55.1,0.05600863945691022,acompanhar
3532504,SP,Sudeste,74.47,0.055870845172395114,acompanhar
4217808,SC,Sul,70.32,0.055758138557719966,acompanhar
5106208,MT,Centro-Oeste,81.37,0.05575709271461436,acompanhar
4110904,PR,Sul,76.11,0.05568577100904685,acompanhar
3127206,MG,Sudeste,69.2,0.055669623848143966,acompanhar
5103056,MT,Centro-Oeste,66.28,0.05539712080421905,acompanhar
4204004,SC,Sul,72.43,0.05539538495993822,acompanhar
2611002,PE,Nordeste,66.17,0.05530591451531015,acompanhar
4118105,PR,Sul,80.03,0.05525917119143743,acompanhar
5107198,MT,Centro-Oeste,52.72,0.055201348705974464,acompanhar
5104104,MT,Centro-Oeste,54.22,0.055180880171322624,acompanhar
1101500,RO,Norte,66.06,0.05509007775191666,acompanhar
3547403,SP,Sudeste,52.94,0.055080802007588844,acompanhar
3504404,SP,Sudeste,77.37,0.055078148952064386,acompanhar
3116209,MG,Sudeste,76.01,0.05499066177818846,acompanhar
2100477,MA,Nordeste,56.29,0.05494621756185676,acompanhar
4212106,SC,Sul,64.41,0.054813429736081776,acompanhar
4111704,PR,Sul,73.86,0.054700126447092344,acompanhar
3109204,MG,Sudeste,75.91,0.05466626751968157,acompanhar
4117305,PR,Sul,58.43,0.05462073849824759,acompanhar
4110805,PR,Sul,80.07,0.054577762033064005,acompanhar
2204303,PI,Nordeste,96.63,0.054508964041866045,acompanhar
3501509,SP,Sudeste,91.84,0.0544741194232327,acompanhar
2606309,PE,Nordeste,68.11,0.054472429447861424,acompanhar
3106101,MG,Sudeste,57.69,0.054425290315777065,acompanhar
3166709,MG,Sudeste,65.83,0.0543070809514627,acompanhar
2614105,PE,Nordeste,56.65,0.05427309720875385,acompanhar
3152808,MG,Sudeste,50.5,0.05417683129640156,acompanhar
5108006,MT,Centro-Oeste,68.81,0.05413547289125022,acompanhar
3167202,MG,Sudeste,60.35,0.05399705623959839,acompanhar
5213053,GO,Centro-Oeste,80.0,0.05387706868181216,acompanhar
4201653,SC,Sul,77.94,0.053836604591135505,acompanhar
3157377,MG,Sudeste,72.73,0.053594759099249954,acompanhar
3161304,MG,Sudeste,73.5,0.053586521656946016,acompanhar
3145851,MG,Sudeste,82.24,0.05354180374256603,acompanhar
4124707,PR,Sul,71.33,0.053212246090079074,acompanhar
3526803,SP,Sudeste,63.65,0.05317114975879532,acompanhar
4214003,SC,Sul,55.72,0.05310780352100902,acompanhar
1100114,RO,Norte,63.99,0.053090289129870454,acompanhar
4122909,PR,Sul,73.64,0.052820110048269205,acompanhar
3116100,MG,Sudeste,66.15,0.05279798807983333,acompanhar
5106257,MT,Centro-Oeste,45.12,0.05276722527395035,acompanhar
3557154,SP,Sudeste,80.0,0.05275478586959731,acompanhar
3103306,MG,Sudeste,86.96,0.052709625459363,acompanhar
1100098,RO,Norte,71.16,0.05270162319984489,acompanhar
3127305,MG,Sudeste,62.07,0.05256299371893928,acompanhar
2608255,PE,Nordeste,68.81,0.052443050556917815,acompanhar
3544509,SP,Sudeste,75.0,0.05240811248578954,acompanhar
4205159,SC,Sul,79.1,0.05240052291418039,acompanhar
4204301,SC,Sul,75.26,0.05233665600726045,acompanhar
3169703,MG,Sudeste,73.78,0.052097199266457485,acompanhar
3511300,SP,Sudeste,55.73,0.05204538817933294,acompanhar
2602100,PE,Nordeste,60.74,0.05185314707609455,acompanhar
3138674,MG,Sudeste,87.7,0.05181695932448224,acompanhar
2603306,PE,Nordeste,40.68,0.051681326402263604,acompanhar
3155603,MG,Sudeste,85.31,0.05167430420676931,acompanhar
2608602,PE,Nordeste,85.39,0.051571939401808195,acompanhar
2106003,MA,Nordeste,90.91,0.0515690834262136,acompanhar
4210803,SC,Sul,48.04,0.051450440733493585,acompanhar
3147808,MG,Sudeste,77.27,0.05144334998760921,acompanhar
3149952,MG,Sudeste,44.47,0.051408547339138876,acompanhar
3120300,MG,Sudeste,54.17,0.05139530716652348,acompanhar
4123956,PR,Sul,80.22,0.0513878872197952,acompanhar
3113800,MG,Sudeste,62.5,0.051364846830810613,acompanhar
4205209,SC,Sul,58.15,0.05113869642330942,acompanhar
3161106,MG,Sudeste,58.24,0.051101664467764686,acompanhar
3155504,MG,Sudeste,60.21,0.05107380591776334,acompanhar
4124509,PR,Sul,80.07,0.05092566579421035,acompanhar
2103257,MA,Nordeste,86.24,0.050817802763648515,acompanhar
3171303,MG,Sudeste,72.11,0.05076585962094893,acompanhar
2203404,PI,Nordeste,76.45,0.05074518876516571,acompanhar
3537404,SP,Sudeste,83.47,0.05069648719574226,acompanhar
4107009,PR,Sul,68.88,0.05068582743603837,acompanhar
3120102,MG,Sudeste,77.52,0.05051112745328323,acompanhar
3121258,MG,Sudeste,47.77,0.05044312758827082,acompanhar
1100122,RO,Norte,72.81,0.05038497321891239,acompanhar
3170438,MG,Sudeste,72.68,0.0503262723615127,acompanhar
4203709,SC,Sul,41.37,0.05029736494469055,acompanhar
4121505,PR,Sul,77.0,0.05026739932422497,acompanhar
4107124,PR,Sul,83.28,0.050109673475074154,acompanhar
3108255,MG,Sudeste,49.15,0.04996940373540609,acompanhar
3171204,MG,Sudeste,70.35,0.04989003284167035,acompanhar
4125902,PR,Sul,75.0,0.049886965161503594,acompanhar
4205456,SC,Sul,63.94,0.04975268688387193,acompanhar
4207684,SC,Sul,77.74,0.049694514615139906,acompanhar
3158607,MG,Sudeste,80.09,0.049629801042957056,acompanhar
3506508,SP,Sudeste,78.13,0.04959205109965781,acompanhar
3532603,SP,Sudeste,67.47,0.049551685705279375,acompanhar
4108502,PR,Sul,55.52,0.049545681020486544,acompanhar
4201000,SC,Sul,77.33,0.04949121740045467,acompanhar
3503406,SP,Sudeste,79.38,0.04941298851438566,acompanhar
3154804,MG,Sudeste,72.91,0.049396483980550736,acompanhar
3132107,MG,Sudeste,72.78,0.04938275287161888,acompanhar
3171154,MG,Sudeste,81.82,0.0493180072148676,acompanhar
3152131,MG,Sudeste,76.36,0.0493018390727918,acompanhar
4214508,SC,Sul,74.29,0.049227217636765956,acompanhar
3143104,MG,Sudeste,84.51,0.049112472729423894,acompanhar
2612471,PE,Nordeste,87.09,0.04902823598307756,acompanhar
4108700,PR,Sul,61.6,0.04902177122232625,acompanhar
3554904,SP,Sudeste,69.58,0.049015720930236886,acompanhar
3520707,SP,Sudeste,78.96,0.0489661328499762,acompanhar
3527108,SP,Sudeste,92.23,0.04893094473120432,acompanhar
5103205,MT,Centro-Oeste,64.22,0.048911814842375854,acompanhar
1100049,RO,Norte,65.81,0.04884588167221536,acompanhar
4205431,SC,Sul,76.76,0.04878557066318994,acompanhar
3159803,MG,Sudeste,59.6,0.04863612495377766,acompanhar
1100700,RO,Norte,71.94,0.048615823547501644,acompanhar
4212007,SC,Sul,79.92,0.048543380386421094,acompanhar
3142908,MG,Sudeste,66.67,0.048476583193582855,acompanhar
3100203,MG,Sudeste,73.11,0.04846950931241233,acompanhar
3149150,MG,Sudeste,46.09,0.04842906506462546,acompanhar
3154903,MG,Sudeste,62.76,0.04839527493348199,acompanhar
3130556,MG,Sudeste,88.46,0.04836122588506963,acompanhar
3127800,MG,Sudeste,86.04,0.048229816800838994,acompanhar
4116208,PR,Sul,59.7,0.04813833599462998,acompanhar
2505808,PB,Nordeste,60.0,0.04812991230784653,acompanhar
3153004,MG,Sudeste,52.8,0.04810174781541499,acompanhar
3157005,MG,Sudeste,77.08,0.047970860488182186,acompanhar
3503703,SP,Sudeste,87.22,0.04792837303720749,acompanhar
4122206,PR,Sul,61.35,0.0478815440550139,acompanhar
3165602,MG,Sudeste,81.82,0.04786642016802044,acompanhar
4120903,PR,Sul,62.11,0.04784695055407483,acompanhar
3140902,MG,Sudeste,65.0,0.04781845042541178,acompanhar
2612307,PE,Nordeste,78.66,0.047782472328796476,acompanhar
4204707,SC,Sul,77.07,0.04774655793261507,acompanhar
3556008,SP,Sudeste,65.68,0.047672226509857724,acompanhar
5106273,MT,Centro-Oeste,69.12,0.047581696605460556,acompanhar
3150158,MG,Sudeste,74.09,0.047460060167481055,acompanhar
4201257,SC,Sul,70.88,0.04744974016777857,acompanhar
5104559,MT,Centro-Oeste,67.42,0.047444437473792594,acompanhar
3515194,SP,Sudeste,56.14,0.04731967444799739,acompanhar
5106224,MT,Centro-Oeste,74.86,0.0471924202228585,acompanhar
5105176,MT,Centro-Oeste,73.66,0.047085921582252395,acompanhar
5108352,MT,Centro-Oeste,23.86,0.04704715241307102,acompanhar
3101805,MG,Sudeste,70.83,0.04700576990242645,acompanhar
4115739,PR,Sul,92.5,0.047002245791229615,acompanhar
3117504,MG,Sudeste,82.33,0.04676391525375459,acompanhar
5005103,MS,Centro-Oeste,56.25,0.046721173401516936,acompanhar
3147006,MG,Sudeste,63.56,0.04667635018961824,acompanhar
3164100,MG,Sudeste,90.0,0.04664917726769924,acompanhar
3106309,MG,Sudeste,65.94,0.046627557863293194,acompanhar
2108900,MA,Nordeste,77.27,0.04657738111138171,acompanhar
4101200,PR,Sul,63.75,0.04652396679162442,acompanhar
4210209,SC,Sul,76.42,0.046487737989679125,acompanhar
2608750,PE,Nordeste,67.55,0.04633979155119469,acompanhar
3106002,MG,Sudeste,73.62,0.04621690577146621,acompanhar
4206751,SC,Sul,96.17,0.046088284989546986,acompanhar
4211751,SC,Sul,70.95,0.04606017939849442,acompanhar
3532801,SP,Sudeste,73.75,0.04601004831721,acompanhar
4104253,PR,Sul,57.97,0.04600679006234582,acompanhar
4118204,PR,Sul,61.71,0.04595712779704056,acompanhar
4121901,PR,Sul,84.51,0.045946798467618954,acompanhar
4204905,SC,Sul,70.31,0.045835655528292864,acompanhar
3170578,MG,Sudeste,83.44,0.04576003912991308,acompanhar
2611101,PE,Nordeste,70.25,0.045572333342933855,acompanhar
3128253,MG,Sudeste,80.7,0.045570544630643646,acompanhar
3135605,MG,Sudeste,70.71,0.04551084627842624,acompanhar
2202026,PI,Nordeste,98.33,0.045500834919465674,acompanhar
4202537,SC,Sul,55.49,0.04542065128336923,acompanhar
3107703,MG,Sudeste,98.04,0.04539612778591472,acompanhar
3160306,MG,Sudeste,65.72,0.045378099851690876,acompanhar
2202729,PI,Nordeste,87.68,0.04533765480768342,acompanhar
3153608,MG,Sudeste,60.98,0.04533715338227062,acompanhar
3171600,MG,Sudeste,85.1,0.04530002389937669,acompanhar
3529302,SP,Sudeste,62.33,0.045148616321792935,acompanhar
4201208,SC,Sul,74.89,0.04507876480218105,acompanhar
3114402,MG,Sudeste,68.35,0.044997010166428326,acompanhar
3127701,MG,Sudeste,68.07,0.04497883482883013,acompanhar
4128401,PR,Sul,66.07,0.04496346986761172,acompanhar
3166105,MG,Sudeste,56.52,0.04495054497149863,acompanhar
3167707,MG,Sudeste,75.93,0.04493729848805886,acompanhar
2211704,PI,Nordeste,54.29,0.04492723929750016,acompanhar
3118403,MG,Sudeste,57.14,0.044922362690562496,acompanhar
5107248,MT,Centro-Oeste,93.91,0.04491339625515426,acompanhar
4200051,SC,Sul,77.08,0.04480778133333569,acompanhar
3528205,SP,Sudeste,72.5,0.04475975824752359,acompanhar
3150109,MG,Sudeste,75.58,0.04475887609906996,acompanhar
4204251,SC,Sul,60.61,0.04474927887735985,acompanhar
3166006,MG,Sudeste,86.42,0.0446643584147938,acompanhar
3127388,MG,Sudeste,80.51,0.0445441099297189,acompanhar
2613909,PE,Nordeste,77.92,0.04429994692833724,acompanhar
3125408,MG,Sudeste,79.38,0.04417767475813762,acompanhar
3109303,MG,Sudeste,62.9,0.04417667333016724,acompanhar
4116802,PR,Sul,88.03,0.044175665998550544,acompanhar
1101468,RO,Norte,57.63,0.044111633813458284,acompanhar
4123204,PR,Sul,80.09,0.04407265836634025,acompanhar
4127965,PR,Sul,84.81,0.04404017650260132,acompanhar
3169505,MG,Sudeste,74.58,0.04394807032564944,acompanhar
5103809,MT,Centro-Oeste,58.78,0.04387991511753415,acompanhar
3171105,MG,Sudeste,77.09,0.04387834082649591,acompanhar
4214607,SC,Sul,70.6,0.0435036518436145,acompanhar
4107652,PR,Sul,64.69,0.043471126931211995,acompanhar
3152006,MG,Sudeste,56.14,0.043410575835320285,acompanhar
3106200,MG,Sudeste,68.58,0.043236666026134615,acompanhar
4212205,SC,Sul,64.15,0.043221708662667814,acompanhar
3514502,SP,Sudeste,77.0,0.04319855275263421,acompanhar
3170800,MG,Sudeste,70.34,0.043194136955560104,acompanhar
3138500,MG,Sudeste,71.21,0.04313429356556437,acompanhar
3103603,MG,Sudeste,57.09,0.04312466268482303,acompanhar
3148806,MG,Sudeste,85.51,0.0430798764374841,acompanhar
3111507,MG,Sudeste,65.27,0.04294329945824922,acompanhar
3160801,MG,Sudeste,76.67,0.04293531089175902,acompanhar
5106232,MT,Centro-Oeste,57.29,0.04266513028466231,acompanhar
4120655,PR,Sul,61.75,0.04256141323554422,acompanhar
3119609,MG,Sudeste,59.91,0.04246233306348663,acompanhar
4208401,SC,Sul,78.16,0.04244845694737439,acompanhar
3166303,MG,Sudeste,84.85,0.04234104029536497,acompanhar
3124302,MG,Sudeste,62.4,0.04232160911857785,acompanhar
3537305,SP,Sudeste,61.01,0.04214295166983194,acompanhar
3112307,MG,Sudeste,80.94,0.04207849470838082,acompanhar
4117214,PR,Sul,79.18,0.04193079522614805,acompanhar
2503100,PB,Nordeste,89.73,0.04177523742262574,acompanhar
2101103,MA,Nordeste,71.88,0.041774705957321245,acompanhar
4207007,SC,Sul,69.72,0.04173846572662677,acompanhar
3129806,MG,Sudeste,63.66,0.041738024947375885,acompanhar
2209609,PI,Nordeste,64.29,0.0416072586169407,acompanhar
3548807,SP,Sudeste,66.12,0.04157763420848147,acompanhar
3131406,MG,Sudeste,76.42,0.04155527553938304,acompanhar
2510303,PB,Nordeste,76.75,0.04152213640905252,acompanhar
3141108,MG,Sudeste,57.88,0.04151106805235657,acompanhar
4102802,PR,Sul,54.88,0.041506422422283966,acompanhar
3141009,MG,Sudeste,61.37,0.041477659347581186,acompanhar
3553401,SP,Sudeste,74.07,0.04140567041590704,acompanhar
3149507,MG,Sudeste,69.05,0.041204392427205166,acompanhar
3154457,MG,Sudeste,72.81,0.04119651089815924,acompanhar
4214151,SC,Sul,64.05,0.04119627442738572,acompanhar
3146255,MG,Sudeste,64.75,0.04102181458021355,acompanhar
3119302,MG,Sudeste,63.22,0.04085929083843777,acompanhar
4100608,PR,Sul,70.12,0.040834807926617055,acompanhar
3170529,MG,Sudeste,67.15,0.04078819734378869,acompanhar
3514957,SP,Sudeste,73.08,0.04077156309088966,acompanhar
3136579,MG,Sudeste,90.91,0.04075888941230491,acompanhar
3553005,SP,Sudeste,71.38,0.04073957441460158,acompanhar
2613602,PE,Nordeste,73.38,0.04072685042478842,acompanhar
3171808,MG,Sudeste,65.62,0.04068994278654509,acompanhar
3137304,MG,Sudeste,69.48,0.04057667498116221,acompanhar
3112653,MG,Sudeste,77.02,0.040526371400753956,acompanhar
4119954,PR,Sul,61.28,0.040519976955106875,acompanhar
3168606,MG,Sudeste,67.28,0.040502601892276904,acompanhar
3164209,MG,Sudeste,77.76,0.04047786602974285,acompanhar
3528007,SP,Sudeste,62.4,0.040419741246127815,acompanhar
3135506,MG,Sudeste,84.89,0.0402415049352028,acompanhar
3113909,MG,Sudeste,78.88,0.04009673355975252,acompanhar
3104809,MG,Sudeste,48.8,0.04007662440912888,acompanhar
3540002,SP,Sudeste,60.32,0.04003531203517775,acompanhar
3158102,MG,Sudeste,60.65,0.03997519768475452,acompanhar
4122651,PR,Sul,77.0,0.039895455960444574,acompanhar
4207577,SC,Sul,97.09,0.039839654576812954,acompanhar
4123105,PR,Sul,91.5,0.039829812686375865,acompanhar
5105259,MT,Centro-Oeste,73.53,0.0397133046810448,acompanhar
1101609,RO,Norte,78.73,0.03969895732712467,acompanhar
3144375,MG,Sudeste,64.21,0.03966613585078707,acompanhar
3518008,SP,Sudeste,57.14,0.03961706059680841,acompanhar
4209508,SC,Sul,60.32,0.03957857564342744,acompanhar
4217204,SC,Sul,75.64,0.0395483522248802,acompanhar
3140803,MG,Sudeste,78.82,0.03952294452414976,acompanhar
3123528,MG,Sudeste,71.43,0.03951669986860366,acompanhar
3132602,MG,Sudeste,73.68,0.03946632567959253,acompanhar
3110509,MG,Sudeste,58.56,0.039457423339838954,acompanhar
4107900,PR,Sul,74.01,0.03942350586369904,acompanhar
3141702,MG,Sudeste,63.47,0.039272460689441076,acompanhar
5100300,MT,Centro-Oeste,75.59,0.03912701433755214,acompanhar
4213203,SC,Sul,70.85,0.03910575814284889,acompanhar
3116001,MG,Sudeste,70.09,0.039018978505302906,acompanhar
4211405,SC,Sul,72.86,0.03896334683436763,acompanhar
4200804,SC,Sul,91.81,0.038803710768528475,acompanhar
4103404,PR,Sul,63.42,0.0387316604959062,acompanhar
1100908,RO,Norte,65.42,0.03868192115152468,acompanhar
4128559,PR,Sul,76.11,0.03867494006713479,acompanhar
3118304,MG,Sudeste,82.19,0.038577426354256525,acompanhar
3108008,MG,Sudeste,83.73,0.03843571397651633,acompanhar
4126678,PR,Sul,65.46,0.03825937237231871,acompanhar
3144672,MG,Sudeste,48.0,0.03825630283797606,acompanhar
3532843,SP,Sudeste,72.22,0.03817508968310201,acompanhar
3159308,MG,Sudeste,77.68,0.03808166318158929,acompanhar
3555109,SP,Sudeste,93.46,0.03806693237795355,acompanhar
3138401,MG,Sudeste,65.18,0.03789029660863793,acompanhar
3115706,MG,Sudeste,72.79,0.03784279179745948,acompanhar
4102406,PR,Sul,72.78,0.03762715796990552,acompanhar
4215406,SC,Sul,72.08,0.03746245516924968,acompanhar
4121703,PR,Sul,81.08,0.03741254869105626,acompanhar
2606903,PE,Nordeste,83.67,0.037368529977609886,acompanhar
3504800,SP,Sudeste,83.51,0.03735396467234144,acompanhar
3112802,MG,Sudeste,78.93,0.03734992663598627,acompanhar
3142502,MG,Sudeste,95.0,0.03724695551425432,acompanhar
3163409,MG,Sudeste,86.0,0.03722352418937308,acompanhar
5105002,MT,Centro-Oeste,74.68,0.03716866957376353,acompanhar
4100103,PR,Sul,57.74,0.0371360810774898,acompanhar
3138609,MG,Sudeste,69.51,0.03712107980708243,acompanhar
3163508,MG,Sudeste,81.45,0.037111871693910725,acompanhar
3170107,MG,Sudeste,57.68,0.03710100232994752,acompanhar
4216404,SC,Sul,76.69,0.03705179496216359,acompanhar
3128204,MG,Sudeste,75.0,0.03704792568929237,acompanhar
4126256,PR,Sul,56.55,0.03702861521747687,acompanhar
4208906,SC,Sul,75.11,0.03698096705733496,acompanhar
1100056,RO,Norte,66.81,0.03688591985371804,acompanhar
4211603,SC,Sul,79.48,0.03685869000490681,acompanhar
1100502,RO,Norte,70.67,0.036856352995838754,acompanhar
3140506,MG,Sudeste,70.72,0.03677101984288721,acompanhar
2613008,PE,Nordeste,64.03,0.03666167351528078,acompanhar
4108007,PR,Sul,63.48,0.03655839119329205,acompanhar
3107802,MG,Sudeste,75.91,0.036440238986748405,acompanhar
3157302,MG,Sudeste,90.92,0.03642508489475905,acompanhar
3134301,MG,Sudeste,73.75,0.036379854312544195,acompanhar
1100072,RO,Norte,72.68,0.036292795577787584,acompanhar
3150406,MG,Sudeste,83.86,0.036246135808017686,acompanhar
4118857,PR,Sul,70.19,0.03624433994290126,acompanhar
3159100,MG,Sudeste,94.44,0.03620071141215158,acompanhar
4210100,SC,Sul,77.41,0.036188811592743744,acompanhar
3127008,MG,Sudeste,76.16,0.03617407395293573,acompanhar
5107941,MT,Centro-Oeste,62.36,0.03616588578340151,acompanhar
3154150,MG,Sudeste,83.87,0.035977490080602255,acompanhar
4117503,PR,Sul,62.96,0.035913986797637965,acompanhar
3109451,MG,Sudeste,54.59,0.035870508902412716,acompanhar
4205704,SC,Sul,75.75,0.03568010524367338,acompanhar
3118601,MG,Sudeste,69.05,0.035579734079293046,acompanhar
5107768,MT,Centro-Oeste,62.63,0.03551544626733359,acompanhar
4314423,RS,Sul,57.1,0.03547078787350199,acompanhar
3161650,MG,Sudeste,76.32,0.03544961358079365,acompanhar
4108601,PR,Sul,63.77,0.03534468541028672,acompanhar
5102678,MT,Centro-Oeste,65.32,0.03527064452204382,acompanhar
4217253,SC,Sul,59.93,0.03524425089393454,acompanhar
4117800,PR,Sul,69.5,0.035233410260847996,acompanhar
3123403,MG,Sudeste,66.67,0.03517401994222738,acompanhar
3170479,MG,Sudeste,80.0,0.03511892666659305,acompanhar
3156502,MG,Sudeste,76.83,0.03511293142385928,acompanhar
3506409,SP,Sudeste,74.74,0.03510643082546559,acompanhar
3144607,MG,Sudeste,77.99,0.0351000026371508,acompanhar
4104006,PR,Sul,66.84,0.03506714377407713,acompanhar
3138351,MG,Sudeste,92.39,0.035028796701873824,acompanhar
4114302,PR,Sul,64.48,0.034951849347784544,acompanhar
3548401,SP,Sudeste,77.36,0.03488739268826633,acompanhar
3115508,MG,Sudeste,78.2,0.034813600319189765,acompanhar
4108320,PR,Sul,80.22,0.03474687007430963,acompanhar
3136520,MG,Sudeste,77.29,0.034696516099877416,acompanhar
3168507,MG,Sudeste,75.97,0.0346697240175447,acompanhar
3529500,SP,Sudeste,77.56,0.0346463886348807,acompanhar
4128807,PR,Sul,55.19,0.0346462650444527,acompanhar
3154507,MG,Sudeste,70.0,0.03453173606673638,acompanhar
3162807,MG,Sudeste,70.27,0.03449917505717299,acompanhar
3117405,MG,Sudeste,74.88,0.034487081723034406,acompanhar
4215604,SC,Sul,86.49,0.03444013609057608,acompanhar
2616183,PE,Nordeste,82.94,0.03440220272482445,acompanhar
4118303,PR,Sul,61.71,0.03431191904239254,acompanhar
4109302,PR,Sul,71.17,0.03430684004403028,acompanhar
3108206,MG,Sudeste,71.88,0.03425175070790291,acompanhar
3140530,MG,Sudeste,83.69,0.034240412487095036,acompanhar
4124103,PR,Sul,55.04,0.03418220852846562,acompanhar
3536901,SP,Sudeste,72.73,0.03414557178939765,acompanhar
4207908,SC,Sul,79.25,0.03410196506194728,acompanhar
4108551,PR,Sul,74.07,0.03402474779011572,acompanhar
4210035,SC,Sul,79.74,0.033995666488433045,acompanhar
4128534,PR,Sul,77.17,0.03395674989689313,acompanhar
4106803,PR,Sul,84.49,0.03383877739230347,acompanhar
4125506,PR,Sul,64.3,0.03377747896588131,acompanhar
3159357,MG,Sudeste,58.94,0.03371548101170298,acompanhar
2101004,MA,Nordeste,72.37,0.03371031026148501,acompanhar
4217154,SC,Sul,84.21,0.03359344009481906,acompanhar
3120805,MG,Sudeste,75.3,0.033466237031703455,acompanhar
4114351,PR,Sul,70.91,0.033444860511643554,acompanhar
3117306,MG,Sudeste,58.64,0.03343896836171738,acompanhar
3140159,MG,Sudeste,74.09,0.033382111977701724,acompanhar
4101903,PR,Sul,80.24,0.03335143258501865,acompanhar
3136652,MG,Sudeste,68.53,0.0332727871404411,acompanhar
3111150,MG,Sudeste,73.26,0.033236901523855424,acompanhar
4218350,SC,Sul,56.3,0.033226948867155576,acompanhar
3150208,MG,Sudeste,80.01,0.033224295761366915,acompanhar
3129202,MG,Sudeste,67.59,0.033111332231913704,acompanhar
4124020,PR,Sul,77.75,0.033068942586414025,acompanhar
3138625,MG,Sudeste,59.7,0.03297095185113252,acompanhar
3128600,MG,Sudeste,51.62,0.03294847581343056,acompanhar
3160207,MG,Sudeste,47.84,0.03290357537991215,acompanhar
2614402,PE,Nordeste,93.99,0.03278018057416155,acompanhar
4107736,PR,Sul,79.81,0.03269405766187726,acompanhar
5104526,MT,Centro-Oeste,59.46,0.032389031702501146,acompanhar
3106705,MG,Sudeste,66.62,0.032372435878525105,acompanhar
3111705,MG,Sudeste,87.5,0.032310483341625396,acompanhar
4126504,PR,Sul,61.98,0.032198590929808625,acompanhar
4201703,SC,Sul,94.83,0.032064401022108606,acompanhar
4201604,SC,Sul,76.24,0.03204627007673858,acompanhar
3149200,MG,Sudeste,79.95,0.0320160906438701,acompanhar
5106802,MT,Centro-Oeste,74.29,0.031998778641298735,acompanhar
3113305,MG,Sudeste,52.42,0.031947160931909205,acompanhar
3123809,MG,Sudeste,76.22,0.03188915001312153,acompanhar
4215075,SC,Sul,72.07,0.031861139209480686,acompanhar
1100155,RO,Norte,66.4,0.03182858861828318,acompanhar
4210605,SC,Sul,77.07,0.0318108901524429,acompanhar
4102901,PR,Sul,70.06,0.03176933331991699,acompanhar
2112209,MA,Nordeste,75.74,0.031674681482143426,acompanhar
4109401,PR,Sul,67.0,0.03158077752553876,acompanhar
3169307,MG,Sudeste,70.26,0.031560661241150104,acompanhar
4111001,PR,Sul,80.58,0.03150443108975973,acompanhar
4213104,SC,Sul,83.99,0.0313904455166033,acompanhar
4107603,PR,Sul,71.76,0.031366459111408784,acompanhar
3102308,MG,Sudeste,72.33,0.031353050999116325,acompanhar
3106655,MG,Sudeste,83.33,0.03132298924836399,acompanhar
4108650,PR,Sul,90.42,0.03125949843807093,acompanhar
3132008,MG,Sudeste,100.0,0.031152647190461465,acompanhar
3102209,MG,Sudeste,87.5,0.03110394208509534,acompanhar
3553955,SP,Sudeste,91.72,0.03107212478654995,acompanhar
3110202,MG,Sudeste,69.57,0.031069411767388883,acompanhar
3164472,MG,Sudeste,81.32,0.031029450726260732,acompanhar
3156700,MG,Sudeste,71.68,0.031018608749376498,acompanhar
3552601,SP,Sudeste,98.83,0.03101477264774894,acompanhar
3159407,MG,Sudeste,88.22,0.03096654863228855,acompanhar
4125100,PR,Sul,79.45,0.030940051603904412,acompanhar
2607703,PE,Nordeste,89.12,0.030873989324488857,acompanhar
3146552,MG,Sudeste,76.4,0.030870892424643033,acompanhar
3148756,MG,Sudeste,91.18,0.030730300558446985,acompanhar
4122602,PR,Sul,41.63,0.03066226268433902,acompanhar
4127601,PR,Sul,68.4,0.030597341537547017,acompanhar
3145208,MG,Sudeste,72.47,0.030587793248617393,acompanhar
3165578,MG,Sudeste,76.97,0.03050543546865033,acompanhar
4105607,PR,Sul,63.42,0.030464873095938882,acompanhar
3153707,MG,Sudeste,63.55,0.03040116484538774,acompanhar
3165107,MG,Sudeste,82.09,0.03040113149631854,acompanhar
4113759,PR,Sul,70.4,0.03036361479301994,acompanhar
3154408,MG,Sudeste,82.0,0.030354177307687347,acompanhar
3134608,MG,Sudeste,75.36,0.030352206930051667,acompanhar
4101655,PR,Sul,76.31,0.03034755978237846,acompanhar
5101308,MT,Centro-Oeste,58.62,0.030211870336264945,acompanhar
4219200,SC,Sul,83.76,0.0301557103692241,acompanhar
3113404,MG,Sudeste,67.42,0.03013428101006411,acompanhar
2605608,PE,Nordeste,68.28,0.030089372124738823,acompanhar
3130309,MG,Sudeste,94.08,0.030063426415354103,acompanhar
3131703,MG,Sudeste,68.15,0.030055613480474967,acompanhar
3115201,MG,Sudeste,70.43,0.030009600494820498,acompanhar
2610202,PE,Nordeste,94.53,0.030007641038380477,acompanhar
4103222,PR,Sul,71.33,0.029994514355723877,acompanhar
4101051,PR,Sul,69.97,0.029990406998243988,acompanhar
3166204,MG,Sudeste,77.94,0.029987716278218647,acompanhar
3143807,MG,Sudeste,82.36,0.029973953541507566,acompanhar
3171402,MG,Sudeste,74.62,0.029874964271506054,acompanhar
3131604,MG,Sudeste,77.81,0.02982691179361602,acompanhar
3153301,MG,Sudeste,79.86,0.029720917536648586,acompanhar
4102505,PR,Sul,77.65,0.029703839711189742,acompanhar
3104908,MG,Sudeste,77.43,0.02965833452130714,acompanhar
3158706,MG,Sudeste,87.26,0.029581150903595987,acompanhar
4114005,PR,Sul,74.68,0.029538609181843947,acompanhar
4104105,PR,Sul,80.98,0.029447785563915082,acompanhar
3160009,MG,Sudeste,45.65,0.029443189972710986,acompanhar
3161007,MG,Sudeste,84.25,0.02942749093208712,acompanhar
3149606,MG,Sudeste,81.37,0.029371456895439307,acompanhar
4102604,PR,Sul,73.99,0.029361123808788688,acompanhar
4105003,PR,Sul,56.16,0.029347835490920685,acompanhar
5108204,MT,Centro-Oeste,88.61,0.02929162452965805,acompanhar
4113304,PR,Sul,68.0,0.029232093806547038,acompanhar
4119400,PR,Sul,74.06,0.029179593462553364,acompanhar
4100707,PR,Sul,64.66,0.029134672365117215,acompanhar
4211876,SC,Sul,54.55,0.029076804687279325,acompanhar
3111101,MG,Sudeste,75.03,0.028925675621968464,acompanhar
3130507,MG,Sudeste,65.15,0.028844221512828738,acompanhar
3103751,MG,Sudeste,73.61,0.028838682271067145,acompanhar
3139508,MG,Sudeste,68.84,0.02883420637645609,acompanhar
3167400,MG,Sudeste,87.91,0.02883166012180694,acompanhar
3133600,MG,Sudeste,67.89,0.02879377045984095,acompanhar
4214904,SC,Sul,68.78,0.028787643642659583,acompanhar
3158409,MG,Sudeste,73.26,0.028767485016170068,acompanhar
4114708,PR,Sul,49.96,0.028690263948882896,acompanhar
5108857,MT,Centro-Oeste,80.62,0.028624550876728605,acompanhar
1101203,RO,Norte,69.17,0.028591085570535264,acompanhar
3136207,MG,Sudeste,79.74,0.028577713425633092,acompanhar
3142304,MG,Sudeste,90.58,0.028547614700481123,acompanhar
4120101,PR,Sul,76.84,0.028453500953164252,acompanhar
4120333,PR,Sul,73.85,0.028437101530814357,acompanhar
5100409,MT,Centro-Oeste,52.91,0.02841986509214002,acompanhar
3134509,MG,Sudeste,76.33,0.028415850144481346,acompanhar
3537156,SP,Sudeste,67.92,0.028393173146188232,acompanhar
4116000,PR,Sul,51.38,0.028363562922113842,acompanhar
3530003,SP,Sudeste,93.03,0.028284939535969965,acompanhar
4219606,SC,Sul,80.95,0.028189221742904714,acompanhar
3138658,MG,Sudeste,78.07,0.0281829081167537,acompanhar
3153103,MG,Sudeste,88.0,0.028158507056344186,acompanhar
3140001,MG,Sudeste,65.6,0.028104153889779132,acompanhar
4101804,PR,Sul,69.02,0.028086499687274464,acompanhar
3161056,MG,Sudeste,67.09,0.028059814600833136,acompanhar
3117603,MG,Sudeste,100.0,0.02803929665674262,acompanhar
4214300,SC,Sul,80.38,0.027937369897086284,acompanhar
5104542,MT,Centro-Oeste,77.99,0.02793336655795563,acompanhar
3500600,SP,Sudeste,80.89,0.027909399922106216,acompanhar
1100254,RO,Norte,71.14,0.027903899866127766,acompanhar
4218202,SC,Sul,77.99,0.02790338838872654,acompanhar
1100304,RO,Norte,71.66,0.027902387784527697,acompanhar
3154101,MG,Sudeste,64.51,0.02789164022273587,acompanhar
4108908,PR,Sul,80.71,0.02788170153938987,acompanhar
3162559,MG,Sudeste,71.72,0.027809822590828547,acompanhar
3109501,MG,Sudeste,86.58,0.027801683647975552,acompanhar
3123601,MG,Sudeste,64.98,0.027755155251877446,acompanhar
3122009,MG,Sudeste,67.15,0.027716010981358275,acompanhar
4207601,SC,Sul,84.43,0.027710730599943972,acompanhar
2601003,PE,Nordeste,62.41,0.027625471180122152,acompanhar
3162104,MG,Sudeste,75.49,0.027621386689866752,acompanhar
4109609,PR,Sul,66.9,0.0275823531781948,acompanhar
4121307,PR,Sul,86.02,0.027578308961270347,acompanhar
3144359,MG,Sudeste,64.96,0.02757803705183105,acompanhar
3126208,MG,Sudeste,74.9,0.02755347385576245,acompanhar
3150000,MG,Sudeste,77.59,0.02746846967280175,acompanhar
3131802,MG,Sudeste,83.44,0.027449485428436823,acompanhar
3164001,MG,Sudeste,68.34,0.027432333388183572,acompanhar
3162005,MG,Sudeste,76.14,0.027420791561821575,acompanhar
4102752,PR,Sul,88.13,0.02739540704574266,acompanhar
4112751,PR,Sul,89.98,0.02736895992125164,acompanhar
3157807,MG,Sudeste,72.16,0.02736573556640325,acompanhar
3157609,MG,Sudeste,72.51,0.02728450685650072,acompanhar
3162609,MG,Sudeste,67.66,0.027269180735903776,acompanhar
3113503,MG,Sudeste,70.78,0.027267635869005796,acompanhar
4126702,PR,Sul,46.83,0.02715928299868183,acompanhar
3120904,MG,Sudeste,71.71,0.027043242987428027,acompanhar
3148301,MG,Sudeste,89.89,0.02702680053560749,acompanhar
2614600,PE,Nordeste,69.1,0.02701619437935985,acompanhar
4117206,PR,Sul,91.63,0.02700785360844978,acompanhar
4310462,RS,Sul,44.4,0.02697086700877195,acompanhar
3159605,MG,Sudeste,72.16,0.02688679341398605,acompanhar
3158953,MG,Sudeste,69.95,0.02673250104453544,acompanhar
3143203,MG,Sudeste,61.59,0.02671204938261679,acompanhar
1101484,RO,Norte,78.36,0.026706183033483166,acompanhar
4210902,SC,Sul,94.86,0.026688398468648584,acompanhar
3131158,MG,Sudeste,77.71,0.026574444412005818,acompanhar
4105706,PR,Sul,74.84,0.026523752372023666,acompanhar
4106407,PR,Sul,73.21,0.02651206355540226,acompanhar
3167905,MG,Sudeste,74.43,0.026492360311708384,acompanhar
3154002,MG,Sudeste,84.96,0.026432175256840152,acompanhar
3130705,MG,Sudeste,53.9,0.026406156220372252,acompanhar
3137700,MG,Sudeste,69.27,0.02639273011498111,acompanhar
3107406,MG,Sudeste,65.88,0.026328525058794766,acompanhar
4120358,PR,Sul,79.55,0.026174863477962707,acompanhar
5207907,GO,Centro-Oeste,65.41,0.0261687988514912,acompanhar
3117702,MG,Sudeste,78.17,0.02616366482191163,acompanhar
3112505,MG,Sudeste,77.92,0.02612671138980963,acompanhar
3100401,MG,Sudeste,73.93,0.0261119138967131,acompanhar
3149309,MG,Sudeste,69.22,0.02602147208246857,acompanhar
4128658,PR,Sul,81.54,0.02599936553715345,acompanhar
4117255,PR,Sul,72.83,0.025951073942643874,acompanhar
4108809,PR,Sul,69.53,0.025906576493179335,acompanhar
3112406,MG,Sudeste,79.03,0.02586705821617177,acompanhar
4124400,PR,Sul,81.43,0.025844282123123778,acompanhar
3131208,MG,Sudeste,77.67,0.02583262042531868,acompanhar
3157500,MG,Sudeste,75.81,0.025826687648369293,acompanhar
3122470,MG,Sudeste,84.62,0.025766487973891142,acompanhar
4112900,PR,Sul,55.42,0.025766292451674812,acompanhar
4107157,PR,Sul,74.32,0.02575203848889854,acompanhar
3131505,MG,Sudeste,63.82,0.025685317918272922,acompanhar
3135001,MG,Sudeste,84.51,0.02565660010730647,acompanhar
2603108,PE,Nordeste,63.59,0.02564878531227102,acompanhar
4115457,PR,Sul,82.18,0.025615099338804525,acompanhar
4208955,SC,Sul,77.08,0.02560503762200663,acompanhar
4211009,SC,Sul,56.85,0.025603772195262935,acompanhar
4202859,SC,Sul,64.21,0.025577811419403972,acompanhar
3117876,MG,Sudeste,69.15,0.025482856663125147,acompanhar
3159704,MG,Sudeste,79.88,0.025473487493994924,acompanhar
3157658,MG,Sudeste,90.81,0.025435959623377184,acompanhar
4122503,PR,Sul,76.32,0.02543504669013451,acompanhar
3129608,MG,Sudeste,76.41,0.025418570401323528,acompanhar
4106308,PR,Sul,85.26,0.02537632316676537,acompanhar
3109808,MG,Sudeste,94.74,0.025351849617344407,acompanhar
3168309,MG,Sudeste,94.4,0.025342773129077997,acompanhar
4106555,PR,Sul,87.98,0.0253356689203676,acompanhar
3139607,MG,Sudeste,71.17,0.02526117631699551,acompanhar
4208005,SC,Sul,77.62,0.025252886674515595,acompanhar
3159001,MG,Sudeste,80.15,0.025175931620037683,acompanhar
4106902,PR,Sul,65.96,0.02515383666288709,acompanhar
4122008,PR,Sul,89.22,0.02512893336568634,acompanhar
3125705,MG,Sudeste,75.1,0.025123322744055893,acompanhar
3128303,MG,Sudeste,65.21,0.024992248171272134,acompanhar
3122108,MG,Sudeste,85.71,0.024992083457485166,acompanhar
2611533,PE,Nordeste,87.04,0.024919215374952876,acompanhar
4114104,PR,Sul,62.29,0.02489492233664678,acompanhar
4127809,PR,Sul,83.7,0.024872256989565206,acompanhar
3150703,MG,Sudeste,76.8,0.02482313554655841,acompanhar
3115904,MG,Sudeste,44.9,0.02479458806772301,acompanhar
3128006,MG,Sudeste,68.68,0.02473843327309348,acompanhar
3170206,MG,Sudeste,62.63,0.024653698059423045,acompanhar
3122207,MG,Sudeste,87.1,0.024635238720727485,acompanhar
3150604,MG,Sudeste,76.35,0.024634129175089718,acompanhar
1100189,RO,Norte,81.06,0.024627836132221862,acompanhar
4106209,PR,Sul,77.37,0.02462257199418922,acompanhar
3149002,MG,Sudeste,80.0,0.02454941212151514,acompanhar
3555208,SP,Sudeste,93.33,0.02450640637774741,acompanhar
3156205,MG,Sudeste,58.33,0.024500715663030134,acompanhar
3143708,MG,Sudeste,61.85,0.024460693031406133,acompanhar
3120839,MG,Sudeste,69.0,0.02437576177289263,acompanhar
3143450,MG,Sudeste,88.98,0.024362453463564946,acompanhar
3162955,MG,Sudeste,75.09,0.02434149541392588,acompanhar
4127908,PR,Sul,68.12,0.024316867143291954,acompanhar
3164902,MG,Sudeste,91.3,0.024314311486098687,acompanhar
4219150,SC,Sul,69.58,0.024251663952234426,acompanhar
1100288,RO,Norte,75.19,0.024237449802017946,acompanhar
3151107,MG,Sudeste,66.15,0.024174991075095565,acompanhar
4128500,PR,Sul,74.37,0.02416319704069047,acompanhar
3163607,MG,Sudeste,87.17,0.02415806866885085,acompanhar
4111902,PR,Sul,62.26,0.024153983807182738,acompanhar
3134400,MG,Sudeste,69.61,0.02408628295083954,acompanhar
3170750,MG,Sudeste,93.29,0.024077989453723872,acompanhar
4112702,PR,Sul,60.93,0.024051404119782512,acompanhar
3145604,MG,Sudeste,80.67,0.023996506309809148,acompanhar
3120870,MG,Sudeste,80.36,0.023981015043101437,acompanhar
4115705,PR,Sul,63.15,0.023964869753155014,acompanhar
3143302,MG,Sudeste,75.18,0.02392062979943818,acompanhar
4210555,SC,Sul,75.96,0.023906529490183993,acompanhar
4110102,PR,Sul,78.04,0.023726009045652377,acompanhar
4101101,PR,Sul,64.82,0.02368530643873551,acompanhar
3154309,MG,Sudeste,61.12,0.023599695196785536,acompanhar
3156304,MG,Sudeste,81.95,0.023578761027438496,acompanhar
3127354,MG,Sudeste,71.43,0.023475759928363923,acompanhar
3138807,MG,Sudeste,87.21,0.02342037188417314,acompanhar
3130655,MG,Sudeste,89.58,0.02327706902087699,acompanhar
3534500,SP,Sudeste,88.17,0.023262958037027034,acompanhar
3153202,MG,Sudeste,54.55,0.02326211031776343,acompanhar
3172004,MG,Sudeste,65.77,0.023179252630360452,acompanhar
3144656,MG,Sudeste,77.17,0.02312863308123862,acompanhar
3151909,MG,Sudeste,95.65,0.02305782584489156,acompanhar
3124807,MG,Sudeste,69.36,0.023045847471983554,acompanhar
3153806,MG,Sudeste,95.0,0.0230339185429003,acompanhar
4118907,PR,Sul,62.28,0.022939430978870978,acompanhar
4219002,SC,Sul,71.86,0.022934681485932615,acompanhar
3165560,MG,Sudeste,84.62,0.022925908681514413,acompanhar
3119401,MG,Sudeste,64.1,0.022906304883872845,acompanhar
4213906,SC,Sul,61.9,0.02290403979187272,acompanhar
3144904,MG,Sudeste,89.37,0.022902352276446193,acompanhar
3171071,MG,Sudeste,77.02,0.022838008100755744,acompanhar
4216255,SC,Sul,92.42,0.02282971869524203,acompanhar
4104303,PR,Sul,76.77,0.02281853983698223,acompanhar
4200754,SC,Sul,85.18,0.022700418028532066,acompanhar
3516507,SP,Sudeste,85.45,0.022607369748909516,acompanhar
3305133,RJ,Sudeste,80.39,0.022575866139229902,acompanhar
4107553,PR,Sul,96.3,0.022563790159522052,acompanhar
3153509,MG,Sudeste,78.73,0.02252177600031241,acompanhar
3164803,MG,Sudeste,100.0,0.02250195245020193,acompanhar
4118808,PR,Sul,74.24,0.022435957232574782,acompanhar
2615904,PE,Nordeste,82.52,0.022418830955046955,acompanhar
3114550,MG,Sudeste,64.51,0.022413091557100088,acompanhar
3159902,MG,Sudeste,80.3,0.022398939651313437,acompanhar
3108909,MG,Sudeste,79.14,0.022389816369719,acompanhar
3116902,MG,Sudeste,74.3,0.0223701811197365,acompanhar
4121356,PR,Sul,56.92,0.02233723550430759,acompanhar
3143153,MG,Sudeste,82.61,0.022324065670625105,acompanhar
3170503,MG,Sudeste,81.15,0.022314794784463656,acompanhar
3147600,MG,Sudeste,75.75,0.022268718143188315,acompanhar
3104106,MG,Sudeste,82.63,0.0222490019884968,acompanhar
3116704,MG,Sudeste,83.5,0.022243058566335707,acompanhar
3129103,MG,Sudeste,86.09,0.022219634267890517,acompanhar
3100708,MG,Sudeste,55.3,0.02218067561391002,acompanhar
4200606,SC,Sul,79.3,0.02216839554877762,acompanhar
3168002,MG,Sudeste,86.34,0.022165544339836925,acompanhar
3143500,MG,Sudeste,64.5,0.022143389422298605,acompanhar
3147105,MG,Sudeste,69.52,0.022105349340097818,acompanhar
4113403,PR,Sul,89.7,0.021969561176704,acompanhar
3142205,MG,Sudeste,79.2,0.02183921845112192,acompanhar
3143005,MG,Sudeste,80.85,0.021780523429757857,acompanhar
3128501,MG,Sudeste,72.73,0.021764137435965777,acompanhar
4115606,PR,Sul,71.4,0.02172821938511036,acompanhar
3130101,MG,Sudeste,73.84,0.02170343127174416,acompanhar
3157336,MG,Sudeste,43.82,0.02168082075969464,acompanhar
4120606,PR,Sul,82.91,0.021668927193100134,acompanhar
3136553,MG,Sudeste,77.36,0.02159649127193396,acompanhar
3132503,MG,Sudeste,81.25,0.021594487497983376,acompanhar
4109708,PR,Sul,71.64,0.02157088978623143,acompanhar
3123700,MG,Sudeste,63.03,0.02153509981012698,acompanhar
3162500,MG,Sudeste,74.0,0.02142085415860912,acompanhar
3123858,MG,Sudeste,77.45,0.021415945369183773,acompanhar
4105805,PR,Sul,60.67,0.02139146552616253,acompanhar
4201273,SC,Sul,96.31,0.021390476464888907,acompanhar
1100148,RO,Norte,75.61,0.021380356145021585,acompanhar
3526001,SP,Sudeste,80.44,0.02137722997583774,acompanhar
4106605,PR,Sul,73.47,0.021342938850564253,acompanhar
3131000,MG,Sudeste,77.62,0.02131724379122928,acompanhar
4206405,SC,Sul,83.69,0.021314522195736856,acompanhar
3141603,MG,Sudeste,84.85,0.02131097684633401,acompanhar
3145406,MG,Sudeste,89.13,0.021254350516791122,acompanhar
4103206,PR,Sul,72.9,0.021215182690766138,acompanhar
3104601,MG,Sudeste,88.29,0.02110703035695466,acompanhar
3122405,MG,Sudeste,67.64,0.02107670664132637,acompanhar
2605152,PE,Nordeste,83.37,0.020941522660398667,acompanhar
2615706,PE,Nordeste,80.64,0.02090940492091798,acompanhar
3170057,MG,Sudeste,70.42,0.020839664298997942,acompanhar
4116109,PR,Sul,78.01,0.020831072600298,acompanhar
4106100,PR,Sul,69.16,0.02077747305718389,acompanhar
4215554,SC,Sul,66.67,0.0207472688813547,acompanhar
4124905,PR,Sul,93.06,0.020730631234113225,acompanhar
4109906,PR,Sul,51.76,0.020729878420743097,acompanhar
4126207,PR,Sul,83.01,0.020714823259642957,acompanhar
3129707,MG,Sudeste,73.86,0.02067276494915182,acompanhar
3112109,MG,Sudeste,67.92,0.02064612156422079,acompanhar
3162708,MG,Sudeste,87.33,0.020613256684317512,acompanhar
3140407,MG,Sudeste,84.57,0.020602769288894048,acompanhar
4215695,SC,Sul,81.82,0.020565261453912673,acompanhar
3146909,MG,Sudeste,88.48,0.020509868653586373,acompanhar
4115754,PR,Sul,80.48,0.020505076742993594,acompanhar
4117453,PR,Sul,90.05,0.020499113769950665,acompanhar
3100302,MG,Sudeste,86.67,0.020493114129825487,acompanhar
3163102,MG,Sudeste,82.68,0.020468163521664272,acompanhar
3162906,MG,Sudeste,69.83,0.02038980771203654,acompanhar
3107505,MG,Sudeste,60.13,0.020335930248233398,acompanhar
5219753,GO,Centro-Oeste,53.64,0.020122394239283133,acompanhar
4123808,PR,Sul,82.63,0.020094831714971045,acompanhar
3157906,MG,Sudeste,60.93,0.020084418966269748,acompanhar
3147402,MG,Sudeste,71.27,0.02005946847673356,acompanhar
3113107,MG,Sudeste,83.33,0.02002918300852693,acompanhar
4116307,PR,Sul,80.0,0.020022419088048075,acompanhar
4127403,PR,Sul,76.19,0.01998810474461082,acompanhar
4118451,PR,Sul,90.41,0.019976880869009984,acompanhar
3142809,MG,Sudeste,56.72,0.019972563639631014,acompanhar
3172202,MG,Sudeste,70.34,0.019919458440615708,acompanhar
3121001,MG,Sudeste,90.32,0.01990323120235151,acompanhar
4122172,PR,Sul,73.84,0.019816761705526136,acompanhar
4119707,PR,Sul,80.42,0.01980736870920154,acompanhar
3101102,MG,Sudeste,57.63,0.01980734374174632,acompanhar
4119608,PR,Sul,73.42,0.01978451266093337,acompanhar
3125507,MG,Sudeste,83.33,0.019733308654045507,acompanhar
3121506,MG,Sudeste,96.43,0.019711917496526756,acompanhar
3124906,MG,Sudeste,68.59,0.019690654011836846,acompanhar
4124202,PR,Sul,88.04,0.019594066486017837,acompanhar
3504701,SP,Sudeste,100.0,0.019543554116728215,acompanhar
4101606,PR,Sul,67.63,0.019449366464792898,acompanhar
4126652,PR,Sul,74.93,0.019443507142529893,acompanhar
3110707,MG,Sudeste,85.08,0.019397755077622533,acompanhar
3165552,MG,Sudeste,60.0,0.019395000334101332,acompanhar
2605004,PE,Nordeste,88.96,0.019384742669156796,acompanhar
3102902,MG,Sudeste,71.37,0.019382275609420248,acompanhar
3169604,MG,Sudeste,58.34,0.019349510811533337,acompanhar
4105904,PR,Sul,78.22,0.019286883869268117,acompanhar
4125605,PR,Sul,70.57,0.01926880397106134,acompanhar
4108957,PR,Sul,71.55,0.019260759392419814,acompanhar
3120201,MG,Sudeste,86.07,0.019259319594002903,acompanhar
4216701,SC,Sul,82.26,0.019227343394737924,acompanhar
3149705,MG,Sudeste,80.71,0.019204798528523886,acompanhar
4103370,PR,Sul,77.7,0.019181539315545316,acompanhar
2109007,MA,Nordeste,74.09,0.01917646469211401,acompanhar
3141900,MG,Sudeste,76.32,0.019175690331581598,acompanhar
3166956,MG,Sudeste,95.99,0.019166032182389586,acompanhar
3154705,MG,Sudeste,80.2,0.019139130901807636,acompanhar
4120309,PR,Sul,75.0,0.01913388289798978,acompanhar
3141207,MG,Sudeste,91.94,0.019103802875727292,acompanhar
3116308,MG,Sudeste,92.31,0.019063061706746032,acompanhar
3169356,MG,Sudeste,83.86,0.01906292936148217,acompanhar
3124005,MG,Sudeste,85.0,0.018986850909834884,acompanhar
1100031,RO,Norte,75.88,0.018924664967478518,acompanhar
4107520,PR,Sul,71.04,0.018923355190609965,acompanhar
4119251,PR,Sul,97.14,0.018920335517753656,acompanhar
3156908,MG,Sudeste,79.62,0.018904470822736073,acompanhar
4123600,PR,Sul,100.0,0.018901294847932907,acompanhar
4207759,SC,Sul,70.07,0.018876967220568225,acompanhar
3127107,MG,Sudeste,73.59,0.018868043633549342,acompanhar
5220686,GO,Centro-Oeste,77.79,0.018838968181832196,acompanhar
4120150,PR,Sul,86.29,0.018809926688290065,acompanhar
3141504,MG,Sudeste,60.0,0.018801558479139883,acompanhar
4118709,PR,Sul,84.51,0.018705810147008395,acompanhar
4128708,PR,Sul,70.19,0.018704169668885638,acompanhar
3126406,MG,Sudeste,90.83,0.018694657311020303,acompanhar
3152105,MG,Sudeste,81.27,0.018670682233943466,acompanhar
3152501,MG,Sudeste,70.53,0.01864835257636299,acompanhar
4107751,PR,Sul,77.82,0.018593285467297986,acompanhar
3147204,MG,Sudeste,69.21,0.018553902003242875,acompanhar
3169000,MG,Sudeste,71.46,0.018538520621658904,acompanhar
4119152,PR,Sul,57.37,0.01851360591300104,acompanhar
4110508,PR,Sul,82.28,0.018465775167500375,acompanhar
3168705,MG,Sudeste,70.28,0.018418970732407666,acompanhar
4113452,PR,Sul,72.9,0.01841785077882897,acompanhar
4117701,PR,Sul,65.93,0.018392763937245087,acompanhar
4125704,PR,Sul,77.84,0.018370709694738984,acompanhar
4101705,PR,Sul,77.54,0.018338660182026678,acompanhar
3128402,MG,Sudeste,77.84,0.018208027830163905,acompanhar
3169802,MG,Sudeste,67.31,0.01819269155210645,acompanhar
3169406,MG,Sudeste,81.66,0.018169126553766825,acompanhar
3141306,MG,Sudeste,78.57,0.018111596144382916,acompanhar
3115805,MG,Sudeste,89.95,0.018065616891567954,acompanhar
3150901,MG,Sudeste,78.97,0.01798130014981846,acompanhar
4126306,PR,Sul,81.96,0.017964785279378923,acompanhar
3137601,MG,Sudeste,72.24,0.017938124237139298,acompanhar
3131307,MG,Sudeste,70.92,0.017920608233063646,acompanhar
3132800,MG,Sudeste,83.33,0.01785724506901947,acompanhar
3111903,MG,Sudeste,93.33,0.017843997754460574,acompanhar
3102050,MG,Sudeste,87.17,0.017794852142207166,acompanhar
3144201,MG,Sudeste,62.86,0.017777463796020992,acompanhar
4212601,SC,Sul,87.5,0.01774811807103684,acompanhar
3106804,MG,Sudeste,100.0,0.01773367594074258,acompanhar
3112059,MG,Sudeste,65.99,0.017712707259816433,acompanhar
4126603,PR,Sul,82.88,0.01766673026113899,acompanhar
4115507,PR,Sul,75.85,0.017638180528396698,acompanhar
4104055,PR,Sul,78.31,0.01761792021585681,acompanhar
3124203,MG,Sudeste,61.52,0.017572351165673752,acompanhar
3105608,MG,Sudeste,81.97,0.0175531810626832,acompanhar
2601805,PE,Nordeste,76.97,0.01754495157907793,acompanhar
3138203,MG,Sudeste,67.11,0.017491387190956175,acompanhar
3200706,ES,Sudeste,77.52,0.017476761965534313,acompanhar
3105400,MG,Sudeste,62.71,0.01745720312398307,acompanhar
4104659,PR,Sul,69.2,0.017449275496335345,acompanhar
4111506,PR,Sul,72.39,0.017444631028094387,acompanhar
3114600,MG,Sudeste,89.76,0.017428040032233857,acompanhar
3105202,MG,Sudeste,77.5,0.017417171448175343,acompanhar
4118600,PR,Sul,74.56,0.01741387804062759,acompanhar
3129301,MG,Sudeste,67.68,0.017409299319003018,acompanhar
3169208,MG,Sudeste,80.55,0.0174090271897986,acompanhar
5208301,GO,Centro-Oeste,80.42,0.017398743722271393,acompanhar
3148202,MG,Sudeste,80.53,0.017371038843228992,acompanhar
4104204,PR,Sul,69.19,0.017364736409000183,acompanhar
4118006,PR,Sul,67.76,0.01735348387049818,acompanhar
3147501,MG,Sudeste,90.91,0.017315861905862442,acompanhar
3102100,MG,Sudeste,85.26,0.017310512163747408,acompanhar
4112603,PR,Sul,92.31,0.017242862770852276,acompanhar
1100296,RO,Norte,83.36,0.017209204658564476,acompanhar
4128104,PR,Sul,63.1,0.017188722149002536,acompanhar
3138005,MG,Sudeste,82.11,0.01716136834333711,acompanhar
4111308,PR,Sul,40.32,0.017080093668299216,acompanhar
4127858,PR,Sul,75.42,0.01704716462447667,acompanhar
3128808,MG,Sudeste,58.58,0.017020348619714423,acompanhar
4116901,PR,Sul,74.65,0.017007726099025074,acompanhar
3169109,MG,Sudeste,89.2,0.017004703780088257,acompanhar
3108552,MG,Sudeste,76.71,0.016986441106698242,acompanhar
3130804,MG,Sudeste,87.27,0.016982102286004924,acompanhar
3105004,MG,Sudeste,89.89,0.01694102418218281,acompanhar
3150539,MG,Sudeste,81.43,0.01693779770138041,acompanhar
4114401,PR,Sul,66.1,0.016915865167745486,acompanhar
4110003,PR,Sul,58.96,0.016815637176145298,acompanhar
3152600,MG,Sudeste,79.55,0.0168152654841041,acompanhar
4122156,PR,Sul,80.25,0.01678812580084138,acompanhar
3102506,MG,Sudeste,73.86,0.01678279250350915,acompanhar
3101607,MG,Sudeste,76.61,0.016739260856590544,acompanhar
3165909,MG,Sudeste,90.34,0.016722152065456436,acompanhar
5217609,GO,Centro-Oeste,75.11,0.016681222054547477,acompanhar
3160108,MG,Sudeste,94.3,0.016657201367891807,acompanhar
2601300,PE,Nordeste,86.54,0.016645645736853294,acompanhar
3514924,SP,Sudeste,85.34,0.016605828897206666,acompanhar
4119905,PR,Sul,75.9,0.016601109516544865,acompanhar
3107109,MG,Sudeste,74.5,0.01655651480229357,acompanhar
3158300,MG,Sudeste,87.45,0.016539783117180438,acompanhar
4121109,PR,Sul,74.15,0.01653642461947004,acompanhar
3133709,MG,Sudeste,80.42,0.016497469768042217,acompanhar
3113206,MG,Sudeste,80.43,0.016451955176734968,acompanhar
3109600,MG,Sudeste,80.0,0.016420582981058418,acompanhar
4104808,PR,Sul,74.34,0.01639985605458664,acompanhar
4110052,PR,Sul,43.48,0.0163923630549606,acompanhar
4126801,PR,Sul,61.07,0.0163844217389993,acompanhar
3129905,MG,Sudeste,78.04,0.016342789808034986,acompanhar
4127106,PR,Sul,61.71,0.01633597025127843,acompanhar
3150307,MG,Sudeste,63.16,0.016315342406822055,acompanhar
3110103,MG,Sudeste,76.5,0.016305595996348062,acompanhar
4125407,PR,Sul,76.15,0.016293530931666588,acompanhar
3107208,MG,Sudeste,73.33,0.01629275216812196,acompanhar
4128203,PR,Sul,73.17,0.016268401345235387,acompanhar
3129400,MG,Sudeste,87.87,0.01623922135424225,acompanhar
3136801,MG,Sudeste,55.56,0.016228920908760002,acompanhar
4115309,PR,Sul,66.98,0.01618063565810601,acompanhar
3115102,MG,Sudeste,76.99,0.016173685458609983,acompanhar
3145505,MG,Sudeste,94.29,0.01604045677110445,acompanhar
4117057,PR,Sul,68.33,0.01603443777862138,acompanhar
3133501,MG,Sudeste,84.46,0.01599493960840585,acompanhar
4114906,PR,Sul,84.99,0.015974654784665122,acompanhar
5215231,GO,Centro-Oeste,57.35,0.01591787895816213,acompanhar
3128907,MG,Sudeste,85.1,0.015863896063390816,acompanhar
3121902,MG,Sudeste,75.0,0.015856624464817063,acompanhar
3114204,MG,Sudeste,72.37,0.01584096274403322,acompanhar
4105409,PR,Sul,70.85,0.015817510144173524,acompanhar
3100807,MG,Sudeste,88.68,0.015809361744122608,acompanhar
4112009,PR,Sul,79.14,0.015792827001023458,acompanhar
4109807,PR,Sul,64.9,0.01578733863933729,acompanhar
3101904,MG,Sudeste,78.56,0.01577663412364918,acompanhar
4122404,PR,Sul,71.84,0.01577647355236781,acompanhar
3522703,SP,Sudeste,77.38,0.015726469083873786,acompanhar
4120002,PR,Sul,87.25,0.015657335145370852,acompanhar
3134905,MG,Sudeste,79.14,0.01565616065683053,acompanhar
3130408,MG,Sudeste,82.9,0.015625022589863223,acompanhar
3112208,MG,Sudeste,77.37,0.01559578590645846,acompanhar
3102803,MG,Sudeste,67.03,0.015548011790605385,acompanhar
3117900,MG,Sudeste,83.44,0.015544291773268586,acompanhar
3140100,MG,Sudeste,56.14,0.015540116934361163,acompanhar
4114807,PR,Sul,73.09,0.015538690778528185,acompanhar
4110953,PR,Sul,84.64,0.015535801995529935,acompanhar
4100509,PR,Sul,78.17,0.015527244126544224,acompanhar
4117909,PR,Sul,74.33,0.015523098210069808,acompanhar
4103040,PR,Sul,60.49,0.015483589245216473,acompanhar
4117271,PR,Sul,84.88,0.015442454038451755,acompanhar
3118700,MG,Sudeste,82.47,0.015412455721077105,acompanhar
3125903,MG,Sudeste,70.78,0.015406946952574413,acompanhar
5209408,GO,Centro-Oeste,64.58,0.015403773483304663,acompanhar
4119202,PR,Sul,76.88,0.015371694197435615,acompanhar
3151800,MG,Sudeste,79.39,0.015265739762903772,acompanhar
3104007,MG,Sudeste,75.35,0.015254896669712971,acompanhar
4103479,PR,Sul,64.76,0.01524686142266191,acompanhar
4103701,PR,Sul,76.35,0.015229189743567592,acompanhar
4125456,PR,Sul,74.36,0.015210128137266635,acompanhar
3170701,MG,Sudeste,71.53,0.01519787106845901,acompanhar
3124708,MG,Sudeste,100.0,0.01512768186555404,acompanhar
3109006,MG,Sudeste,87.73,0.015109408812467404,acompanhar
3123908,MG,Sudeste,91.72,0.014989150621019872,acompanhar
3155801,MG,Sudeste,78.55,0.014971229697777609,acompanhar
5205307,GO,Centro-Oeste,84.5,0.014970469915156373,acompanhar
3167301,MG,Sudeste,86.36,0.014910299202257796,acompanhar
3170651,MG,Sudeste,89.89,0.014909223395674524,acompanhar
2602506,PE,Nordeste,79.05,0.014860101434527382,acompanhar
3164308,MG,Sudeste,77.02,0.01482133181754093,acompanhar
3122306,MG,Sudeste,73.79,0.014810970145332352,acompanhar
3123304,MG,Sudeste,95.99,0.01481001095006613,acompanhar
3133105,MG,Sudeste,84.24,0.014773051506448356,acompanhar
3545159,SP,Sudeste,64.45,0.014738478485724401,acompanhar
3121704,MG,Sudeste,76.25,0.014701892275312071,acompanhar
4123006,PR,Sul,76.46,0.014701680552859874,acompanhar
5221080,GO,Centro-Oeste,62.3,0.014690570931083533,acompanhar
3139102,MG,Sudeste,71.05,0.014659450368289398,acompanhar
4209854,SC,Sul,84.61,0.01463251455361973,acompanhar
3111804,MG,Sudeste,76.49,0.014513153646242975,acompanhar
3113602,MG,Sudeste,74.18,0.014511560511589675,acompanhar
3151503,MG,Sudeste,73.46,0.014507405497471553,acompanhar
4105508,PR,Sul,74.95,0.01450489168700006,acompanhar
3161205,MG,Sudeste,90.73,0.01443754048504006,acompanhar
3120508,MG,Sudeste,81.73,0.014429350395825546,acompanhar
3121209,MG,Sudeste,68.3,0.01442670241503629,acompanhar
3118502,MG,Sudeste,38.89,0.014423958452908222,acompanhar
3158805,MG,Sudeste,86.67,0.014416962616954286,acompanhar
4103354,PR,Sul,85.11,0.014368149683514884,acompanhar
3102605,MG,Sudeste,75.04,0.014364281891173803,acompanhar
3119005,MG,Sudeste,73.53,0.014356322537875612,acompanhar
4107108,PR,Sul,78.26,0.014331103636897791,acompanhar
4104402,PR,Sul,85.54,0.014295419233370453,acompanhar
3158904,MG,Sudeste,77.24,0.014293802894554007,acompanhar
3134202,MG,Sudeste,66.72,0.014282752732348612,acompanhar
3132404,MG,Sudeste,79.1,0.01427787946120008,acompanhar
3163706,MG,Sudeste,85.37,0.01426851150539445,acompanhar
3101300,MG,Sudeste,89.66,0.014211536820172493,acompanhar
2203420,PI,Nordeste,82.22,0.014164135591000361,acompanhar
3143906,MG,Sudeste,73.13,0.014163906023641626,acompanhar
3501103,SP,Sudeste,71.82,0.014119971675910146,acompanhar
4125753,PR,Sul,80.66,0.014114019359972776,acompanhar
3163805,MG,Sudeste,78.02,0.014083037218616675,acompanhar
3124401,MG,Sudeste,66.53,0.014082964778988816,acompanhar
3148004,MG,Sudeste,76.9,0.014053279834800514,acompanhar
4119004,PR,Sul,88.78,0.01404842832737906,acompanhar
2603900,PE,Nordeste,92.5,0.014025954247136704,acompanhar
3133907,MG,Sudeste,76.97,0.013983666525839883,acompanhar
3165404,MG,Sudeste,75.07,0.01392391654425129,acompanhar
3154200,MG,Sudeste,82.11,0.013917772031138732,acompanhar
5222203,GO,Centro-Oeste,78.69,0.013873472348939514,acompanhar
4124004,PR,Sul,54.43,0.013843636642747067,acompanhar
3164704,MG,Sudeste,81.09,0.013806984975488336,acompanhar
3160900,MG,Sudeste,81.31,0.013788548380517959,acompanhar
4121604,PR,Sul,82.55,0.013771245757460783,acompanhar
4109104,PR,Sul,66.67,0.013730675410272203,acompanhar
4117008,PR,Sul,79.65,0.013713878541155494,acompanhar
4106506,PR,Sul,74.6,0.01368646005231351,acompanhar
3103504,MG,Sudeste,64.76,0.013679498982471023,acompanhar
3164431,MG,Sudeste,93.1,0.013645408056529416,acompanhar
3114907,MG,Sudeste,94.12,0.013632641405811831,acompanhar
3153400,MG,Sudeste,78.27,0.013605766850124207,acompanhar
4120804,PR,Sul,67.24,0.013578367742992039,acompanhar
5213509,GO,Centro-Oeste,81.87,0.013574560211797116,acompanhar
5215603,GO,Centro-Oeste,69.56,0.013567468008316777,acompanhar
3168051,MG,Sudeste,80.0,0.013524711697509783,acompanhar
4119657,PR,Sul,83.19,0.013524586653925893,acompanhar
4127700,PR,Sul,81.69,0.013516384991146014,acompanhar
4109658,PR,Sul,73.2,0.01351631647936322,acompanhar
3119203,MG,Sudeste,73.42,0.01345263615910738,acompanhar
3129509,MG,Sudeste,78.1,0.013432555630967877,acompanhar
4127007,PR,Sul,88.2,0.013412151807410495,acompanhar
4115408,PR,Sul,85.08,0.013403711906079866,acompanhar
3101201,MG,Sudeste,85.71,0.01340032582462085,acompanhar
4103453,PR,Sul,78.14,0.013354167022422422,acompanhar
3171709,MG,Sudeste,74.66,0.01332594328390876,acompanhar
3151305,MG,Sudeste,87.11,0.013325148772369661,acompanhar
3156452,MG,Sudeste,78.18,0.013283391597498946,acompanhar
4115002,PR,Sul,75.36,0.01328251956909405,acompanhar
3167806,MG,Sudeste,88.35,0.013268607745986687,acompanhar
4106852,PR,Sul,94.52,0.013181773383221617,acompanhar
3161403,MG,Sudeste,78.59,0.013123701547652864,acompanhar
3114808,MG,Sudeste,72.5,0.013093020531749777,acompanhar
4107504,PR,Sul,82.06,0.013074623791709317,acompanhar
4104501,PR,Sul,79.5,0.01307333694865708,acompanhar
3157708,MG,Sudeste,58.13,0.013071871613878641,acompanhar
3118908,MG,Sudeste,79.85,0.013057422242726886,acompanhar
3140704,MG,Sudeste,75.26,0.013027506578097793,acompanhar
3130002,MG,Sudeste,83.33,0.013013867101180835,acompanhar
3165206,MG,Sudeste,88.25,0.012981708930398572,acompanhar
3152709,MG,Sudeste,93.22,0.01290439711006053,acompanhar
3139003,MG,Sudeste,87.02,0.012892255103292241,acompanhar
4128302,PR,Sul,73.33,0.01288517456085326,acompanhar
3110004,MG,Sudeste,70.95,0.012876896280071565,acompanhar
4102703,PR,Sul,72.41,0.012861901095284303,acompanhar
3130903,MG,Sudeste,84.81,0.012797384886644406,acompanhar
4125001,PR,Sul,73.17,0.012790219070089263,acompanhar
4103800,PR,Sul,83.63,0.012756082184832766,acompanhar
4105102,PR,Sul,74.15,0.01274905922453235,acompanhar
4104600,PR,Sul,78.04,0.012700598615776874,acompanhar
4126900,PR,Sul,77.42,0.012694122309518172,acompanhar
4112405,PR,Sul,80.87,0.012691705959186566,acompanhar
4207858,SC,Sul,87.82,0.012690677307886108,acompanhar
3118007,MG,Sudeste,74.01,0.012646770282292741,acompanhar
5205497,GO,Centro-Oeste,61.82,0.012584468603372076,acompanhar
3166907,MG,Sudeste,80.88,0.012534005973520434,acompanhar
5202601,GO,Centro-Oeste,93.75,0.01251674261233651,acompanhar
3144805,MG,Sudeste,79.6,0.012472743135895043,acompanhar
4127304,PR,Sul,81.46,0.012470933652622859,acompanhar
4113007,PR,Sul,66.03,0.012455448326559435,acompanhar
3205010,ES,Sudeste,70.81,0.012446663893690455,acompanhar
3144102,MG,Sudeste,75.51,0.012377739448196822,acompanhar
4119103,PR,Sul,83.34,0.012351071762835559,acompanhar
4101150,PR,Sul,86.15,0.012280741864475376,acompanhar
3137809,MG,Sudeste,74.76,0.01220688991083862,acompanhar
3151404,MG,Sudeste,85.71,0.012193360122726881,acompanhar
3168804,MG,Sudeste,68.34,0.012161318350959195,acompanhar
1100064,RO,Norte,71.69,0.01210926153030563,acompanhar
4111555,PR,Sul,77.24,0.012041086517428246,acompanhar
4110656,PR,Sul,85.71,0.012017246163310156,acompanhar
4109203,PR,Sul,72.67,0.011996953545891061,acompanhar
3167004,MG,Sudeste,82.14,0.011987350235426589,acompanhar
4124608,PR,Sul,73.36,0.011975487492710091,acompanhar
3105301,MG,Sudeste,94.51,0.01193238101653835,acompanhar
3169901,MG,Sudeste,79.09,0.011926754535556666,acompanhar
3136108,MG,Sudeste,85.58,0.011915038383925314,acompanhar
3135902,MG,Sudeste,81.14,0.011893413744893144,acompanhar
5221577,GO,Centro-Oeste,66.67,0.011855623407581383,acompanhar
2709152,AL,Nordeste,57.59,0.01184301446548695,acompanhar
5204904,GO,Centro-Oeste,75.75,0.01180048727534288,acompanhar
3122900,MG,Sudeste,95.71,0.011761614722655578,acompanhar
4113205,PR,Sul,74.83,0.011730384430320994,acompanhar
3140209,MG,Sudeste,59.26,0.011717504820507143,acompanhar
3140308,MG,Sudeste,70.98,0.011683466080310035,acompanhar
3134806,MG,Sudeste,85.13,0.011669809915118078,acompanhar
4111407,PR,Sul,82.65,0.0116040742228644,acompanhar
3157203,MG,Sudeste,66.55,0.011559489282634127,acompanhar
3105905,MG,Sudeste,83.24,0.011556787743186515,acompanhar
3101409,MG,Sudeste,92.62,0.011536001338299413,acompanhar
4124301,PR,Sul,81.17,0.011512823453399096,acompanhar
4128609,PR,Sul,67.29,0.011507534684576338,acompanhar
3135407,MG,Sudeste,88.66,0.011439170954175083,acompanhar
4114500,PR,Sul,71.98,0.011374861762331892,acompanhar
4123303,PR,Sul,59.1,0.011343684640432564,acompanhar
4126009,PR,Sul,87.77,0.011331008493920885,acompanhar
3120706,MG,Sudeste,80.92,0.011294804192090778,acompanhar
4111605,PR,Sul,86.72,0.011268256069275888,acompanhar
4115358,PR,Sul,76.69,0.011256062490202438,acompanhar
5201405,GO,Centro-Oeste,69.22,0.01122967055437277,acompanhar
3128709,MG,Sudeste,66.93,0.011204819628606677,acompanhar
3125101,MG,Sudeste,69.33,0.011197778383043883,acompanhar
3103108,MG,Sudeste,86.67,0.011172364504395259,acompanhar
3131901,MG,Sudeste,80.44,0.011165984184889396,acompanhar
4103503,PR,Sul,69.28,0.011130087463964558,acompanhar
4114609,PR,Sul,76.44,0.01109807457785505,acompanhar
3161809,MG,Sudeste,78.82,0.011073745195931598,acompanhar
3149903,MG,Sudeste,79.12,0.011064409888047922,acompanhar
5220009,GO,Centro-Oeste,89.53,0.011033686632188422,acompanhar
4113502,PR,Sul,73.8,0.011010589906762167,acompanhar
3144409,MG,Sudeste,86.3,0.010995690171957636,acompanhar
4112108,PR,Sul,68.64,0.01098078121186105,acompanhar
4108403,PR,Sul,76.41,0.01095407218871515,acompanhar
4113700,PR,Sul,72.99,0.01094851749558807,acompanhar
3137536,MG,Sudeste,76.48,0.01093512561561795,acompanhar
5208004,GO,Centro-Oeste,64.02,0.01092069711883597,acompanhar
3153905,MG,Sudeste,69.66,0.01087993490575194,acompanhar
4112959,PR,Sul,63.48,0.010846523806083691,acompanhar
4120200,PR,Sul,71.94,0.010837981234310672,acompanhar
2607109,PE,Nordeste,89.89,0.010825577279618746,acompanhar
3107901,MG,Sudeste,68.27,0.010767149852979621,acompanhar
4103024,PR,Sul,93.1,0.010701551023387497,acompanhar
3130200,MG,Sudeste,79.48,0.010694074263580164,acompanhar
3551306,SP,Sudeste,75.86,0.01068826414670359,acompanhar
3133204,MG,Sudeste,85.64,0.010686212162913123,acompanhar
4116950,PR,Sul,88.59,0.01066564754654271,acompanhar
3121308,MG,Sudeste,73.05,0.010580287873853792,acompanhar
4123402,PR,Sul,64.71,0.010575572924738165,acompanhar
3127404,MG,Sudeste,77.02,0.010516402405909507,acompanhar
3136603,MG,Sudeste,92.79,0.010444087762255732,acompanhar
5221551,GO,Centro-Oeste,86.88,0.010391855245141338,acompanhar
3165800,MG,Sudeste,70.0,0.010382113597317399,acompanhar
5200258,GO,Centro-Oeste,53.9,0.010377697970612033,acompanhar
4107538,PR,Sul,96.25,0.010372016004141518,acompanhar
4101309,PR,Sul,88.26,0.01035996045686309,acompanhar
3123205,MG,Sudeste,85.44,0.010343842060748372,acompanhar
5220454,GO,Centro-Oeste,60.34,0.010300025986743289,acompanhar
5208509,GO,Centro-Oeste,72.17,0.010260875951061786,acompanhar
5208152,GO,Centro-Oeste,79.76,0.010255736668285659,acompanhar
3145901,MG,Sudeste,81.33,0.010243640927225527,acompanhar
4123709,PR,Sul,75.13,0.01021521950021019,acompanhar
4101853,PR,Sul,69.82,0.01020604663512554,acompanhar
4113908,PR,Sul,87.79,0.010201730359367358,acompanhar
3145000,MG,Sudeste,78.86,0.010187603282379895,acompanhar
4103305,PR,Sul,75.03,0.010187333761108669,acompanhar
3101631,MG,Sudeste,78.08,0.010183490505889226,acompanhar
3112604,MG,Sudeste,73.04,0.010089249508559765,acompanhar
4102109,PR,Sul,75.21,0.010078044976240931,acompanhar
3114709,MG,Sudeste,100.0,0.010064661569315916,acompanhar
3144706,MG,Sudeste,72.22,0.010027411781014397,acompanhar
3201308,ES,Sudeste,64.57,0.0100194198080659,acompanhar
4121802,PR,Sul,85.68,0.009962112740920792,acompanhar
4108304,PR,Sul,72.01,0.009956125583898245,acompanhar
4103156,PR,Sul,93.48,0.00994809098144491,acompanhar
4108205,PR,Sul,85.18,0.009944721341052423,acompanhar
3132206,MG,Sudeste,90.91,0.009941169187883186,acompanhar
3127602,MG,Sudeste,91.11,0.009907158197724029,acompanhar
4121208,PR,Sul,75.8,0.009898401889845886,acompanhar
3119807,MG,Sudeste,75.27,0.009878672583554264,acompanhar
3111200,MG,Sudeste,85.57,0.009866437603369468,acompanhar
4127957,PR,Sul,79.06,0.009850796308676973,acompanhar
3157401,MG,Sudeste,78.33,0.009745969037079975,acompanhar
3115003,MG,Sudeste,85.84,0.009560612237985528,acompanhar
3165537,MG,Sudeste,82.39,0.009528627218575452,acompanhar
4113429,PR,Sul,83.47,0.009513357949253218,acompanhar
3106408,MG,Sudeste,97.32,0.009507100792485668,acompanhar
4106571,PR,Sul,86.52,0.009401841060155647,acompanhar
3117801,MG,Sudeste,77.03,0.009387977407802658,acompanhar
4112801,PR,Sul,85.12,0.009387707879396837,acompanhar
4110706,PR,Sul,88.31,0.00936994625942245,acompanhar
4126108,PR,Sul,69.88,0.009362249513767549,acompanhar
3204906,ES,Sudeste,69.53,0.009339027221628575,acompanhar
3110400,MG,Sudeste,86.64,0.00933206629629417,acompanhar
3127503,MG,Sudeste,82.31,0.009284318585963767,acompanhar
5209903,GO,Centro-Oeste,65.45,0.009273299948989193,acompanhar
5204656,GO,Centro-Oeste,81.73,0.009234809529594332,acompanhar
3108107,MG,Sudeste,85.95,0.00920677415220054,acompanhar
4117222,PR,Sul,72.16,0.009162694374301538,acompanhar
2305407,CE,Nordeste,75.41,0.00914274697800887,acompanhar
4116703,PR,Sul,74.99,0.009134705849882095,acompanhar
5203401,GO,Centro-Oeste,73.26,0.009133514404502732,acompanhar
4101507,PR,Sul,70.97,0.009130409520900024,acompanhar
3104304,MG,Sudeste,88.09,0.009123480992694114,acompanhar
4101002,PR,Sul,70.06,0.009117937159598797,acompanhar
3110301,MG,Sudeste,72.95,0.00911736025155749,acompanhar
3160504,MG,Sudeste,91.67,0.009093985728806698,acompanhar
3165305,MG,Sudeste,81.64,0.009016935772716351,acompanhar
3205002,ES,Sudeste,57.12,0.008997924744938273,acompanhar
2609105,PE,Nordeste,96.75,0.008982983221290455,acompanhar
4104907,PR,Sul,74.56,0.008968821768064347,acompanhar
5213772,GO,Centro-Oeste,65.74,0.008959955738605963,acompanhar
3111309,MG,Sudeste,76.54,0.008959729135293953,acompanhar
3203056,ES,Sudeste,80.31,0.008958314254249517,acompanhar
3116605,MG,Sudeste,82.99,0.008920904486950675,acompanhar
4110300,PR,Sul,69.71,0.008919088648354449,acompanhar
3147907,MG,Sudeste,86.17,0.008909990734883614,acompanhar
3121100,MG,Sudeste,93.02,0.008828753972841684,acompanhar
4125209,PR,Sul,84.59,0.008821354248030345,acompanhar
5221197,GO,Centro-Oeste,71.39,0.008807528621100387,acompanhar
3166808,MG,Sudeste,72.87,0.008797457902262312,acompanhar
3119708,MG,Sudeste,92.31,0.008779876360448342,acompanhar
3126307,MG,Sudeste,62.75,0.008757817588593128,acompanhar
3150505,MG,Sudeste,94.39,0.008743602798508726,acompanhar
4109005,PR,Sul,75.09,0.008742568089319913,acompanhar
5218003,GO,Centro-Oeste,49.92,0.00873506049996703,acompanhar
3202553,ES,Sudeste,79.56,0.008728573025430644,acompanhar
3200508,ES,Sudeste,62.88,0.00871114994842318,acompanhar
3128105,MG,Sudeste,80.4,0.00868805028878723,acompanhar
3121407,MG,Sudeste,79.93,0.008665954464282647,acompanhar
3133006,MG,Sudeste,81.86,0.008598407171576545,acompanhar
2312106,CE,Nordeste,96.45,0.008490334124298888,acompanhar
3201100,ES,Sudeste,67.33,0.008486714852904136,acompanhar
4207650,SC,Sul,92.28,0.008404794049592353,acompanhar
4111209,PR,Sul,75.37,0.008384007610870922,acompanhar
4104709,PR,Sul,66.18,0.008375378445206303,acompanhar
2605103,PE,Nordeste,84.57,0.008362784377458172,acompanhar
3114006,MG,Sudeste,68.1,0.00834915049752781,acompanhar
3109709,MG,Sudeste,81.11,0.008338280303852396,acompanhar
3165701,MG,Sudeste,91.79,0.008324086528686213,acompanhar
3110608,MG,Sudeste,81.94,0.008324041085335061,acompanhar
4120853,PR,Sul,89.52,0.008313270518378216,acompanhar
3151701,MG,Sudeste,70.92,0.008291829090579215,acompanhar
5204557,GO,Centro-Oeste,60.87,0.008289247034450968,acompanhar
3204302,ES,Sudeste,69.85,0.008241156944934642,acompanhar
3126109,MG,Sudeste,86.89,0.008223568615632329,acompanhar
5206701,GO,Centro-Oeste,83.93,0.008186855861013965,acompanhar
4117297,PR,Sul,97.3,0.008181382665495363,acompanhar
4115200,PR,Sul,78.37,0.008176586394044245,acompanhar
3139904,MG,Sudeste,78.16,0.00812163476009173,acompanhar
3204500,ES,Sudeste,74.54,0.008111272797361586,acompanhar
4124053,PR,Sul,79.46,0.008056819949408926,acompanhar
3123106,MG,Sudeste,72.49,0.008052347522910808,acompanhar
5207352,GO,Centro-Oeste,90.91,0.008035677137572089,acompanhar
3162575,MG,Sudeste,71.7,0.00801170588202467,acompanhar
3108404,MG,Sudeste,87.53,0.007927550685797584,acompanhar
3201803,ES,Sudeste,82.15,0.007878960945702554,acompanhar
3133758,MG,Sudeste,89.46,0.007871103724349885,acompanhar
3161502,MG,Sudeste,92.77,0.007864349160242218,acompanhar
3171006,MG,Sudeste,71.85,0.007819955874919671,acompanhar
4123824,PR,Sul,85.71,0.007818787751134988,acompanhar
5200829,GO,Centro-Oeste,89.83,0.007818105152944435,acompanhar
3130606,MG,Sudeste,86.18,0.007790730024392108,acompanhar
5200159,GO,Centro-Oeste,81.99,0.007781520761384959,acompanhar
4117107,PR,Sul,74.05,0.007777401295593735,acompanhar
2304400,CE,Nordeste,74.81,0.00776777847932017,acompanhar
3142601,MG,Sudeste,78.89,0.007679719836762171,acompanhar
3137106,MG,Sudeste,56.25,0.007679274860411024,acompanhar
3162302,MG,Sudeste,72.0,0.007587157364724537,acompanhar
3168101,MG,Sudeste,79.68,0.007556105596249263,acompanhar
3136900,MG,Sudeste,82.69,0.007539648628964738,acompanhar
5200175,GO,Centro-Oeste,87.44,0.00753437895835026,acompanhar
4116059,PR,Sul,83.28,0.007507693539296488,acompanhar
3147303,MG,Sudeste,81.68,0.007476970963069105,acompanhar
4115804,PR,Sul,79.1,0.007464981897306145,acompanhar
3149804,MG,Sudeste,83.41,0.00745308399900752,acompanhar
5221452,GO,Centro-Oeste,94.47,0.007419063523923204,acompanhar
5203609,GO,Centro-Oeste,90.96,0.007418650475326111,acompanhar
3122504,MG,Sudeste,73.35,0.007411299003929136,acompanhar
3162203,MG,Sudeste,84.26,0.007410090637164239,acompanhar
3146008,MG,Sudeste,84.81,0.007406664106054364,acompanhar
4118501,PR,Sul,71.14,0.007406651962303862,acompanhar
3123007,MG,Sudeste,76.43,0.007398403944050496,acompanhar
5213855,GO,Centro-Oeste,96.88,0.00739484785737666,acompanhar
3107604,MG,Sudeste,87.21,0.007387424650130536,acompanhar
3129004,MG,Sudeste,82.89,0.007353183152972904,acompanhar
3203205,ES,Sudeste,67.59,0.007344549787388882,acompanhar
3105103,MG,Sudeste,80.48,0.007338839175353023,acompanhar
2305704,CE,Nordeste,88.89,0.007283290589576795,acompanhar
3161601,MG,Sudeste,70.0,0.007271948140416212,acompanhar
4119806,PR,Sul,78.93,0.007265368784929046,acompanhar
3145109,MG,Sudeste,86.57,0.007264499953589611,acompanhar
5209101,GO,Centro-Oeste,77.63,0.007198952187866586,acompanhar
2308104,CE,Nordeste,84.55,0.007161369400222856,acompanhar
3149101,MG,Sudeste,85.5,0.007152931204422207,acompanhar
3108305,MG,Sudeste,81.21,0.007148489094310721,acompanhar
4113106,PR,Sul,77.98,0.007137811792177614,acompanhar
4111100,PR,Sul,86.9,0.007096250136035534,acompanhar
3111002,MG,Sudeste,81.73,0.00708594150121586,acompanhar
3156403,MG,Sudeste,70.69,0.007067169767794199,acompanhar
3133808,MG,Sudeste,88.76,0.007060212432985479,acompanhar
4107850,PR,Sul,85.55,0.007054577769588746,acompanhar
4128625,PR,Sul,68.04,0.007016752405963865,acompanhar
3109105,MG,Sudeste,82.56,0.0070096928336656145,acompanhar
5203302,GO,Centro-Oeste,62.27,0.006979728277154616,acompanhar
3202652,ES,Sudeste,81.49,0.00697599139058069,acompanhar
3103900,MG,Sudeste,88.5,0.006973242313566519,acompanhar
4107306,PR,Sul,60.84,0.006954146879159818,acompanhar
4120705,PR,Sul,90.26,0.006943617815286672,acompanhar
3203007,ES,Sudeste,67.97,0.006940604417665479,acompanhar
5203575,GO,Centro-Oeste,61.76,0.00691920608061559,acompanhar
3202306,ES,Sudeste,76.71,0.006916630746218751,acompanhar
4107207,PR,Sul,82.56,0.0068883592629218155,acompanhar
5221858,GO,Centro-Oeste,64.23,0.00687504264634834,acompanhar
5206305,GO,Centro-Oeste,82.2,0.006866956984305606,acompanhar
4107256,PR,Sul,68.96,0.006801484340505612,acompanhar
3155306,MG,Sudeste,98.05,0.006758127695279491,acompanhar
3166600,MG,Sudeste,90.0,0.006755781006895882,acompanhar
2302909,CE,Nordeste,87.35,0.006722380206448511,acompanhar
5200803,GO,Centro-Oeste,64.99,0.006719123023787528,acompanhar
3109907,MG,Sudeste,72.48,0.006715741417538979,acompanhar
3163904,MG,Sudeste,97.05,0.006693907476629586,acompanhar
3166402,MG,Sudeste,75.0,0.006679717349044715,acompanhar
2308401,CE,Nordeste,82.37,0.006657887379987883,acompanhar
5205208,GO,Centro-Oeste,87.17,0.006639370476879196,acompanhar
3152907,MG,Sudeste,88.36,0.0066392819171838665,acompanhar
3202801,ES,Sudeste,75.42,0.006635047628463207,acompanhar
4122107,PR,Sul,69.55,0.006629657061022522,acompanhar
3204005,ES,Sudeste,85.86,0.006625703760204635,acompanhar
5204102,GO,Centro-Oeste,78.35,0.006589655092186118,acompanhar
3203601,ES,Sudeste,84.09,0.00656386967113061,acompanhar
4122800,PR,Sul,93.11,0.0065613726637090385,acompanhar
3203106,ES,Sudeste,77.2,0.006561061376447601,acompanhar
4102000,PR,Sul,80.31,0.006558129264083006,acompanhar
5200050,GO,Centro-Oeste,64.46,0.0065486118186632485,acompanhar
3205200,ES,Sudeste,67.75,0.006545093272509883,acompanhar
4122701,PR,Sul,78.98,0.006510795253708987,acompanhar
5220280,GO,Centro-Oeste,86.36,0.0065047096792637486,acompanhar
3119955,MG,Sudeste,96.07,0.006500831259386426,acompanhar
4105300,PR,Sul,84.56,0.006485221870560257,acompanhar
3121803,MG,Sudeste,72.13,0.006478538787520395,acompanhar
5205521,GO,Centro-Oeste,58.9,0.0064109832530778324,acompanhar
3137205,MG,Sudeste,79.9,0.006408020885465943,acompanhar
5206909,GO,Centro-Oeste,83.12,0.00639813295861573,acompanhar
4127205,PR,Sul,89.1,0.0063823883439061094,acompanhar
3163201,MG,Sudeste,86.26,0.006373224040187293,acompanhar
2307502,CE,Nordeste,74.29,0.0063638201399272044,acompanhar
4126272,PR,Sul,85.49,0.006363719873123748,acompanhar
5202155,GO,Centro-Oeste,68.98,0.006348702069704948,acompanhar
3107000,MG,Sudeste,58.22,0.00634513063885566,acompanhar
5212501,GO,Centro-Oeste,66.27,0.006339646469398765,acompanhar
3143401,MG,Sudeste,74.18,0.006334453844758393,acompanhar
4103008,PR,Sul,92.95,0.006319406530058387,acompanhar
5209705,GO,Centro-Oeste,65.56,0.006314636515725826,acompanhar
5207535,GO,Centro-Oeste,70.81,0.006311590710207155,acompanhar
5209200,GO,Centro-Oeste,70.28,0.006273576002595291,acompanhar
3164407,MG,Sudeste,90.92,0.006264700892576138,acompanhar
3160959,MG,Sudeste,93.62,0.00625727108481166,acompanhar
3161908,MG,Sudeste,91.6,0.006241809993199072,acompanhar
5221908,GO,Centro-Oeste,84.78,0.006237322922513585,acompanhar
5218102,GO,Centro-Oeste,76.08,0.006236980566132125,acompanhar
4115853,PR,Sul,93.06,0.006196045435268996,acompanhar
3150802,MG,Sudeste,75.27,0.00617872864566634,acompanhar
3120409,MG,Sudeste,89.96,0.006153997615699857,acompanhar
5204508,GO,Centro-Oeste,62.94,0.006147324283564059,acompanhar
5212006,GO,Centro-Oeste,100.0,0.006142107964794176,acompanhar
5201801,GO,Centro-Oeste,62.84,0.006135949891325964,acompanhar
5210307,GO,Centro-Oeste,92.59,0.006122117725732519,acompanhar
3115359,MG,Sudeste,71.35,0.006115365665399937,acompanhar
3112000,MG,Sudeste,90.37,0.006075311453307721,acompanhar
3120607,MG,Sudeste,90.23,0.0060601023097859585,acompanhar
3102001,MG,Sudeste,85.54,0.006056528842135121,acompanhar
3117108,MG,Sudeste,78.53,0.006032423399443974,acompanhar
5215009,GO,Centro-Oeste,76.22,0.006029648026872374,acompanhar
3204203,ES,Sudeste,70.65,0.006025201445029829,acompanhar
3201605,ES,Sudeste,68.12,0.006016940524366061,acompanhar
3201001,ES,Sudeste,84.92,0.006013056115114934,acompanhar
3148905,MG,Sudeste,100.0,0.005954273568257264,acompanhar
3146404,MG,Sudeste,82.34,0.005880850571955446,acompanhar
3204054,ES,Sudeste,80.91,0.005876376608026264,acompanhar
3146602,MG,Sudeste,92.86,0.005868420093726378,acompanhar
3122702,MG,Sudeste,92.48,0.005856147933274497,acompanhar
4114203,PR,Sul,81.53,0.005821497409821845,acompanhar
3126000,MG,Sudeste,85.73,0.005817761669688414,acompanhar
4123501,PR,Sul,79.37,0.005815645742574094,acompanhar
5211008,GO,Centro-Oeste,73.21,0.005794265530657808,acompanhar
3104205,MG,Sudeste,88.86,0.0057838809276922545,acompanhar
4107405,PR,Sul,85.24,0.005775748105130917,acompanhar
5214002,GO,Centro-Oeste,66.57,0.00575046516158542,acompanhar
4125357,PR,Sul,90.23,0.00574668099991227,acompanhar
3200359,ES,Sudeste,83.48,0.005744412304146284,acompanhar
3205069,ES,Sudeste,82.2,0.005671834290368736,acompanhar
5208806,GO,Centro-Oeste,81.01,0.00563118792475222,acompanhar
5210802,GO,Centro-Oeste,82.86,0.005625221599998908,acompanhar
3205101,ES,Sudeste,68.8,0.005597661880548433,acompanhar
4121406,PR,Sul,79.84,0.005583334982121729,acompanhar
5202353,GO,Centro-Oeste,83.64,0.0055708065362539225,acompanhar
2311900,CE,Nordeste,81.55,0.005561674091707819,acompanhar
5210109,GO,Centro-Oeste,74.13,0.005528125608015921,acompanhar
3146503,MG,Sudeste,86.83,0.00551629391735993,acompanhar
3109253,MG,Sudeste,85.0,0.005511067597866034,acompanhar
3200169,ES,Sudeste,81.68,0.005484747700521115,acompanhar
3132909,MG,Sudeste,80.11,0.005478200488492539,acompanhar
3114303,MG,Sudeste,86.19,0.00547790483789446,acompanhar
3204807,ES,Sudeste,62.35,0.005456124176952149,acompanhar
3147709,MG,Sudeste,78.42,0.0054356167912722065,acompanhar
2308302,CE,Nordeste,79.33,0.005435309284074058,acompanhar
3205309,ES,Sudeste,73.2,0.0053837489008426095,acompanhar
3137502,MG,Sudeste,82.01,0.005366889116276799,acompanhar
3155702,MG,Sudeste,76.96,0.00535019826947755,acompanhar
4118402,PR,Sul,74.3,0.00534894094152653,acompanhar
5219712,GO,Centro-Oeste,91.64,0.00531462825790547,acompanhar
5200100,GO,Centro-Oeste,79.39,0.005280328083717627,acompanhar
3202454,ES,Sudeste,82.36,0.00525208993891138,acompanhar
3203403,ES,Sudeste,65.32,0.005245477463480022,acompanhar
5204953,GO,Centro-Oeste,82.8,0.005238029408161901,acompanhar
4110409,PR,Sul,69.81,0.005210481124576951,acompanhar
2309805,CE,Nordeste,91.18,0.005191194753996838,acompanhar
3138708,MG,Sudeste,97.5,0.005161245907730955,acompanhar
5201454,GO,Centro-Oeste,87.09,0.005101334581088108,acompanhar
3159209,MG,Sudeste,92.49,0.005080537493422536,acompanhar
2312601,CE,Nordeste,65.1,0.005068572561982965,acompanhar
3515905,SP,Sudeste,96.19,0.005039195608743139,acompanhar
3151008,MG,Sudeste,85.01,0.005038779303632561,acompanhar
5214051,GO,Centro-Oeste,94.04,0.005030920269817832,acompanhar
5212303,GO,Centro-Oeste,75.41,0.005010257692629186,acompanhar
5209606,GO,Centro-Oeste,83.54,0.004973184476677368,acompanhar
2301851,CE,Nordeste,76.25,0.00496679231021406,acompanhar
5214101,GO,Centro-Oeste,100.0,0.004953308448258826,acompanhar
3200904,ES,Sudeste,87.39,0.004862879241352402,acompanhar
5200308,GO,Centro-Oeste,75.79,0.004836464911378435,acompanhar
3204252,ES,Sudeste,80.01,0.004829155657114562,acompanhar
3201209,ES,Sudeste,71.69,0.004800844723732201,acompanhar
3202009,ES,Sudeste,81.34,0.004796501057592244,acompanhar
3204401,ES,Sudeste,77.38,0.004795777484036517,acompanhar
2308377,CE,Nordeste,85.6,0.004785479231674307,acompanhar
5221601,GO,Centro-Oeste,76.87,0.004776480356681864,acompanhar
3160405,MG,Sudeste,81.35,0.00475629066712752,acompanhar
3203908,ES,Sudeste,83.24,0.004746065765384935,acompanhar
3116407,MG,Sudeste,84.7,0.004737045177746711,acompanhar
5219803,GO,Centro-Oeste,65.94,0.004733897432449289,acompanhar
2303709,CE,Nordeste,69.01,0.00471067066102275,acompanhar
3117207,MG,Sudeste,76.67,0.004706153504280015,acompanhar
3202405,ES,Sudeste,75.99,0.004678142229143009,acompanhar
3133402,MG,Sudeste,77.3,0.00466849034995272,acompanhar
3203320,ES,Sudeste,69.4,0.0046498709493943005,acompanhar
5204854,GO,Centro-Oeste,84.62,0.004589874476499146,acompanhar
5218789,GO,Centro-Oeste,96.08,0.004579524120343991,acompanhar
3108701,MG,Sudeste,81.16,0.00457401034194339,acompanhar
5212907,GO,Centro-Oeste,83.33,0.004531876409335259,acompanhar
3203346,ES,Sudeste,86.57,0.0045200240129937876,acompanhar
3114501,MG,Sudeste,81.68,0.004504693608167715,acompanhar
4113601,PR,Sul,54.92,0.004493428660582998,acompanhar
3142106,MG,Sudeste,75.29,0.004483298713334019,acompanhar
2313708,CE,Nordeste,88.49,0.004456474874958001,acompanhar
3203502,ES,Sudeste,80.21,0.0044352305818212085,acompanhar
3162948,MG,Sudeste,75.22,0.004425828836067835,acompanhar
5205059,GO,Centro-Oeste,91.3,0.004424724490369438,acompanhar
4125308,PR,Sul,70.73,0.004412876080100276,acompanhar
4122305,PR,Sul,88.56,0.004388477915714744,acompanhar
3203809,ES,Sudeste,75.56,0.004370907387558686,acompanhar
3148103,MG,Sudeste,76.21,0.004364261493270873,acompanhar
2301703,CE,Nordeste,73.84,0.004362259097901515,acompanhar
5218052,GO,Centro-Oeste,75.38,0.004327002930150781,acompanhar
5219100,GO,Centro-Oeste,100.0,0.004311637048174229,acompanhar
3201159,ES,Sudeste,87.96,0.004303163959726279,acompanhar
5200605,GO,Centro-Oeste,60.2,0.004301717701767046,acompanhar
5206206,GO,Centro-Oeste,69.1,0.004298473185068619,acompanhar
3200805,ES,Sudeste,74.59,0.004278743844976057,acompanhar
2305266,CE,Nordeste,60.53,0.004265150998766037,acompanhar
2311306,CE,Nordeste,92.49,0.004256818446818491,acompanhar
3202207,ES,Sudeste,62.28,0.004232237380257402,acompanhar
2304806,CE,Nordeste,91.59,0.004230439878664532,acompanhar
5219704,GO,Centro-Oeste,96.08,0.004221815320659654,acompanhar
4101408,PR,Sul,78.78,0.00421307611120675,acompanhar
2311207,CE,Nordeste,91.04,0.0041682452924743625,acompanhar
5208707,GO,Centro-Oeste,69.49,0.004159132092479179,acompanhar
4124806,PR,Sul,87.16,0.0041400302961178415,acompanhar
2304954,CE,Nordeste,79.83,0.004137691256728014,acompanhar
5222054,GO,Centro-Oeste,84.21,0.004129417638757123,acompanhar
5204003,GO,Centro-Oeste,93.81,0.004114943675660283,acompanhar
5221403,GO,Centro-Oeste,77.21,0.004101804836390846,acompanhar
5216007,GO,Centro-Oeste,84.18,0.004075518841470365,acompanhar
4128005,PR,Sul,77.6,0.004050906457882774,acompanhar
2305308,CE,Nordeste,97.38,0.004036543156553046,acompanhar
5217401,GO,Centro-Oeste,80.88,0.004035198785232478,acompanhar
2301802,CE,Nordeste,91.67,0.004027434105144528,acompanhar
3168903,MG,Sudeste,81.76,0.004016515426309379,acompanhar
3200201,ES,Sudeste,83.48,0.004006615364721772,acompanhar
3135308,MG,Sudeste,78.49,0.00400087562866169,acompanhar
3204351,ES,Sudeste,83.06,0.0039687276254516375,acompanhar
2313757,CE,Nordeste,82.27,0.003937913446370467,acompanhar
4102208,PR,Sul,88.32,0.0039325245146245935,acompanhar
3165008,MG,Sudeste,94.92,0.003928184443850232,acompanhar
3201506,ES,Sudeste,77.5,0.00392340271955048,acompanhar
5200134,GO,Centro-Oeste,81.48,0.0038991369022844708,acompanhar
2302701,CE,Nordeste,82.79,0.0038989865289769743,acompanhar
5214838,GO,Centro-Oeste,71.87,0.0038499788906311335,acompanhar
4125555,PR,Sul,73.08,0.0038233966065313167,acompanhar
3205150,ES,Sudeste,61.4,0.0038030569901390454,acompanhar
5213756,GO,Centro-Oeste,78.69,0.0037969732420281765,acompanhar
5215256,GO,Centro-Oeste,94.54,0.0037934181946541155,acompanhar
5218300,GO,Centro-Oeste,80.95,0.003786566081397205,acompanhar
3142403,MG,Sudeste,81.94,0.003783895565974179,acompanhar
5218391,GO,Centro-Oeste,77.25,0.0037821767102813875,acompanhar
4108106,PR,Sul,78.57,0.0037761802728992146,acompanhar
5214408,GO,Centro-Oeste,83.94,0.0037307171676930007,acompanhar
3204104,ES,Sudeste,82.38,0.003717431995622482,acompanhar
5214861,GO,Centro-Oeste,87.68,0.0037156232138489263,acompanhar
2609709,PE,Nordeste,91.54,0.0037135789582915103,acompanhar
5200506,GO,Centro-Oeste,90.91,0.0036764520919287795,acompanhar
5216403,GO,Centro-Oeste,67.88,0.0036339038738478968,acompanhar
5206602,GO,Centro-Oeste,72.73,0.0036196794111142522,acompanhar
5201504,GO,Centro-Oeste,65.8,0.0035824346271793495,acompanhar
2300309,CE,Nordeste,64.59,0.0035443870844400907,acompanhar
5220207,GO,Centro-Oeste,91.4,0.0035240563114566767,acompanhar
5205802,GO,Centro-Oeste,80.7,0.003501396017360477,acompanhar
5220504,GO,Centro-Oeste,66.65,0.003494844553932732,acompanhar
3205176,ES,Sudeste,76.41,0.0034765312925693946,acompanhar
5203962,GO,Centro-Oeste,85.08,0.003459588004467425,acompanhar
3204559,ES,Sudeste,79.8,0.0034357863260307286,acompanhar
5212709,GO,Centro-Oeste,68.27,0.003426722497112804,acompanhar
2309706,CE,Nordeste,78.36,0.00341526582876348,acompanhar
2301208,CE,Nordeste,90.87,0.003413747858613917,acompanhar
5217302,GO,Centro-Oeste,64.06,0.003406512877805263,acompanhar
3122801,MG,Sudeste,84.85,0.0033587588205667633,acompanhar
3119906,MG,Sudeste,100.0,0.003355010761170748,acompanhar
3204658,ES,Sudeste,84.74,0.003352332333504227,acompanhar
2307304,CE,Nordeste,59.48,0.0033480014239959804,acompanhar
3125200,MG,Sudeste,86.96,0.003326531244884391,acompanhar
3169059,MG,Sudeste,93.75,0.003325536197131783,acompanhar
5201702,GO,Centro-Oeste,72.16,0.003319598012035498,acompanhar
5204409,GO,Centro-Oeste,84.82,0.0033052399657352866,acompanhar
5215801,GO,Centro-Oeste,64.71,0.003276767088924566,acompanhar
5201108,GO,Centro-Oeste,73.22,0.0032722340232973967,acompanhar
5205406,GO,Centro-Oeste,94.51,0.003260353164756541,acompanhar
5203500,GO,Centro-Oeste,81.51,0.0032339459563847494,acompanhar
5212105,GO,Centro-Oeste,67.17,0.0032260276056091507,acompanhar
3201704,ES,Sudeste,84.19,0.0032211089042998567,acompanhar
3204708,ES,Sudeste,80.69,0.003205075104367286,acompanhar
2300408,CE,Nordeste,75.83,0.0031893606716497953,acompanhar
5210901,GO,Centro-Oeste,85.28,0.0031322031743181928,acompanhar
2313252,CE,Nordeste,91.6,0.0031233521967791106,acompanhar
3201407,ES,Sudeste,82.7,0.003120095209895653,acompanhar
5209150,GO,Centro-Oeste,81.36,0.003098231190730056,acompanhar
5210406,GO,Centro-Oeste,81.22,0.0030980000344972974,acompanhar
5211206,GO,Centro-Oeste,85.1,0.0030719910401615686,acompanhar
3149408,MG,Sudeste,100.0,0.0030492822576860053,acompanhar
4120408,PR,Sul,62.98,0.0030261258334739003,acompanhar
3203700,ES,Sudeste,82.24,0.0030117231105051437,acompanhar
2303204,CE,Nordeste,82.61,0.003010861810237804,acompanhar
2307106,CE,Nordeste,70.8,0.003003595069332809,acompanhar
5213103,GO,Centro-Oeste,84.01,0.0030000565921348647,acompanhar
5214507,GO,Centro-Oeste,71.18,0.0029975977590665386,acompanhar
5221007,GO,Centro-Oeste,75.0,0.002988646803800537,acompanhar
4117404,PR,Sul,57.5,0.0029876088570740906,acompanhar
2307635,CE,Nordeste,95.31,0.0029824269366331693,acompanhar
5215405,GO,Centro-Oeste,96.61,0.002981916597429085,acompanhar
5211602,GO,Centro-Oeste,73.91,0.0029661714029561503,acompanhar
5204607,GO,Centro-Oeste,93.62,0.002939976782111077,acompanhar
5218706,GO,Centro-Oeste,100.0,0.0029308847572166695,acompanhar
3205036,ES,Sudeste,72.05,0.0029217433391314396,acompanhar
5212956,GO,Centro-Oeste,52.82,0.002918216381607368,acompanhar
4112207,PR,Sul,77.3,0.002877192467554008,acompanhar
5208400,GO,Centro-Oeste,68.02,0.0028576491631967338,acompanhar
2313500,CE,Nordeste,91.78,0.0028452299527451704,acompanhar
5211909,GO,Centro-Oeste,69.92,0.0028249443775684295,acompanhar
2309102,CE,Nordeste,88.89,0.0028221963248298704,acompanhar
3202108,ES,Sudeste,94.7,0.0028126971923393166,acompanhar
5211701,GO,Centro-Oeste,80.25,0.002800027098687259,acompanhar
5212808,GO,Centro-Oeste,87.78,0.002792888282639451,acompanhar
2313807,CE,Nordeste,82.16,0.0027746609093826126,acompanhar
2313559,CE,Nordeste,95.29,0.002751580448393051,acompanhar
2302305,CE,Nordeste,97.83,0.0027414603462184396,acompanhar
5214705,GO,Centro-Oeste,95.24,0.0027140142627552124,acompanhar
2302107,CE,Nordeste,86.78,0.002707923441887406,acompanhar
5219738,GO,Centro-Oeste,82.91,0.0026993896331648243,acompanhar
2300754,CE,Nordeste,82.28,0.002695858399283851,acompanhar
2309508,CE,Nordeste,90.75,0.002691777817465935,acompanhar
4126405,PR,Sul,90.98,0.0026264877156243803,acompanhar
2304202,CE,Nordeste,95.37,0.0025866568896595926,acompanhar
2300150,CE,Nordeste,81.21,0.00257806689096735,acompanhar
2305506,CE,Nordeste,63.35,0.0025761729474096115,acompanhar
2301604,CE,Nordeste,98.08,0.0025753254657055235,acompanhar
2300200,CE,Nordeste,97.71,0.0025661382290076344,acompanhar
5204250,GO,Centro-Oeste,79.19,0.002554152983757985,acompanhar
5203559,GO,Centro-Oeste,86.32,0.0025465059170972416,acompanhar
5214606,GO,Centro-Oeste,80.22,0.0025412426953305696,acompanhar
3200607,ES,Sudeste,74.36,0.002533912990178123,acompanhar
3204609,ES,Sudeste,82.16,0.0024772498297250573,acompanhar
2301901,CE,Nordeste,87.92,0.002473500613877018,acompanhar
5222302,GO,Centro-Oeste,79.46,0.002464993941437967,acompanhar
5217203,GO,Centro-Oeste,68.65,0.002448017031527174,acompanhar
5205109,GO,Centro-Oeste,76.88,0.0024439124486312818,acompanhar
5219258,GO,Centro-Oeste,92.78,0.0024426403915817616,acompanhar
4116505,PR,Sul,43.75,0.0024423891869609984,acompanhar
5219605,GO,Centro-Oeste,91.67,0.002440900748217894,acompanhar
2308708,CE,Nordeste,76.09,0.0024244456825186266,acompanhar
2311355,CE,Nordeste,88.46,0.002408549554220431,acompanhar
3202504,ES,Sudeste,81.16,0.002406990624833396,acompanhar
2301307,CE,Nordeste,77.22,0.002400372637413604,acompanhar
5217104,GO,Centro-Oeste,71.69,0.0023938646018703065,acompanhar
2310407,CE,Nordeste,94.2,0.0023772287365716478,acompanhar
5200902,GO,Centro-Oeste,80.65,0.002372838110922702,acompanhar
3155009,MG,Sudeste,90.43,0.002370110576913316,acompanhar
2311264,CE,Nordeste,99.49,0.0023550917960618047,acompanhar
5205000,GO,Centro-Oeste,85.78,0.0023499244092120603,acompanhar
5221304,GO,Centro-Oeste,84.05,0.002349142834135791,acompanhar
5219209,GO,Centro-Oeste,85.78,0.0023107284712629104,acompanhar
5217708,GO,Centro-Oeste,86.03,0.0023071082207909944,acompanhar
5204201,GO,Centro-Oeste,64.29,0.0023004492045986618,acompanhar
5213707,GO,Centro-Oeste,75.02,0.002271941147675017,acompanhar
3200409,ES,Sudeste,88.41,0.0022685486678493106,acompanhar
5215702,GO,Centro-Oeste,81.01,0.0022632665760288946,acompanhar
5204706,GO,Centro-Oeste,81.71,0.0022487160763588407,acompanhar
5209937,GO,Centro-Oeste,87.01,0.002238558307121446,acompanhar
2314102,CE,Nordeste,90.22,0.00222890041792875,acompanhar
5204805,GO,Centro-Oeste,77.6,0.0022261133585198727,acompanhar
5220157,GO,Centro-Oeste,85.76,0.0022249813941433954,acompanhar
2311959,CE,Nordeste,98.39,0.0022074569566923295,acompanhar
3200136,ES,Sudeste,94.55,0.0021912512289008427,acompanhar
2300903,CE,Nordeste,74.45,0.002183648355713419,acompanhar
5216809,GO,Centro-Oeste,85.41,0.0021835936743782912,acompanhar
3200102,ES,Sudeste,95.4,0.0021737943077983785,acompanhar
5213087,GO,Centro-Oeste,81.44,0.0021728643737199426,acompanhar
2304707,CE,Nordeste,97.78,0.0021721729365770607,acompanhar
5219407,GO,Centro-Oeste,83.33,0.002168782452823142,acompanhar
2311108,CE,Nordeste,92.09,0.0021605929530918227,acompanhar
2308906,CE,Nordeste,97.77,0.0021582201676657517,acompanhar
5200555,GO,Centro-Oeste,72.47,0.0021550614770692493,acompanhar
2310100,CE,Nordeste,94.31,0.0021507319395502565,acompanhar
5213806,GO,Centro-Oeste,65.87,0.0021461409092898213,acompanhar
2307650,CE,Nordeste,84.92,0.0021369679694928697,acompanhar
2313401,CE,Nordeste,86.1,0.002119162930759884,acompanhar
3202256,ES,Sudeste,77.12,0.002117956392613682,acompanhar
5205455,GO,Centro-Oeste,69.63,0.0021099521251596773,acompanhar
2306702,CE,Nordeste,93.66,0.002103999532136531,acompanhar
2310852,CE,Nordeste,88.62,0.0020968992239173566,acompanhar
3203353,ES,Sudeste,78.31,0.002086289761625519,acompanhar
2303006,CE,Nordeste,98.73,0.002085173259879421,acompanhar
5202809,GO,Centro-Oeste,100.0,0.002031032248552639,acompanhar
2310704,CE,Nordeste,91.29,0.002029216145571024,acompanhar
2302404,CE,Nordeste,90.36,0.0020235357962433455,acompanhar
5220264,GO,Centro-Oeste,67.1,0.002021388221189319,acompanhar
2301505,CE,Nordeste,76.0,0.0020073919243084916,acompanhar
5222005,GO,Centro-Oeste,89.5,0.0020073878186233555,acompanhar
2313351,CE,Nordeste,80.16,0.0019949161073396816,acompanhar
2301950,CE,Nordeste,91.15,0.0019920014492228444,acompanhar
5218805,GO,Centro-Oeste,89.88,0.0019678220082433293,acompanhar
3203304,ES,Sudeste,95.06,0.001967526004596288,acompanhar
3203130,ES,Sudeste,77.28,0.0019583819474492527,acompanhar
5215306,GO,Centro-Oeste,77.75,0.0019576340698787224,acompanhar
2304350,CE,Nordeste,100.0,0.0019504478855102065,acompanhar
2306009,CE,Nordeste,84.18,0.0019421559954266292,acompanhar
5207253,GO,Centro-Oeste,83.34,0.0019400480319296594,acompanhar
2301406,CE,Nordeste,80.42,0.0019393279842473657,acompanhar
2313302,CE,Nordeste,92.01,0.0019239231406810316,acompanhar
5211800,GO,Centro-Oeste,83.96,0.0019144923387587978,acompanhar
2302800,CE,Nordeste,95.0,0.0019027271522712586,acompanhar
4125803,PR,Sul,85.66,0.001893518101203838,acompanhar
3170602,MG,Sudeste,69.23,0.0018925348751463267,acompanhar
2308807,CE,Nordeste,92.86,0.0018908653890786044,acompanhar
2301000,CE,Nordeste,83.99,0.0018779436673718721,acompanhar
2310605,CE,Nordeste,63.67,0.0018758994675417934,acompanhar
2306405,CE,Nordeste,88.96,0.0018699223217258478,acompanhar
2307700,CE,Nordeste,81.66,0.0018656338998215482,acompanhar
2305803,CE,Nordeste,86.66,0.0018644915776516492,acompanhar
5201207,GO,Centro-Oeste,81.25,0.0018547702172540558,acompanhar
5220603,GO,Centro-Oeste,91.2,0.0018459998267140044,acompanhar
5200852,GO,Centro-Oeste,78.87,0.0018360004575961573,acompanhar
4121257,PR,Sul,77.23,0.0018323267451591553,acompanhar
2305902,CE,Nordeste,99.54,0.0018313294086214904,acompanhar
5210000,GO,Centro-Oeste,87.57,0.001822191121469675,acompanhar
5206404,GO,Centro-Oeste,78.62,0.001821158884811933,acompanhar
2307403,CE,Nordeste,90.28,0.0018110713029367614,acompanhar
5207402,GO,Centro-Oeste,72.29,0.0018057982083086069,acompanhar
2310258,CE,Nordeste,93.78,0.0017988851883727294,acompanhar
5200209,GO,Centro-Oeste,78.26,0.0017929620881985966,acompanhar
5214804,GO,Centro-Oeste,84.21,0.0017852497039358979,acompanhar
2301109,CE,Nordeste,91.16,0.0017792396506478494,acompanhar
5206503,GO,Centro-Oeste,72.38,0.0017729755787426545,acompanhar
5221502,GO,Centro-Oeste,80.7,0.0017525216963491985,acompanhar
3203163,ES,Sudeste,87.5,0.0017469208286866006,acompanhar
5209804,GO,Centro-Oeste,72.5,0.0017455382825309824,acompanhar
2302008,CE,Nordeste,63.94,0.0016955012343614494,acompanhar
5203104,GO,Centro-Oeste,89.49,0.0016863784784673954,acompanhar
5205513,GO,Centro-Oeste,88.6,0.0016750956484416156,acompanhar
2308609,CE,Nordeste,99.36,0.0016611207069690945,acompanhar
5219001,GO,Centro-Oeste,91.82,0.001648652322797288,acompanhar
3201902,ES,Sudeste,81.13,0.0016341941636269235,acompanhar
2309458,CE,Nordeste,84.77,0.0016318562443150724,acompanhar
2306900,CE,Nordeste,89.25,0.0016249953239747623,acompanhar
2303402,CE,Nordeste,83.8,0.0016027511199499904,acompanhar
3202603,ES,Sudeste,75.87,0.001584811309525377,acompanhar
2300101,CE,Nordeste,91.49,0.0015788930400698498,acompanhar
2303808,CE,Nordeste,98.77,0.0015714617745735398,acompanhar
2306603,CE,Nordeste,99.06,0.0015710574256451641,acompanhar
5209952,GO,Centro-Oeste,82.75,0.0015671160363598044,acompanhar
2306108,CE,Nordeste,96.76,0.001545111539983977,acompanhar
2312007,CE,Nordeste,98.26,0.0015434331748725317,acompanhar
5218607,GO,Centro-Oeste,97.03,0.0015369930700944241,acompanhar
2306553,CE,Nordeste,92.49,0.0015345842617382798,acompanhar
5213400,GO,Centro-Oeste,84.62,0.0015266323721950378,acompanhar
2313104,CE,Nordeste,84.32,0.0015226814989819796,acompanhar
5215652,GO,Centro-Oeste,74.42,0.0015078863325441885,acompanhar
5220702,GO,Centro-Oeste,79.41,0.001505279407392431,acompanhar
5205471,GO,Centro-Oeste,87.51,0.0014829187013787088,acompanhar
5213004,GO,Centro-Oeste,83.79,0.001481915141930792,acompanhar
5220405,GO,Centro-Oeste,82.29,0.0014797559941870774,acompanhar
2312809,CE,Nordeste,99.12,0.0014715759116611705,acompanhar
5208905,GO,Centro-Oeste,87.52,0.0014692482482296075,acompanhar
2313609,CE,Nordeste,95.13,0.0014615538769232736,acompanhar
4107801,PR,Sul,85.2,0.0014584629398309977,acompanhar
3200300,ES,Sudeste,87.55,0.001457898541078552,acompanhar
2303931,CE,Nordeste,95.42,0.0014493545526938015,acompanhar
5214903,GO,Centro-Oeste,71.43,0.0014447808671092953,acompanhar
5216908,GO,Centro-Oeste,80.87,0.0014409714380458616,acompanhar
2300804,CE,Nordeste,94.51,0.001408377256525546,acompanhar
2311603,CE,Nordeste,92.45,0.0014054858593469262,acompanhar
2303907,CE,Nordeste,91.5,0.0014025190388080463,acompanhar
5219506,GO,Centro-Oeste,100.0,0.001402181264965577,acompanhar
5209457,GO,Centro-Oeste,95.65,0.0013853685530615853,acompanhar
5220108,GO,Centro-Oeste,76.27,0.001382614655797991,acompanhar
3202702,ES,Sudeste,87.99,0.0013808107679527434,acompanhar
3103801,MG,Sudeste,92.02,0.001356723528143598,acompanhar
2311801,CE,Nordeste,94.59,0.0013460839798656598,acompanhar
5207808,GO,Centro-Oeste,70.8,0.0013445388615773472,acompanhar
5221700,GO,Centro-Oeste,97.73,0.0013278266074453911,acompanhar
3202900,ES,Sudeste,82.15,0.0013126824897650667,acompanhar
5218904,GO,Centro-Oeste,87.69,0.0013121429273454202,acompanhar
2306256,CE,Nordeste,85.11,0.0013078900186441428,acompanhar
2305100,CE,Nordeste,95.86,0.0012595383393473145,acompanhar
2302206,CE,Nordeste,81.6,0.0012447150594162171,acompanhar
2307007,CE,Nordeste,88.24,0.0012304443314896697,acompanhar
5209291,GO,Centro-Oeste,95.32,0.0012248420521484584,acompanhar
5219902,GO,Centro-Oeste,75.57,0.0012235298468258912,acompanhar
2313955,CE,Nordeste,98.06,0.0012234401229679005,acompanhar
3204955,ES,Sudeste,89.65,0.0012166583013233717,acompanhar
2312403,CE,Nordeste,85.78,0.0012101444117980464,acompanhar
2304301,CE,Nordeste,96.0,0.0011950029554425015,acompanhar
2312205,CE,Nordeste,95.08,0.0011936130495325782,acompanhar
2306306,CE,Nordeste,89.55,0.0011704017723550306,acompanhar
5221809,GO,Centro-Oeste,66.86,0.0011694098663998969,acompanhar
5212204,GO,Centro-Oeste,79.77,0.0011529282785895868,acompanhar
5206800,GO,Centro-Oeste,97.08,0.0011524351061226307,acompanhar
5212600,GO,Centro-Oeste,71.43,0.001151491547796658,acompanhar
2304608,CE,Nordeste,97.65,0.0011382836302539121,acompanhar
2307205,CE,Nordeste,77.45,0.001133247827799431,acompanhar
2304004,CE,Nordeste,100.0,0.0011278361203662885,acompanhar
2314003,CE,Nordeste,90.9,0.00112462279161332,acompanhar
5208103,GO,Centro-Oeste,86.67,0.001104952447753016,acompanhar
5213905,GO,Centro-Oeste,100.0,0.001096730428834918,acompanhar
2311009,CE,Nordeste,100.0,0.0010948980468659007,acompanhar
2305332,CE,Nordeste,96.67,0.0010825493498977377,acompanhar
5204300,GO,Centro-Oeste,91.38,0.0010823726491949392,acompanhar
5201603,GO,Centro-Oeste,93.21,0.001060415628572609,acompanhar
2312502,CE,Nordeste,95.98,0.0010435315692051794,acompanhar
5218508,GO,Centro-Oeste,80.29,0.0010423739058763484,acompanhar
2302602,CE,Nordeste,94.08,0.001004882769496394,acompanhar
2305357,CE,Nordeste,76.34,0.0010040920063308905,acompanhar
2311231,CE,Nordeste,97.47,0.0010001251356975783,acompanhar
2309607,CE,Nordeste,87.91,0.0009550928826719725,acompanhar
2305209,CE,Nordeste,96.11,0.000953199621934432,acompanhar
5211305,GO,Centro-Oeste,83.26,0.0009374684871986418,acompanhar
5208608,GO,Centro-Oeste,82.28,0.000932207137177996,acompanhar
2303105,CE,Nordeste,98.77,0.0009170124357386337,acompanhar
2308500,CE,Nordeste,93.51,0.0008994667666724199,acompanhar
2307601,CE,Nordeste,89.65,0.0008853414451747997,acompanhar
2311504,CE,Nordeste,93.13,0.0008843667887039051,acompanhar
5219357,GO,Centro-Oeste,77.97,0.0008656797507548962,acompanhar
5216452,GO,Centro-Oeste,77.78,0.0008599997517496158,acompanhar
5211503,GO,Centro-Oeste,74.44,0.0008487197070826825,acompanhar
2310001,CE,Nordeste,74.59,0.0008418898692400063,acompanhar
2310209,CE,Nordeste,95.08,0.0008334749021228978,acompanhar
5215900,GO,Centro-Oeste,82.81,0.0008262232118210235,acompanhar
2303600,CE,Nordeste,81.25,0.0008243638840677452,acompanhar
2302503,CE,Nordeste,95.4,0.0008216515576916862,acompanhar
5210158,GO,Centro-Oeste,96.55,0.0008176944727597963,acompanhar
5220058,GO,Centro-Oeste,87.5,0.0008147931733283313,acompanhar
2313203,CE,Nordeste,98.31,0.000799231231689751,acompanhar
2310308,CE,Nordeste,88.35,0.0007918325956439977,acompanhar
2303956,CE,Nordeste,97.15,0.000785274443674213,acompanhar
2304236,CE,Nordeste,99.14,0.0007812986637307437,acompanhar
5203203,GO,Centro-Oeste,77.88,0.0007657556587878712,acompanhar
5202502,GO,Centro-Oeste,90.33,0.00076267554993546,acompanhar
2303501,CE,Nordeste,82.6,0.0007524682538823181,acompanhar
5212253,GO,Centro-Oeste,76.19,0.0007257647803527824,acompanhar
5201306,GO,Centro-Oeste,98.09,0.0007163441424200362,acompanhar
2303303,CE,Nordeste,95.26,0.0007151408247546083,acompanhar
5216304,GO,Centro-Oeste,97.01,0.0007137752200130531,acompanhar
5207501,GO,Centro-Oeste,98.0,0.0007070292566396526,acompanhar
5212055,GO,Centro-Oeste,100.0,0.0006999667233342106,acompanhar
2304103,CE,Nordeste,97.31,0.0006776061780118206,acompanhar
2306801,CE,Nordeste,93.88,0.000668524050846174,acompanhar
2304459,CE,Nordeste,93.28,0.0006673042620118393,acompanhar
2305233,CE,Nordeste,96.2,0.0006665842384381074,acompanhar
2307809,CE,Nordeste,96.66,0.0006391891231720835,acompanhar
5203807,GO,Centro-Oeste,92.82,0.0006330655324782084,acompanhar
5207105,GO,Centro-Oeste,77.27,0.0006296966104591269,acompanhar
5210562,GO,Centro-Oeste,77.71,0.0006189350493367763,acompanhar
5205901,GO,Centro-Oeste,82.63,0.0006179069482078705,acompanhar
2304277,CE,Nordeste,95.0,0.0006145220350209709,acompanhar
2307908,CE,Nordeste,99.24,0.0006090647047415551,acompanhar
2305654,CE,Nordeste,99.16,0.0006062902428013597,acompanhar
5207600,GO,Centro-Oeste,100.0,0.0005676458799475335,acompanhar
5203906,GO,Centro-Oeste,64.95,0.00056412858595151,acompanhar
2310803,CE,Nordeste,93.44,0.0005639712062565793,acompanhar
5215207,GO,Centro-Oeste,54.84,0.000523793671744007,acompanhar
5214879,GO,Centro-Oeste,95.12,0.0005202133942276006,acompanhar
2309904,CE,Nordeste,100.0,0.0005148731497224312,acompanhar
5205703,GO,Centro-Oeste,100.0,0.0005137208296845233,acompanhar
2300606,CE,Nordeste,88.52,0.0004963921779053424,acompanhar
2306504,CE,Nordeste,92.57,0.0004929989046078051,acompanhar
5211404,GO,Centro-Oeste,94.51,0.0004818102762552883,acompanhar
4126355,PR,Sul,82.66,0.0004585533025963732,acompanhar
2300705,CE,Nordeste,94.16,0.0004250895312034607,acompanhar
2309300,CE,Nordeste,99.64,0.00041878571340462685,acompanhar
2309201,CE,Nordeste,99.53,0.00041491990074017323,acompanhar
2313005,CE,Nordeste,98.96,0.00041471187085176126,acompanhar
2308005,CE,Nordeste,95.03,0.0003971804815402219,acompanhar
5210604,GO,Centro-Oeste,89.89,0.00039546171244172606,acompanhar
5215504,GO,Centro-Oeste,90.09,0.0003867520707790815,acompanhar
2304285,CE,Nordeste,93.91,0.00038111339006979394,acompanhar
2306207,CE,Nordeste,96.74,0.0003702333839784644,acompanhar
2312304,CE,Nordeste,95.11,0.0003675181753403866,acompanhar
5210208,GO,Centro-Oeste,83.04,0.00036397612983524576,acompanhar
2308203,CE,Nordeste,98.21,0.0003490834812011251,acompanhar
2302057,CE,Nordeste,95.7,0.0003439411163633615,acompanhar
5203939,GO,Centro-Oeste,96.46,0.0003434896616250157,acompanhar
2305001,CE,Nordeste,95.65,0.00032257924176090175,acompanhar
2304905,CE,Nordeste,96.95,0.0003099632737837548,acompanhar
2310902,CE,Nordeste,100.0,0.00028666675282226263,acompanhar
2311405,CE,Nordeste,98.76,0.00025092520650512635,acompanhar
2312700,CE,Nordeste,98.44,0.00021657066169681848,acompanhar
2311702,CE,Nordeste,98.5,0.0001896694668623191,acompanhar
5219456,GO,Centro-Oeste,95.83,0.00017451201764325192,acompanhar
2300507,CE,Nordeste,99.05,0.00016971230632386642,acompanhar
2312908,CE,Nordeste,98.58,0.0001587997058667669,acompanhar
2310506,CE,Nordeste,99.7,0.00013995843631068762,acompanhar
2308351,CE,Nordeste,97.92,0.00011553891026800384,acompanhar
2305605,CE,Nordeste,98.62,0.00011505274005151625,acompanhar
2313906,CE,Nordeste,99.01,0.00010671739575176671,acompanhar
2304269,CE,Nordeste,98.82,9.888415848286435e-05,acompanhar
2309409,CE,Nordeste,100.0,8.388907820714875e-05,acompanhar
2307254,CE,Nordeste,98.03,5.598091906358131e-05,acompanhar
2304509,CE,Nordeste,98.18,5.42381883472481e-05,acompanhar
2304657,CE,Nordeste,100.0,5.402143696765333e-05,acompanhar
2310951,CE,Nordeste,100.0,5.349535581348186e-05,acompanhar
2303659,CE,Nordeste,100.0,4.912275061666678e-05,acompanhar
2301257,CE,Nordeste,99.34,4.698876903564777e-05,acompanhar
2309003,CE,Nordeste,98.82,3.4176919762926364e-05,acompanhar
2304251,CE,Nordeste,98.93,3.1302812757808984e-05,acompanhar
